algoritmo,configuracion,archivo,N,P,corrida,semilla,costoFinal,solucion,conflictosMachoMacho,conflictosMachoHembraCelo,enfermosFueraPrimeraFila,tiempoMs,solucionesEvaluadas,temperatura_inicial,temperatura_minima,alpha,iteraciones_por_temperatura
SimulatedAnnealing,T50_a0.5_i10,large_01.txt,10,100,1,42,1230,"[15, 21, 40, 9, 39, 77, 1, 16, 87, 56, 28, 81, 14, 45, 17, 35, 27, 26, 22, 95, 64, 72, 32, 2, 60, 13, 43, 52, 6, 33, 44, 73, 0, 79, 74, 11, 96, 5, 85, 46, 75, 23, 65, 71, 18, 38, 61, 58, 7, 62, 47, 70, 36, 51, 98, 66, 49, 19, 30, 12, 93, 94, 67, 10, 29, 78, 63, 4, 55, 31, 24, 90, 68, 59, 53, 89, 8, 42, 84, 50, 37, 3, 48, 82, 80, 83, 54, 41, 57, 91, 86, 34, 97, 69, 25, 92, 88, 76, 99, 20]",50,27,23,180.493,131,50,0.01,0.5,10
SimulatedAnnealing,T50_a0.5_i10,large_01.txt,10,100,2,7,1180,"[20, 25, 31, 52, 78, 81, 26, 21, 82, 1, 6, 8, 61, 55, 47, 49, 91, 7, 4, 79, 73, 64, 74, 15, 14, 48, 36, 68, 16, 33, 65, 45, 99, 5, 88, 62, 59, 71, 57, 39, 97, 87, 34, 60, 84, 41, 96, 2, 63, 66, 27, 13, 58, 98, 92, 44, 10, 12, 54, 38, 56, 18, 35, 22, 17, 89, 37, 70, 42, 29, 67, 80, 76, 77, 43, 69, 94, 3, 72, 9, 85, 51, 0, 90, 28, 86, 53, 95, 30, 19, 23, 11, 24, 93, 32, 40, 83, 50, 46, 75]",40,30,24,189.836,131,50,0.01,0.5,10
SimulatedAnnealing,T50_a0.5_i10,large_01.txt,10,100,3,13,1260,"[77, 59, 24, 72, 89, 5, 75, 21, 6, 43, 20, 11, 74, 69, 73, 79, 2, 80, 78, 52, 83, 99, 56, 58, 51, 84, 10, 12, 50, 15, 22, 68, 25, 19, 70, 92, 88, 8, 49, 14, 47, 71, 76, 81, 30, 35, 41, 90, 37, 31, 62, 39, 42, 7, 53, 96, 29, 86, 38, 4, 16, 3, 48, 91, 27, 46, 36, 0, 63, 44, 32, 85, 94, 57, 93, 17, 82, 60, 1, 9, 28, 55, 34, 33, 18, 26, 61, 13, 45, 64, 67, 54, 40, 95, 66, 23, 97, 87, 65, 98]",41,35,25,187.299,131,50,0.01,0.5,10
SimulatedAnnealing,T50_a0.5_i10,large_01.txt,10,100,4,99,1240,"[28, 68, 7, 20, 85, 58, 52, 65, 5, 86, 99, 45, 87, 66, 81, 24, 98, 63, 82, 88, 15, 2, 29, 41, 70, 0, 30, 8, 62, 9, 95, 55, 96, 22, 53, 26, 46, 1, 50, 69, 57, 90, 77, 37, 92, 31, 27, 42, 97, 54, 72, 3, 43, 12, 33, 94, 44, 73, 4, 59, 84, 18, 35, 74, 93, 11, 17, 60, 34, 21, 10, 83, 23, 13, 40, 80, 89, 47, 36, 91, 78, 14, 48, 75, 16, 61, 25, 71, 49, 38, 76, 39, 67, 19, 51, 56, 32, 79, 64, 6]",44,32,24,181.36,131,50,0.01,0.5,10
SimulatedAnnealing,T50_a0.5_i10,large_01.txt,10,100,5,1234,1170,"[24, 80, 16, 36, 95, 21, 78, 98, 40, 35, 73, 14, 63, 48, 53, 69, 72, 58, 29, 55, 83, 3, 15, 89, 65, 0, 51, 61, 5, 97, 32, 47, 86, 81, 37, 11, 70, 75, 30, 49, 90, 64, 74, 96, 84, 60, 26, 28, 22, 33, 50, 46, 68, 94, 17, 56, 76, 44, 57, 87, 2, 12, 20, 9, 45, 6, 39, 13, 91, 8, 31, 62, 66, 1, 82, 18, 85, 59, 19, 27, 92, 79, 43, 93, 52, 67, 42, 34, 54, 7, 10, 23, 41, 99, 38, 4, 77, 88, 71, 25]",48,21,24,204.919,131,50,0.01,0.5,10
SimulatedAnnealing,T50_a0.5_i10,large_01.txt,10,100,6,555,1280,"[17, 95, 49, 84, 60, 21, 46, 76, 42, 40, 65, 56, 85, 54, 3, 83, 48, 6, 4, 69, 75, 1, 24, 22, 79, 25, 77, 0, 51, 64, 93, 38, 97, 52, 31, 26, 34, 89, 33, 81, 67, 14, 82, 45, 55, 27, 43, 58, 29, 2, 94, 13, 39, 88, 41, 71, 78, 50, 19, 9, 23, 63, 72, 8, 87, 30, 28, 59, 68, 73, 18, 70, 91, 53, 66, 35, 11, 5, 36, 10, 62, 47, 74, 37, 98, 96, 16, 7, 20, 99, 61, 86, 44, 12, 90, 92, 57, 32, 15, 80]",45,33,25,189.707,131,50,0.01,0.5,10
SimulatedAnnealing,T50_a0.5_i10,large_01.txt,10,100,7,321,1230,"[35, 56, 47, 89, 32, 86, 68, 21, 83, 58, 87, 0, 67, 45, 60, 43, 63, 10, 27, 22, 14, 93, 46, 94, 61, 92, 77, 51, 39, 4, 17, 50, 75, 11, 13, 69, 73, 79, 85, 9, 3, 16, 6, 23, 98, 15, 7, 62, 29, 36, 33, 80, 81, 31, 25, 20, 26, 66, 44, 1, 99, 59, 64, 12, 2, 95, 34, 8, 55, 52, 19, 96, 40, 90, 84, 24, 48, 97, 41, 37, 76, 38, 65, 30, 28, 70, 88, 72, 78, 82, 5, 91, 53, 49, 74, 71, 54, 42, 57, 18]",47,28,24,184.691,131,50,0.01,0.5,10
SimulatedAnnealing,T50_a0.5_i10,large_01.txt,10,100,8,808,1230,"[19, 25, 2, 91, 33, 47, 81, 11, 17, 80, 96, 12, 28, 78, 54, 3, 64, 43, 50, 57, 61, 41, 65, 4, 59, 56, 72, 32, 7, 83, 15, 93, 23, 16, 9, 14, 5, 92, 79, 52, 55, 8, 77, 10, 62, 1, 34, 88, 20, 84, 26, 49, 37, 75, 98, 39, 24, 42, 73, 58, 40, 35, 46, 97, 68, 36, 48, 63, 27, 18, 85, 71, 94, 76, 45, 66, 22, 95, 74, 99, 44, 0, 21, 29, 53, 38, 69, 86, 31, 87, 6, 70, 30, 82, 51, 90, 13, 67, 60, 89]",45,28,25,186.006,131,50,0.01,0.5,10
SimulatedAnnealing,T50_a0.5_i10,large_01.txt,10,100,9,777,1240,"[82, 25, 99, 4, 60, 78, 0, 23, 38, 57, 32, 24, 91, 73, 90, 19, 27, 22, 59, 31, 26, 61, 45, 50, 83, 7, 11, 62, 71, 98, 3, 87, 80, 12, 95, 43, 51, 17, 6, 94, 8, 1, 63, 96, 72, 92, 49, 2, 30, 76, 56, 10, 28, 15, 86, 64, 84, 54, 55, 41, 88, 9, 40, 81, 18, 85, 21, 69, 16, 37, 39, 20, 97, 66, 74, 65, 93, 67, 14, 13, 48, 53, 77, 35, 42, 52, 58, 89, 79, 44, 34, 5, 68, 46, 36, 33, 47, 70, 75, 29]",33,43,24,182.15,131,50,0.01,0.5,10
SimulatedAnnealing,T50_a0.5_i10,large_01.txt,10,100,10,2024,1180,"[19, 64, 99, 65, 62, 59, 73, 63, 49, 27, 48, 37, 41, 53, 26, 40, 82, 2, 5, 86, 12, 92, 68, 96, 81, 35, 89, 78, 91, 6, 46, 58, 44, 98, 29, 61, 50, 87, 0, 32, 88, 83, 54, 80, 16, 55, 77, 47, 45, 28, 14, 76, 18, 4, 57, 97, 72, 71, 7, 20, 22, 84, 79, 85, 95, 3, 70, 8, 94, 74, 93, 9, 39, 42, 56, 51, 33, 23, 30, 10, 66, 13, 24, 67, 75, 21, 69, 31, 11, 1, 34, 36, 25, 17, 52, 38, 90, 43, 15, 60]",39,35,22,187.477,131,50,0.01,0.5,10
SimulatedAnnealing,T50_a0.5_i15,large_01.txt,10,100,1,42,1140,"[15, 30, 17, 9, 7, 61, 81, 46, 63, 37, 57, 1, 68, 91, 45, 35, 66, 26, 86, 24, 74, 72, 36, 2, 60, 21, 38, 52, 87, 93, 44, 3, 67, 29, 64, 32, 58, 5, 85, 18, 75, 23, 11, 43, 77, 20, 16, 8, 31, 76, 97, 70, 65, 51, 41, 27, 49, 19, 13, 12, 62, 94, 0, 10, 79, 78, 73, 4, 55, 39, 22, 90, 14, 59, 96, 89, 53, 42, 84, 50, 56, 98, 48, 82, 80, 40, 54, 33, 28, 83, 92, 71, 47, 69, 25, 99, 88, 34, 95, 6]",46,22,23,269.317,196,50,0.01,0.5,15
SimulatedAnnealing,T50_a0.5_i15,large_01.txt,10,100,2,7,1110,"[99, 25, 31, 1, 78, 81, 80, 48, 47, 68, 6, 3, 27, 89, 35, 90, 65, 33, 36, 11, 82, 64, 79, 94, 14, 30, 63, 51, 40, 86, 92, 45, 52, 26, 83, 8, 59, 44, 84, 13, 97, 7, 34, 49, 72, 41, 96, 2, 74, 66, 61, 56, 58, 5, 71, 20, 10, 55, 54, 4, 60, 39, 73, 29, 67, 98, 43, 70, 91, 77, 19, 9, 76, 22, 28, 87, 62, 37, 17, 18, 85, 42, 0, 69, 12, 57, 53, 38, 21, 95, 23, 75, 24, 93, 32, 16, 88, 50, 46, 15]",36,33,21,269.844,196,50,0.01,0.5,15
SimulatedAnnealing,T50_a0.5_i15,large_01.txt,10,100,3,13,1160,"[69, 27, 83, 51, 57, 5, 75, 33, 35, 43, 44, 23, 74, 77, 20, 10, 6, 2, 4, 89, 60, 99, 94, 0, 72, 84, 29, 12, 48, 85, 53, 68, 54, 19, 70, 87, 88, 8, 78, 14, 47, 98, 76, 92, 52, 17, 41, 90, 93, 32, 62, 39, 3, 7, 22, 15, 64, 91, 38, 49, 16, 42, 50, 86, 59, 9, 36, 79, 24, 21, 31, 96, 56, 66, 61, 80, 82, 63, 1, 30, 28, 55, 34, 73, 18, 26, 37, 71, 45, 58, 67, 97, 40, 95, 46, 13, 25, 81, 65, 11]",43,27,23,287.01,196,50,0.01,0.5,15
SimulatedAnnealing,T50_a0.5_i15,large_01.txt,10,100,4,99,1170,"[28, 96, 7, 85, 20, 58, 8, 65, 5, 83, 99, 36, 78, 66, 81, 24, 18, 63, 82, 94, 98, 2, 29, 41, 74, 1, 35, 52, 62, 6, 48, 55, 68, 22, 61, 53, 51, 0, 50, 69, 77, 56, 23, 37, 54, 31, 16, 42, 97, 92, 60, 12, 43, 3, 33, 88, 44, 73, 4, 59, 84, 15, 30, 70, 21, 39, 25, 19, 34, 93, 10, 86, 57, 72, 40, 80, 89, 71, 45, 91, 87, 14, 95, 75, 90, 26, 17, 47, 49, 38, 76, 11, 67, 13, 46, 27, 32, 79, 64, 9]",44,29,22,284.967,196,50,0.01,0.5,15
SimulatedAnnealing,T50_a0.5_i15,large_01.txt,10,100,5,1234,1170,"[83, 80, 61, 25, 93, 76, 78, 98, 29, 90, 75, 14, 63, 13, 53, 69, 72, 58, 77, 55, 36, 22, 43, 89, 31, 3, 51, 9, 5, 27, 68, 47, 24, 50, 23, 11, 12, 0, 54, 49, 41, 64, 95, 21, 85, 46, 37, 92, 20, 33, 66, 38, 32, 7, 17, 26, 35, 44, 65, 15, 71, 16, 2, 94, 19, 34, 39, 74, 28, 42, 82, 62, 40, 73, 67, 81, 57, 70, 45, 59, 30, 79, 97, 4, 52, 91, 87, 1, 48, 8, 10, 56, 96, 99, 60, 18, 6, 88, 86, 84]",42,27,24,280.614,196,50,0.01,0.5,15
SimulatedAnnealing,T50_a0.5_i15,large_01.txt,10,100,6,555,1180,"[8, 26, 84, 87, 60, 72, 10, 54, 42, 40, 14, 56, 11, 18, 3, 47, 48, 70, 76, 19, 43, 1, 73, 94, 90, 33, 44, 46, 6, 64, 93, 38, 35, 52, 95, 31, 34, 69, 15, 83, 4, 91, 41, 25, 55, 13, 97, 50, 80, 24, 78, 12, 17, 88, 66, 71, 5, 16, 89, 63, 86, 65, 67, 20, 37, 9, 28, 21, 68, 59, 30, 74, 23, 85, 32, 99, 58, 29, 98, 51, 62, 79, 36, 7, 82, 49, 45, 22, 61, 96, 53, 27, 77, 0, 75, 92, 57, 39, 2, 81]",39,29,25,271.256,196,50,0.01,0.5,15
SimulatedAnnealing,T50_a0.5_i15,large_01.txt,10,100,7,321,1190,"[20, 84, 22, 57, 96, 3, 68, 21, 83, 93, 87, 90, 81, 92, 60, 63, 43, 10, 27, 58, 47, 12, 72, 24, 37, 65, 6, 51, 19, 4, 17, 33, 35, 69, 13, 89, 39, 30, 26, 9, 86, 79, 40, 78, 45, 15, 7, 62, 29, 80, 18, 36, 23, 88, 61, 53, 74, 66, 44, 71, 48, 59, 54, 75, 46, 31, 34, 8, 55, 52, 11, 1, 25, 70, 16, 32, 2, 97, 41, 95, 76, 98, 50, 94, 28, 14, 56, 77, 99, 82, 5, 91, 73, 49, 85, 0, 64, 42, 67, 38]",47,26,23,274.007,196,50,0.01,0.5,15
SimulatedAnnealing,T50_a0.5_i15,large_01.txt,10,100,8,808,1130,"[19, 25, 41, 91, 30, 52, 51, 11, 60, 80, 88, 8, 20, 78, 54, 85, 64, 43, 50, 58, 45, 2, 65, 29, 59, 10, 72, 87, 4, 0, 9, 33, 68, 5, 18, 14, 16, 66, 97, 34, 55, 3, 56, 84, 62, 1, 67, 39, 28, 83, 26, 79, 37, 99, 44, 86, 70, 42, 73, 77, 40, 38, 46, 74, 76, 36, 35, 63, 27, 12, 24, 89, 94, 96, 61, 82, 22, 95, 48, 75, 98, 23, 71, 7, 53, 57, 69, 47, 31, 32, 6, 15, 93, 92, 81, 90, 13, 49, 17, 21]",40,27,23,279.724,196,50,0.01,0.5,15
SimulatedAnnealing,T50_a0.5_i15,large_01.txt,10,100,9,777,1150,"[20, 87, 35, 4, 43, 85, 0, 56, 68, 70, 32, 21, 91, 52, 48, 19, 27, 57, 38, 11, 59, 61, 45, 50, 71, 7, 29, 78, 31, 26, 33, 17, 80, 12, 83, 60, 51, 72, 40, 13, 8, 1, 65, 23, 81, 92, 54, 10, 84, 76, 96, 95, 88, 15, 47, 64, 69, 49, 98, 28, 67, 9, 6, 55, 18, 25, 63, 22, 90, 97, 39, 37, 82, 66, 74, 24, 42, 62, 93, 94, 79, 53, 77, 46, 34, 73, 58, 89, 16, 3, 14, 5, 30, 44, 36, 41, 86, 99, 75, 2]",38,31,23,268.235,196,50,0.01,0.5,15
SimulatedAnnealing,T50_a0.5_i15,large_01.txt,10,100,10,2024,1160,"[19, 64, 20, 56, 38, 59, 73, 63, 49, 37, 48, 43, 41, 53, 26, 40, 81, 2, 5, 22, 17, 97, 68, 35, 93, 50, 89, 7, 95, 28, 90, 45, 88, 60, 58, 36, 84, 67, 21, 31, 65, 82, 66, 80, 16, 55, 23, 47, 87, 61, 14, 76, 18, 4, 57, 92, 91, 71, 10, 72, 86, 96, 79, 62, 77, 3, 70, 8, 74, 94, 29, 9, 39, 42, 44, 51, 33, 99, 83, 30, 54, 0, 69, 32, 75, 85, 78, 13, 11, 1, 34, 24, 25, 12, 52, 6, 46, 27, 15, 98]",44,28,22,278.822,196,50,0.01,0.5,15
SimulatedAnnealing,T50_a0.5_i25,large_01.txt,10,100,1,42,1130,"[20, 30, 37, 54, 89, 21, 58, 70, 41, 97, 9, 1, 73, 95, 40, 75, 12, 28, 22, 52, 60, 72, 84, 86, 51, 67, 6, 78, 5, 92, 88, 79, 18, 26, 91, 81, 42, 83, 15, 87, 90, 53, 77, 80, 61, 85, 98, 96, 45, 11, 25, 10, 65, 71, 19, 66, 31, 13, 16, 2, 38, 7, 64, 43, 62, 29, 68, 4, 32, 94, 27, 99, 24, 34, 46, 63, 3, 74, 36, 17, 56, 50, 35, 0, 14, 33, 8, 23, 49, 76, 55, 48, 47, 69, 93, 39, 44, 59, 57, 82]",44,23,23,448.704,326,50,0.01,0.5,25
SimulatedAnnealing,T50_a0.5_i25,large_01.txt,10,100,2,7,1040,"[47, 96, 18, 6, 78, 67, 1, 83, 82, 81, 5, 3, 61, 60, 73, 50, 10, 7, 36, 33, 26, 29, 19, 89, 45, 28, 63, 13, 16, 85, 92, 8, 25, 68, 72, 24, 21, 38, 84, 51, 97, 0, 14, 48, 74, 22, 34, 2, 56, 66, 35, 20, 58, 49, 32, 42, 55, 62, 37, 4, 64, 27, 99, 31, 41, 30, 23, 70, 98, 46, 17, 59, 76, 77, 87, 39, 43, 90, 88, 91, 86, 44, 57, 9, 12, 69, 53, 11, 80, 95, 75, 79, 65, 93, 52, 40, 94, 54, 15, 71]",41,21,21,456.048,326,50,0.01,0.5,25
SimulatedAnnealing,T50_a0.5_i25,large_01.txt,10,100,3,13,1080,"[68, 63, 17, 8, 90, 42, 24, 38, 73, 84, 10, 95, 67, 91, 43, 31, 62, 37, 7, 51, 72, 50, 18, 19, 16, 3, 74, 32, 45, 15, 27, 4, 39, 60, 14, 79, 88, 6, 87, 85, 69, 86, 94, 52, 97, 35, 41, 13, 29, 77, 82, 30, 47, 99, 12, 23, 64, 22, 11, 9, 5, 93, 48, 26, 76, 98, 36, 2, 96, 44, 92, 46, 54, 66, 53, 80, 21, 1, 75, 70, 28, 55, 34, 71, 56, 57, 49, 78, 33, 89, 65, 40, 20, 61, 58, 83, 25, 81, 59, 0]",39,25,22,452.291,326,50,0.01,0.5,25
SimulatedAnnealing,T50_a0.5_i25,large_01.txt,10,100,4,99,1110,"[30, 18, 9, 76, 4, 66, 8, 52, 45, 90, 28, 60, 23, 12, 29, 99, 38, 83, 48, 81, 86, 2, 92, 70, 21, 96, 87, 51, 62, 6, 46, 24, 97, 53, 61, 1, 73, 59, 95, 49, 54, 72, 10, 82, 47, 31, 64, 74, 88, 40, 67, 39, 65, 3, 63, 93, 44, 5, 50, 22, 84, 80, 35, 33, 43, 20, 19, 69, 68, 37, 13, 0, 57, 42, 89, 17, 11, 14, 26, 55, 36, 27, 58, 75, 16, 98, 85, 71, 34, 94, 41, 56, 78, 15, 91, 25, 32, 79, 77, 7]",42,25,22,443.422,326,50,0.01,0.5,25
SimulatedAnnealing,T50_a0.5_i25,large_01.txt,10,100,5,1234,1090,"[24, 52, 99, 93, 20, 19, 78, 98, 81, 26, 71, 14, 66, 92, 65, 69, 72, 91, 3, 25, 90, 49, 83, 75, 55, 28, 82, 10, 5, 23, 18, 27, 47, 21, 11, 0, 63, 8, 39, 76, 9, 7, 61, 89, 84, 44, 37, 4, 53, 33, 80, 67, 41, 15, 31, 96, 46, 40, 85, 95, 77, 12, 94, 56, 45, 2, 74, 6, 29, 97, 50, 13, 22, 68, 64, 17, 79, 48, 88, 36, 62, 35, 43, 60, 86, 57, 42, 30, 16, 54, 58, 1, 32, 87, 34, 59, 70, 73, 38, 51]",43,24,21,457.773,326,50,0.01,0.5,25
SimulatedAnnealing,T50_a0.5_i25,large_01.txt,10,100,6,555,1110,"[95, 34, 28, 98, 3, 31, 11, 85, 35, 40, 24, 61, 12, 94, 54, 47, 48, 19, 5, 62, 8, 42, 65, 1, 70, 13, 81, 38, 52, 49, 93, 69, 36, 90, 21, 37, 57, 75, 92, 26, 16, 9, 76, 89, 55, 78, 41, 58, 18, 29, 17, 53, 39, 99, 77, 51, 71, 30, 25, 22, 74, 68, 66, 33, 79, 4, 14, 96, 91, 45, 59, 0, 32, 97, 56, 80, 88, 2, 87, 6, 44, 83, 82, 84, 43, 86, 50, 63, 72, 10, 46, 64, 67, 73, 27, 60, 23, 20, 15, 7]",37,28,23,460.852,326,50,0.01,0.5,25
SimulatedAnnealing,T50_a0.5_i25,large_01.txt,10,100,7,321,1100,"[22, 43, 16, 84, 3, 94, 10, 21, 53, 70, 40, 31, 48, 49, 60, 67, 68, 24, 42, 47, 55, 89, 82, 92, 12, 61, 15, 86, 8, 9, 17, 30, 93, 7, 96, 38, 2, 79, 50, 19, 41, 87, 14, 76, 45, 59, 32, 13, 26, 36, 33, 65, 88, 35, 56, 69, 27, 78, 46, 4, 77, 81, 52, 57, 75, 5, 34, 97, 63, 90, 25, 1, 37, 20, 51, 11, 73, 58, 54, 6, 62, 80, 83, 98, 23, 29, 0, 18, 28, 39, 71, 91, 44, 74, 85, 99, 64, 95, 66, 72]",39,21,25,464.604,326,50,0.01,0.5,25
SimulatedAnnealing,T50_a0.5_i25,large_01.txt,10,100,8,808,1120,"[92, 60, 1, 16, 6, 56, 78, 88, 20, 67, 10, 40, 72, 28, 51, 98, 11, 87, 30, 57, 50, 4, 18, 70, 31, 69, 47, 37, 7, 99, 36, 22, 25, 54, 94, 21, 64, 3, 41, 66, 17, 8, 15, 33, 71, 58, 45, 19, 76, 14, 27, 81, 73, 39, 77, 59, 24, 75, 13, 43, 62, 35, 46, 49, 68, 12, 29, 97, 26, 48, 44, 52, 42, 82, 34, 32, 5, 96, 2, 95, 55, 80, 89, 9, 53, 79, 61, 86, 91, 0, 65, 84, 23, 63, 85, 90, 38, 74, 93, 83]",37,31,22,461.79,326,50,0.01,0.5,25
SimulatedAnnealing,T50_a0.5_i25,large_01.txt,10,100,9,777,1130,"[31, 17, 72, 4, 77, 18, 62, 95, 44, 30, 6, 39, 50, 79, 90, 96, 61, 27, 26, 84, 9, 75, 52, 64, 67, 10, 43, 85, 20, 59, 88, 89, 54, 97, 74, 40, 49, 41, 32, 82, 8, 22, 68, 46, 53, 29, 83, 69, 33, 93, 7, 57, 63, 1, 65, 24, 19, 66, 37, 38, 47, 21, 48, 12, 15, 78, 70, 94, 5, 92, 3, 86, 87, 36, 55, 76, 11, 0, 23, 13, 16, 71, 45, 35, 98, 42, 58, 99, 56, 80, 34, 91, 60, 73, 14, 81, 28, 25, 51, 2]",47,18,24,444.974,326,50,0.01,0.5,25
SimulatedAnnealing,T50_a0.5_i25,large_01.txt,10,100,10,2024,1060,"[65, 59, 20, 62, 44, 53, 6, 72, 78, 16, 4, 11, 83, 39, 76, 51, 75, 56, 5, 35, 68, 9, 24, 41, 19, 36, 67, 82, 80, 25, 49, 29, 58, 30, 27, 95, 52, 55, 98, 43, 14, 81, 57, 40, 84, 37, 34, 47, 93, 96, 94, 45, 86, 2, 77, 31, 63, 92, 17, 23, 12, 99, 79, 90, 91, 3, 21, 8, 89, 33, 50, 87, 15, 71, 88, 22, 54, 0, 97, 64, 66, 42, 73, 85, 46, 60, 18, 26, 61, 1, 70, 32, 69, 7, 38, 48, 10, 13, 74, 28]",47,17,21,469.358,326,50,0.01,0.5,25
SimulatedAnnealing,T50_a0.7_i10,large_01.txt,10,100,1,42,1200,"[72, 30, 17, 9, 91, 46, 88, 16, 76, 37, 28, 1, 14, 80, 55, 24, 86, 26, 48, 92, 96, 8, 60, 2, 25, 13, 18, 40, 93, 87, 81, 22, 6, 73, 74, 11, 82, 38, 78, 12, 75, 53, 32, 71, 69, 45, 61, 90, 99, 70, 27, 10, 65, 51, 41, 3, 64, 79, 21, 94, 58, 29, 0, 97, 50, 35, 23, 4, 63, 39, 47, 20, 84, 15, 68, 33, 66, 42, 95, 98, 56, 36, 67, 57, 52, 31, 19, 43, 49, 59, 89, 83, 85, 54, 62, 5, 44, 34, 77, 7]",41,33,23,330.607,241,50,0.01,0.7,10
SimulatedAnnealing,T50_a0.7_i10,large_01.txt,10,100,2,7,1060,"[96, 25, 31, 1, 78, 75, 80, 48, 47, 68, 86, 3, 27, 89, 35, 90, 65, 33, 0, 11, 82, 64, 79, 41, 14, 30, 63, 13, 40, 6, 92, 62, 52, 99, 83, 8, 57, 44, 84, 51, 97, 7, 26, 49, 72, 94, 34, 2, 74, 66, 81, 56, 58, 5, 71, 20, 10, 55, 54, 4, 60, 39, 73, 29, 15, 98, 43, 28, 91, 77, 19, 9, 76, 22, 70, 87, 45, 37, 17, 18, 85, 42, 36, 69, 12, 59, 53, 38, 21, 95, 23, 61, 24, 93, 32, 16, 88, 50, 46, 67]",42,24,20,341.779,241,50,0.01,0.7,10
SimulatedAnnealing,T50_a0.7_i10,large_01.txt,10,100,3,13,1200,"[52, 16, 61, 0, 89, 5, 79, 82, 6, 43, 83, 23, 59, 2, 12, 69, 71, 24, 7, 28, 20, 99, 94, 58, 51, 84, 57, 97, 68, 15, 27, 29, 66, 88, 11, 3, 19, 49, 74, 39, 47, 86, 76, 92, 30, 37, 41, 13, 50, 31, 63, 14, 8, 90, 22, 98, 93, 91, 38, 4, 54, 42, 48, 77, 53, 45, 17, 62, 96, 21, 67, 85, 56, 95, 64, 80, 44, 60, 73, 32, 10, 55, 34, 1, 65, 26, 35, 78, 33, 72, 87, 9, 40, 75, 46, 70, 25, 81, 18, 36]",46,26,24,334.332,241,50,0.01,0.7,10
SimulatedAnnealing,T50_a0.7_i10,large_01.txt,10,100,4,99,1090,"[28, 96, 8, 31, 20, 58, 7, 65, 5, 22, 57, 36, 78, 51, 54, 24, 14, 63, 6, 94, 98, 2, 29, 37, 43, 1, 35, 92, 52, 82, 48, 66, 68, 83, 69, 80, 41, 0, 50, 61, 97, 62, 23, 91, 81, 85, 16, 13, 86, 56, 60, 12, 74, 3, 88, 90, 44, 73, 27, 59, 84, 15, 30, 33, 21, 39, 25, 19, 34, 93, 10, 64, 38, 72, 40, 70, 89, 99, 45, 55, 87, 18, 95, 75, 53, 26, 17, 47, 71, 49, 76, 11, 67, 42, 46, 4, 32, 79, 77, 9]",42,25,21,332.615,241,50,0.01,0.7,10
SimulatedAnnealing,T50_a0.7_i10,large_01.txt,10,100,5,1234,1150,"[20, 50, 93, 39, 90, 76, 74, 60, 25, 37, 67, 14, 63, 49, 53, 69, 10, 23, 77, 55, 66, 28, 17, 47, 59, 9, 51, 3, 5, 19, 68, 72, 22, 83, 32, 11, 44, 80, 86, 21, 73, 34, 12, 81, 65, 30, 75, 7, 2, 33, 98, 94, 38, 29, 24, 61, 97, 95, 57, 15, 27, 16, 64, 26, 35, 0, 46, 58, 89, 92, 82, 36, 40, 42, 70, 56, 71, 85, 84, 31, 62, 79, 43, 4, 41, 91, 87, 88, 48, 8, 52, 1, 96, 99, 78, 6, 18, 13, 54, 45]",40,29,23,333.624,241,50,0.01,0.7,10
SimulatedAnnealing,T50_a0.7_i10,large_01.txt,10,100,6,555,1140,"[20, 21, 36, 5, 68, 94, 27, 97, 95, 40, 7, 79, 11, 16, 52, 83, 48, 22, 4, 38, 12, 1, 17, 25, 0, 41, 56, 42, 32, 64, 93, 69, 2, 67, 31, 96, 74, 89, 85, 18, 6, 47, 23, 84, 55, 99, 78, 45, 8, 24, 51, 76, 13, 53, 66, 49, 75, 30, 19, 9, 43, 65, 72, 71, 73, 50, 28, 98, 63, 88, 26, 10, 39, 81, 14, 29, 37, 3, 34, 91, 62, 86, 61, 87, 82, 90, 58, 60, 54, 70, 57, 44, 46, 33, 59, 92, 77, 35, 15, 80]",35,33,23,340.074,241,50,0.01,0.7,10
SimulatedAnnealing,T50_a0.7_i10,large_01.txt,10,100,7,321,1230,"[20, 88, 22, 57, 32, 86, 68, 21, 83, 93, 87, 90, 81, 92, 60, 63, 49, 39, 27, 47, 58, 12, 40, 1, 37, 96, 6, 51, 8, 4, 17, 18, 35, 11, 13, 89, 19, 30, 50, 9, 3, 79, 77, 78, 45, 61, 7, 62, 29, 80, 33, 36, 23, 84, 41, 73, 26, 66, 44, 0, 67, 59, 54, 75, 46, 31, 34, 15, 55, 52, 69, 10, 25, 70, 16, 24, 74, 97, 2, 95, 76, 98, 43, 48, 28, 14, 56, 72, 94, 82, 5, 91, 53, 65, 85, 71, 64, 99, 42, 38]",45,30,24,350.333,241,50,0.01,0.7,10
SimulatedAnnealing,T50_a0.7_i10,large_01.txt,10,100,8,808,1100,"[19, 25, 65, 84, 30, 52, 31, 11, 68, 80, 38, 8, 18, 78, 47, 85, 64, 43, 50, 93, 45, 2, 26, 29, 59, 10, 55, 87, 4, 0, 9, 66, 60, 5, 67, 14, 33, 49, 97, 34, 51, 3, 56, 12, 62, 1, 20, 39, 28, 83, 94, 41, 37, 99, 44, 86, 70, 42, 40, 57, 73, 79, 46, 74, 76, 36, 35, 63, 27, 15, 24, 89, 88, 82, 61, 95, 22, 96, 48, 77, 98, 23, 71, 7, 53, 75, 69, 54, 72, 32, 6, 91, 58, 92, 81, 90, 13, 16, 17, 21]",40,24,23,339.913,241,50,0.01,0.7,10
SimulatedAnnealing,T50_a0.7_i10,large_01.txt,10,100,9,777,1190,"[20, 41, 65, 4, 43, 85, 2, 18, 91, 29, 69, 21, 44, 73, 51, 13, 50, 24, 84, 71, 59, 61, 47, 15, 11, 6, 94, 78, 31, 96, 74, 17, 80, 12, 70, 60, 23, 34, 40, 86, 8, 38, 35, 27, 81, 64, 49, 92, 53, 32, 45, 95, 28, 39, 76, 33, 56, 72, 98, 88, 87, 79, 7, 99, 62, 57, 63, 22, 9, 97, 75, 37, 82, 66, 46, 25, 42, 55, 16, 58, 90, 83, 52, 1, 54, 19, 0, 89, 68, 3, 14, 5, 26, 93, 10, 30, 67, 48, 36, 77]",46,25,24,330.331,241,50,0.01,0.7,10
SimulatedAnnealing,T50_a0.7_i10,large_01.txt,10,100,10,2024,1140,"[91, 6, 24, 65, 31, 89, 43, 63, 77, 29, 55, 37, 41, 97, 35, 19, 2, 23, 5, 22, 53, 56, 18, 84, 83, 7, 67, 36, 95, 3, 90, 68, 59, 0, 27, 70, 52, 61, 96, 51, 78, 82, 57, 80, 16, 34, 44, 47, 49, 94, 73, 76, 81, 4, 93, 92, 72, 30, 10, 12, 86, 99, 79, 60, 87, 26, 13, 8, 39, 74, 50, 9, 11, 42, 54, 28, 33, 98, 71, 64, 66, 21, 69, 32, 75, 45, 17, 40, 88, 1, 38, 85, 25, 62, 58, 48, 46, 14, 15, 20]",40,28,23,347.885,241,50,0.01,0.7,10
SimulatedAnnealing,T50_a0.7_i15,large_01.txt,10,100,1,42,1060,"[20, 40, 91, 35, 96, 68, 7, 78, 18, 14, 48, 83, 5, 22, 37, 39, 24, 80, 58, 49, 60, 72, 84, 86, 85, 99, 75, 29, 0, 93, 56, 79, 61, 12, 64, 9, 73, 1, 47, 87, 50, 53, 44, 70, 15, 54, 16, 63, 41, 71, 25, 10, 59, 6, 27, 88, 30, 95, 21, 2, 66, 94, 19, 82, 11, 8, 76, 98, 97, 26, 62, 3, 33, 34, 46, 55, 32, 74, 36, 17, 38, 77, 28, 4, 81, 43, 31, 23, 42, 65, 45, 67, 51, 92, 89, 69, 13, 90, 57, 52]",42,22,21,500.393,361,50,0.01,0.7,15
SimulatedAnnealing,T50_a0.7_i15,large_01.txt,10,100,2,7,1050,"[23, 55, 51, 5, 91, 67, 1, 83, 47, 99, 65, 3, 61, 18, 82, 90, 78, 7, 57, 15, 81, 29, 36, 6, 45, 35, 88, 79, 16, 13, 92, 75, 52, 26, 72, 46, 43, 76, 84, 40, 97, 0, 32, 59, 56, 22, 63, 2, 54, 11, 37, 85, 58, 49, 14, 62, 96, 20, 41, 4, 64, 68, 27, 31, 8, 98, 94, 9, 42, 77, 66, 89, 10, 34, 38, 80, 21, 50, 74, 60, 86, 44, 48, 73, 12, 69, 53, 30, 19, 95, 70, 39, 28, 93, 25, 24, 17, 33, 87, 71]",36,27,21,507.803,361,50,0.01,0.7,15
SimulatedAnnealing,T50_a0.7_i15,large_01.txt,10,100,3,13,1080,"[68, 63, 17, 8, 90, 42, 12, 38, 73, 41, 23, 46, 67, 50, 43, 10, 62, 78, 7, 13, 72, 91, 18, 19, 16, 3, 74, 94, 88, 71, 27, 93, 39, 25, 45, 79, 24, 69, 87, 85, 6, 37, 32, 52, 97, 35, 84, 51, 33, 14, 64, 77, 54, 99, 30, 31, 82, 22, 11, 9, 5, 4, 48, 26, 76, 20, 36, 2, 96, 44, 92, 95, 47, 66, 53, 80, 21, 1, 75, 70, 28, 55, 34, 15, 56, 57, 49, 86, 29, 89, 65, 40, 98, 61, 58, 83, 60, 81, 59, 0]",44,20,22,496.179,361,50,0.01,0.7,15
SimulatedAnnealing,T50_a0.7_i15,large_01.txt,10,100,4,99,1070,"[49, 28, 83, 68, 47, 58, 8, 20, 44, 95, 89, 1, 23, 82, 79, 60, 93, 73, 29, 66, 56, 0, 64, 53, 72, 16, 69, 80, 62, 17, 42, 91, 24, 77, 27, 52, 4, 85, 59, 39, 34, 37, 71, 76, 99, 13, 48, 31, 88, 94, 45, 7, 18, 3, 81, 74, 61, 32, 78, 22, 84, 51, 14, 33, 57, 2, 75, 43, 46, 63, 38, 96, 86, 41, 98, 54, 87, 90, 26, 50, 35, 11, 97, 19, 30, 65, 25, 10, 21, 5, 15, 70, 67, 92, 55, 9, 12, 40, 36, 6]",48,15,22,512.727,361,50,0.01,0.7,15
SimulatedAnnealing,T50_a0.7_i15,large_01.txt,10,100,5,1234,1090,"[24, 17, 0, 66, 50, 40, 84, 81, 30, 75, 71, 14, 51, 91, 15, 47, 48, 92, 80, 2, 18, 64, 23, 8, 19, 55, 21, 36, 5, 35, 31, 45, 20, 63, 43, 44, 89, 6, 77, 52, 99, 72, 57, 86, 96, 61, 93, 41, 97, 27, 78, 29, 94, 7, 12, 56, 88, 58, 34, 53, 65, 16, 39, 26, 85, 10, 42, 32, 67, 22, 37, 13, 46, 33, 98, 25, 82, 9, 62, 83, 90, 54, 28, 4, 60, 11, 38, 69, 68, 95, 74, 1, 87, 49, 76, 3, 59, 73, 70, 79]",41,24,22,496.768,361,50,0.01,0.7,15
SimulatedAnnealing,T50_a0.7_i15,large_01.txt,10,100,6,555,1090,"[25, 42, 14, 29, 21, 75, 80, 62, 66, 40, 56, 31, 74, 10, 52, 32, 48, 6, 67, 96, 18, 1, 65, 44, 92, 27, 49, 38, 41, 73, 93, 3, 8, 63, 57, 30, 54, 37, 71, 16, 43, 7, 12, 50, 58, 98, 78, 82, 76, 34, 19, 26, 17, 70, 24, 72, 88, 89, 33, 5, 11, 22, 95, 94, 81, 79, 28, 13, 68, 84, 97, 91, 36, 35, 51, 83, 20, 99, 15, 64, 59, 90, 61, 2, 39, 69, 9, 87, 45, 23, 4, 47, 85, 55, 86, 60, 77, 46, 53, 0]",45,18,23,498.492,361,50,0.01,0.7,15
SimulatedAnnealing,T50_a0.7_i15,large_01.txt,10,100,7,321,1080,"[97, 13, 2, 84, 77, 52, 70, 21, 87, 18, 94, 67, 81, 47, 11, 7, 78, 96, 53, 72, 42, 58, 39, 31, 14, 50, 32, 45, 5, 35, 17, 27, 93, 68, 76, 38, 25, 69, 85, 9, 3, 19, 63, 29, 79, 60, 26, 1, 44, 89, 33, 10, 55, 6, 64, 36, 54, 49, 46, 0, 23, 56, 86, 90, 75, 8, 34, 66, 24, 92, 61, 40, 30, 73, 95, 37, 57, 82, 59, 20, 88, 91, 43, 4, 83, 22, 74, 15, 28, 98, 41, 71, 51, 65, 16, 62, 12, 48, 99, 80]",43,21,22,518.46,361,50,0.01,0.7,15
SimulatedAnnealing,T50_a0.7_i15,large_01.txt,10,100,8,808,1070,"[19, 25, 6, 1, 30, 95, 93, 92, 80, 82, 60, 29, 67, 57, 54, 75, 68, 87, 61, 2, 44, 4, 26, 8, 59, 10, 34, 91, 37, 0, 53, 28, 23, 98, 18, 81, 33, 50, 97, 72, 55, 3, 94, 84, 42, 79, 20, 88, 70, 83, 96, 62, 65, 99, 17, 66, 36, 78, 40, 21, 73, 15, 46, 52, 31, 41, 35, 16, 43, 12, 76, 74, 48, 27, 86, 32, 22, 71, 14, 77, 24, 69, 64, 5, 11, 89, 56, 47, 85, 39, 9, 58, 45, 49, 51, 90, 13, 63, 38, 7]",43,22,21,517.637,361,50,0.01,0.7,15
SimulatedAnnealing,T50_a0.7_i15,large_01.txt,10,100,9,777,1120,"[31, 17, 24, 4, 77, 32, 72, 95, 44, 30, 6, 39, 50, 79, 90, 96, 61, 38, 80, 29, 9, 75, 52, 64, 67, 48, 43, 85, 20, 59, 88, 89, 54, 97, 74, 40, 49, 83, 18, 82, 8, 22, 63, 46, 53, 84, 41, 69, 33, 93, 7, 21, 23, 1, 65, 62, 19, 66, 37, 27, 47, 57, 16, 12, 15, 78, 70, 51, 5, 92, 3, 86, 87, 36, 55, 76, 68, 0, 11, 13, 42, 71, 45, 35, 98, 10, 58, 99, 56, 26, 34, 91, 60, 73, 14, 81, 28, 25, 94, 2]",49,15,24,516.697,361,50,0.01,0.7,15
SimulatedAnnealing,T50_a0.7_i15,large_01.txt,10,100,10,2024,1040,"[65, 59, 64, 16, 44, 39, 6, 72, 78, 62, 4, 70, 83, 40, 76, 17, 75, 22, 5, 35, 68, 9, 24, 51, 46, 3, 67, 82, 97, 25, 49, 29, 58, 30, 27, 71, 52, 55, 98, 43, 14, 81, 57, 53, 84, 7, 34, 47, 93, 96, 94, 45, 86, 2, 63, 31, 77, 92, 10, 23, 12, 99, 79, 18, 91, 48, 21, 8, 89, 33, 50, 85, 15, 26, 88, 56, 54, 0, 80, 20, 66, 42, 73, 87, 41, 60, 90, 95, 61, 11, 1, 32, 69, 37, 38, 36, 19, 13, 74, 28]",44,18,21,498.867,361,50,0.01,0.7,15
SimulatedAnnealing,T50_a0.7_i25,large_01.txt,10,100,1,42,1020,"[78, 75, 98, 42, 39, 41, 9, 18, 46, 74, 76, 1, 50, 30, 85, 3, 16, 0, 28, 60, 87, 8, 71, 34, 68, 15, 52, 24, 79, 6, 59, 29, 12, 23, 55, 4, 66, 5, 43, 51, 67, 49, 36, 20, 37, 73, 58, 81, 95, 33, 47, 32, 64, 92, 31, 72, 77, 70, 25, 2, 82, 56, 53, 54, 88, 65, 44, 19, 97, 93, 91, 7, 14, 83, 17, 62, 80, 63, 61, 26, 86, 90, 57, 10, 11, 35, 27, 45, 22, 94, 38, 21, 96, 40, 84, 89, 48, 69, 13, 99]",38,22,21,837.093,601,50,0.01,0.7,25
SimulatedAnnealing,T50_a0.7_i25,large_01.txt,10,100,2,7,1000,"[24, 55, 9, 59, 97, 68, 79, 21, 58, 65, 29, 1, 10, 99, 82, 30, 52, 4, 42, 16, 23, 84, 36, 73, 87, 6, 33, 93, 5, 91, 92, 39, 56, 95, 89, 13, 8, 31, 66, 86, 19, 0, 69, 11, 54, 90, 14, 2, 18, 15, 57, 48, 44, 37, 70, 20, 41, 45, 34, 71, 63, 96, 27, 60, 25, 98, 72, 88, 43, 77, 38, 3, 76, 46, 28, 75, 74, 50, 17, 35, 64, 26, 22, 80, 12, 51, 53, 94, 61, 78, 81, 62, 32, 49, 85, 7, 83, 47, 67, 40]",38,20,21,897.909,601,50,0.01,0.7,25
SimulatedAnnealing,T50_a0.7_i25,large_01.txt,10,100,3,13,1000,"[24, 44, 0, 47, 28, 9, 69, 85, 34, 49, 70, 8, 59, 29, 19, 23, 45, 43, 3, 95, 60, 90, 53, 14, 88, 7, 71, 27, 18, 1, 65, 68, 46, 98, 81, 67, 78, 15, 54, 55, 4, 52, 36, 35, 83, 21, 31, 10, 84, 32, 17, 87, 42, 2, 39, 77, 61, 37, 25, 6, 97, 66, 63, 93, 74, 5, 16, 86, 64, 89, 22, 75, 76, 58, 62, 79, 33, 26, 51, 91, 73, 56, 20, 82, 48, 96, 50, 94, 57, 41, 13, 99, 40, 38, 92, 12, 11, 30, 72, 80]",36,24,20,858.206,601,50,0.01,0.7,25
SimulatedAnnealing,T50_a0.7_i25,large_01.txt,10,100,4,99,1050,"[38, 49, 85, 56, 63, 7, 8, 28, 80, 52, 46, 72, 96, 65, 19, 95, 34, 94, 37, 87, 81, 74, 73, 14, 48, 29, 92, 35, 62, 1, 31, 79, 18, 40, 82, 70, 88, 9, 32, 41, 90, 61, 75, 89, 57, 24, 39, 20, 15, 11, 45, 13, 67, 68, 4, 53, 43, 97, 93, 30, 21, 78, 91, 98, 42, 0, 71, 44, 47, 59, 58, 76, 86, 69, 27, 36, 84, 2, 77, 50, 6, 54, 33, 66, 10, 22, 17, 64, 51, 5, 23, 99, 26, 60, 55, 3, 12, 25, 16, 83]",40,21,22,827.237,601,50,0.01,0.7,25
SimulatedAnnealing,T50_a0.7_i25,large_01.txt,10,100,5,1234,1010,"[8, 64, 3, 55, 91, 86, 5, 71, 48, 94, 56, 14, 21, 72, 74, 16, 62, 39, 57, 44, 61, 9, 22, 25, 68, 51, 37, 84, 50, 4, 88, 82, 80, 92, 41, 2, 17, 6, 46, 33, 45, 20, 52, 10, 27, 81, 85, 89, 30, 59, 47, 69, 24, 67, 97, 70, 75, 40, 35, 96, 77, 53, 65, 19, 49, 0, 54, 1, 76, 31, 66, 11, 73, 29, 87, 13, 79, 58, 43, 42, 63, 34, 90, 78, 28, 99, 38, 23, 32, 93, 12, 95, 60, 98, 15, 83, 26, 18, 36, 7]",43,16,21,867.571,601,50,0.01,0.7,25
SimulatedAnnealing,T50_a0.7_i25,large_01.txt,10,100,6,555,1000,"[72, 32, 83, 5, 87, 2, 17, 59, 84, 97, 26, 53, 23, 22, 52, 80, 27, 6, 14, 92, 46, 40, 29, 7, 74, 0, 33, 44, 48, 56, 93, 60, 35, 75, 66, 28, 54, 8, 16, 67, 3, 79, 88, 11, 42, 55, 95, 31, 13, 10, 15, 98, 45, 82, 57, 30, 43, 89, 21, 73, 81, 58, 24, 85, 12, 90, 68, 9, 47, 64, 70, 91, 37, 71, 4, 50, 63, 38, 86, 49, 62, 36, 25, 78, 34, 96, 61, 99, 77, 69, 65, 20, 19, 76, 41, 39, 18, 94, 51, 1]",37,21,21,870.505,601,50,0.01,0.7,25
SimulatedAnnealing,T50_a0.7_i25,large_01.txt,10,100,7,321,1050,"[42, 89, 18, 94, 74, 4, 86, 37, 71, 33, 80, 40, 75, 97, 45, 39, 41, 59, 2, 68, 69, 22, 21, 6, 96, 29, 82, 57, 93, 8, 78, 70, 88, 51, 67, 9, 44, 36, 90, 38, 3, 91, 28, 60, 65, 52, 84, 76, 79, 27, 98, 20, 17, 1, 63, 54, 72, 24, 58, 0, 23, 83, 13, 19, 64, 73, 34, 35, 55, 48, 61, 62, 87, 31, 46, 7, 5, 11, 10, 49, 66, 25, 50, 77, 14, 32, 56, 95, 26, 53, 81, 30, 12, 16, 47, 15, 43, 85, 99, 92]",41,22,21,864.028,601,50,0.01,0.7,25
SimulatedAnnealing,T50_a0.7_i25,large_01.txt,10,100,8,808,1050,"[20, 50, 36, 65, 67, 52, 86, 18, 30, 94, 32, 90, 45, 58, 82, 17, 59, 33, 69, 22, 61, 24, 70, 6, 28, 9, 27, 38, 2, 4, 11, 5, 55, 89, 81, 92, 75, 10, 41, 80, 54, 74, 68, 88, 62, 46, 35, 3, 60, 21, 72, 25, 37, 57, 77, 13, 53, 49, 14, 0, 56, 29, 64, 47, 78, 83, 16, 39, 79, 15, 63, 73, 48, 98, 40, 12, 42, 87, 93, 76, 99, 85, 31, 8, 97, 91, 71, 44, 66, 43, 7, 19, 51, 34, 84, 96, 26, 23, 95, 1]",46,17,21,828.706,601,50,0.01,0.7,25
SimulatedAnnealing,T50_a0.7_i25,large_01.txt,10,100,9,777,970,"[91, 13, 95, 4, 39, 7, 15, 11, 82, 59, 3, 51, 74, 49, 73, 19, 41, 9, 92, 47, 79, 5, 54, 42, 56, 0, 72, 20, 18, 55, 67, 24, 89, 31, 25, 10, 36, 76, 33, 64, 8, 60, 86, 77, 81, 48, 65, 97, 71, 50, 98, 85, 34, 66, 70, 62, 80, 40, 30, 96, 38, 21, 68, 29, 23, 12, 83, 87, 99, 37, 43, 90, 27, 17, 88, 28, 1, 35, 16, 61, 93, 26, 78, 2, 45, 75, 69, 22, 94, 57, 52, 44, 32, 46, 63, 6, 58, 53, 14, 84]",37,20,20,841.407,601,50,0.01,0.7,25
SimulatedAnnealing,T50_a0.7_i25,large_01.txt,10,100,10,2024,1040,"[90, 54, 9, 43, 65, 42, 8, 82, 46, 25, 89, 77, 94, 74, 57, 14, 40, 80, 73, 16, 17, 84, 78, 6, 12, 38, 52, 66, 98, 34, 33, 83, 88, 18, 28, 30, 85, 3, 53, 31, 49, 5, 58, 96, 37, 11, 15, 92, 51, 22, 59, 26, 55, 0, 61, 29, 72, 50, 44, 99, 13, 68, 69, 63, 35, 7, 60, 97, 36, 87, 93, 45, 67, 23, 41, 76, 1, 2, 39, 95, 47, 75, 79, 19, 70, 91, 56, 27, 32, 86, 21, 20, 48, 81, 64, 10, 24, 71, 62, 4]",43,21,20,831.224,601,50,0.01,0.7,25
SimulatedAnnealing,T50_a0.9_i10,large_01.txt,10,100,1,42,960,"[69, 76, 90, 86, 36, 55, 10, 52, 47, 16, 65, 56, 41, 63, 85, 79, 84, 7, 3, 51, 75, 1, 32, 33, 68, 50, 88, 40, 9, 58, 12, 42, 67, 11, 21, 70, 34, 31, 93, 22, 2, 61, 59, 48, 91, 89, 82, 99, 77, 44, 29, 45, 38, 74, 43, 83, 87, 13, 27, 5, 80, 15, 96, 53, 71, 0, 73, 4, 97, 35, 64, 26, 17, 19, 95, 30, 23, 37, 46, 28, 66, 39, 54, 20, 25, 98, 94, 18, 57, 81, 6, 24, 78, 49, 14, 72, 60, 62, 92, 8]",35,21,20,1125.107,811,50,0.01,0.9,10
SimulatedAnnealing,T50_a0.9_i10,large_01.txt,10,100,2,7,970,"[95, 51, 93, 13, 21, 32, 7, 58, 23, 54, 52, 28, 56, 92, 49, 99, 72, 2, 53, 11, 22, 0, 18, 20, 96, 82, 36, 74, 78, 1, 75, 97, 40, 57, 91, 59, 16, 5, 43, 19, 37, 79, 14, 84, 35, 26, 83, 88, 68, 69, 50, 73, 76, 17, 87, 80, 31, 86, 25, 77, 65, 29, 24, 66, 47, 15, 12, 71, 60, 81, 89, 3, 10, 90, 41, 70, 27, 6, 67, 9, 33, 39, 42, 44, 38, 46, 30, 63, 45, 64, 94, 55, 34, 85, 98, 4, 61, 62, 48, 8]",40,15,21,1106.532,811,50,0.01,0.9,10
SimulatedAnnealing,T50_a0.9_i10,large_01.txt,10,100,3,13,960,"[60, 34, 22, 9, 23, 36, 96, 41, 44, 53, 68, 27, 26, 17, 28, 25, 85, 73, 8, 86, 66, 93, 81, 11, 70, 7, 18, 97, 1, 57, 35, 71, 45, 50, 74, 83, 65, 40, 39, 61, 55, 95, 24, 52, 48, 91, 72, 3, 29, 30, 33, 69, 82, 62, 12, 14, 38, 88, 10, 42, 63, 99, 56, 80, 21, 90, 32, 6, 46, 94, 15, 4, 51, 5, 64, 31, 87, 0, 78, 98, 19, 20, 47, 59, 76, 77, 54, 13, 58, 16, 37, 92, 49, 79, 89, 2, 67, 75, 43, 84]",43,11,21,1139.648,811,50,0.01,0.9,10
SimulatedAnnealing,T50_a0.9_i10,large_01.txt,10,100,4,99,1000,"[95, 11, 57, 80, 99, 26, 8, 48, 45, 72, 24, 7, 37, 84, 21, 69, 64, 60, 36, 63, 34, 47, 28, 5, 16, 4, 25, 91, 62, 0, 39, 96, 58, 75, 46, 13, 32, 94, 44, 98, 20, 90, 31, 33, 54, 59, 74, 61, 27, 82, 22, 42, 83, 2, 97, 87, 35, 38, 51, 9, 40, 78, 55, 30, 23, 3, 88, 6, 10, 17, 67, 15, 85, 79, 76, 19, 1, 93, 43, 77, 65, 52, 66, 50, 14, 18, 86, 29, 81, 56, 12, 41, 70, 49, 92, 71, 53, 89, 73, 68]",40,20,20,1123.455,811,50,0.01,0.9,10
SimulatedAnnealing,T50_a0.9_i10,large_01.txt,10,100,5,1234,960,"[24, 74, 3, 6, 53, 30, 69, 38, 32, 19, 60, 33, 34, 48, 95, 71, 18, 49, 64, 16, 82, 17, 37, 58, 15, 89, 75, 66, 22, 29, 88, 28, 40, 93, 65, 1, 57, 8, 31, 36, 7, 9, 13, 67, 20, 62, 68, 90, 87, 23, 21, 73, 11, 0, 52, 12, 84, 98, 43, 4, 41, 99, 85, 55, 54, 81, 63, 25, 96, 26, 35, 78, 59, 10, 70, 44, 46, 5, 61, 51, 97, 14, 80, 2, 76, 45, 50, 56, 72, 79, 83, 91, 94, 42, 77, 47, 92, 39, 86, 27]",41,15,20,1129.755,811,50,0.01,0.9,10
SimulatedAnnealing,T50_a0.9_i10,large_01.txt,10,100,6,555,1030,"[99, 81, 69, 57, 89, 8, 33, 82, 85, 10, 9, 5, 7, 46, 68, 39, 16, 60, 77, 21, 96, 41, 25, 20, 18, 6, 58, 30, 50, 4, 73, 38, 94, 43, 27, 45, 84, 0, 86, 49, 67, 2, 47, 37, 97, 35, 42, 83, 98, 29, 15, 76, 23, 22, 48, 26, 14, 51, 75, 66, 34, 65, 87, 90, 61, 70, 53, 17, 72, 32, 88, 93, 64, 19, 71, 54, 11, 3, 56, 80, 62, 92, 13, 74, 59, 1, 91, 55, 36, 78, 79, 24, 95, 28, 31, 40, 44, 12, 63, 52]",40,19,22,1107.768,811,50,0.01,0.9,10
SimulatedAnnealing,T50_a0.9_i10,large_01.txt,10,100,7,321,970,"[38, 55, 95, 65, 15, 46, 7, 41, 76, 59, 99, 18, 17, 40, 47, 36, 48, 22, 2, 25, 82, 69, 11, 77, 78, 58, 62, 20, 75, 4, 87, 19, 94, 68, 61, 0, 37, 8, 93, 79, 63, 1, 26, 24, 66, 91, 50, 10, 73, 57, 98, 60, 67, 3, 21, 34, 54, 33, 96, 6, 23, 92, 89, 13, 64, 80, 81, 9, 45, 27, 32, 30, 39, 51, 83, 86, 5, 42, 35, 12, 53, 90, 72, 74, 14, 71, 56, 88, 28, 97, 84, 49, 31, 16, 70, 44, 43, 29, 52, 85]",35,22,20,1132.39,811,50,0.01,0.9,10
SimulatedAnnealing,T50_a0.9_i10,large_01.txt,10,100,8,808,990,"[28, 40, 39, 45, 98, 43, 94, 86, 51, 87, 61, 92, 26, 70, 34, 23, 77, 9, 97, 53, 31, 4, 11, 49, 38, 7, 57, 12, 72, 36, 52, 74, 32, 73, 91, 85, 56, 3, 42, 79, 67, 78, 22, 55, 66, 89, 88, 6, 37, 96, 46, 84, 63, 1, 83, 80, 71, 14, 82, 8, 17, 5, 41, 54, 59, 99, 13, 0, 50, 16, 15, 58, 35, 10, 27, 93, 47, 2, 68, 48, 30, 29, 44, 76, 24, 75, 60, 69, 95, 21, 18, 90, 81, 64, 20, 25, 65, 62, 33, 19]",40,17,21,1125.912,811,50,0.01,0.9,10
SimulatedAnnealing,T50_a0.9_i10,large_01.txt,10,100,9,777,1000,"[43, 73, 76, 4, 54, 28, 3, 60, 83, 85, 2, 96, 77, 75, 82, 99, 81, 8, 48, 89, 38, 97, 23, 35, 30, 63, 26, 67, 51, 6, 36, 34, 91, 61, 55, 7, 44, 69, 49, 98, 39, 13, 25, 94, 37, 66, 14, 1, 41, 22, 74, 78, 10, 70, 86, 19, 42, 27, 72, 33, 84, 53, 52, 17, 88, 46, 64, 9, 47, 59, 32, 15, 57, 24, 40, 45, 68, 87, 12, 50, 92, 71, 58, 65, 18, 95, 80, 29, 62, 0, 5, 11, 93, 20, 21, 79, 16, 56, 90, 31]",41,19,20,1166.539,811,50,0.01,0.9,10
SimulatedAnnealing,T50_a0.9_i10,large_01.txt,10,100,10,2024,1000,"[85, 99, 42, 61, 93, 98, 67, 82, 81, 29, 63, 76, 16, 31, 74, 19, 32, 15, 83, 46, 51, 11, 13, 33, 96, 36, 58, 56, 77, 22, 18, 17, 59, 70, 92, 2, 54, 3, 60, 12, 48, 0, 43, 40, 28, 23, 94, 10, 62, 65, 73, 84, 68, 44, 35, 91, 72, 37, 66, 6, 57, 53, 89, 25, 87, 50, 55, 5, 88, 34, 41, 80, 27, 45, 38, 86, 47, 8, 75, 20, 78, 69, 79, 90, 30, 26, 39, 95, 71, 7, 21, 97, 64, 1, 52, 9, 24, 14, 49, 4]",42,16,21,1138.937,811,50,0.01,0.9,10
SimulatedAnnealing,T50_a0.9_i15,large_01.txt,10,100,1,42,960,"[58, 65, 5, 2, 82, 7, 21, 11, 38, 71, 39, 97, 46, 45, 70, 80, 48, 4, 1, 41, 75, 33, 81, 94, 44, 10, 62, 20, 98, 68, 72, 79, 76, 54, 13, 9, 35, 93, 66, 52, 8, 30, 55, 40, 28, 96, 83, 0, 19, 15, 29, 36, 37, 69, 59, 56, 17, 25, 78, 99, 31, 50, 74, 34, 85, 6, 57, 92, 12, 89, 42, 88, 53, 86, 27, 43, 61, 60, 64, 14, 18, 67, 63, 3, 51, 32, 77, 49, 22, 84, 87, 95, 73, 91, 23, 24, 16, 90, 26, 47]",39,17,20,1696.584,1216,50,0.01,0.9,15
SimulatedAnnealing,T50_a0.9_i15,large_01.txt,10,100,2,7,970,"[38, 60, 20, 96, 58, 86, 90, 67, 24, 47, 84, 3, 78, 74, 29, 80, 97, 40, 92, 49, 53, 65, 37, 4, 32, 99, 18, 30, 12, 13, 81, 35, 95, 57, 39, 1, 41, 55, 91, 87, 61, 11, 26, 68, 85, 54, 72, 70, 42, 36, 71, 66, 64, 77, 17, 15, 28, 79, 25, 2, 59, 46, 93, 73, 83, 63, 14, 44, 94, 69, 56, 5, 21, 62, 19, 33, 75, 6, 43, 16, 52, 31, 50, 7, 23, 10, 27, 88, 34, 9, 89, 98, 76, 82, 45, 0, 48, 22, 51, 8]",41,16,20,1662.304,1216,50,0.01,0.9,15
SimulatedAnnealing,T50_a0.9_i15,large_01.txt,10,100,3,13,950,"[13, 84, 9, 62, 38, 86, 6, 31, 97, 33, 76, 4, 37, 34, 73, 88, 80, 25, 96, 10, 64, 91, 28, 90, 35, 93, 50, 17, 54, 26, 23, 18, 77, 22, 48, 44, 14, 32, 89, 12, 74, 7, 56, 99, 30, 66, 69, 3, 51, 47, 40, 57, 39, 8, 78, 46, 87, 24, 63, 68, 45, 59, 85, 20, 43, 72, 67, 1, 61, 98, 71, 5, 16, 19, 41, 79, 11, 27, 65, 36, 60, 53, 70, 21, 52, 81, 75, 49, 15, 0, 92, 29, 95, 42, 83, 2, 58, 55, 94, 82]",44,11,20,1722.037,1216,50,0.01,0.9,15
SimulatedAnnealing,T50_a0.9_i15,large_01.txt,10,100,4,99,1010,"[13, 27, 9, 54, 92, 21, 4, 47, 97, 45, 38, 52, 74, 23, 19, 51, 72, 62, 37, 89, 64, 1, 11, 7, 85, 2, 28, 68, 25, 3, 67, 77, 18, 69, 88, 59, 81, 53, 16, 99, 95, 71, 44, 98, 26, 30, 83, 0, 42, 43, 31, 46, 17, 5, 20, 24, 96, 90, 65, 73, 76, 55, 29, 34, 56, 39, 33, 10, 87, 40, 15, 8, 58, 14, 41, 70, 22, 79, 35, 50, 86, 12, 80, 93, 63, 57, 94, 66, 36, 6, 61, 75, 48, 91, 82, 84, 78, 60, 32, 49]",42,19,20,1687.863,1216,50,0.01,0.9,15
SimulatedAnnealing,T50_a0.9_i15,large_01.txt,10,100,5,1234,950,"[28, 41, 46, 5, 59, 80, 24, 32, 81, 40, 82, 94, 36, 52, 75, 97, 60, 35, 83, 44, 72, 69, 77, 93, 12, 86, 51, 79, 14, 9, 18, 66, 65, 17, 43, 6, 16, 68, 84, 92, 3, 95, 54, 11, 61, 39, 25, 87, 15, 29, 13, 22, 56, 20, 85, 53, 62, 42, 21, 7, 23, 76, 73, 26, 31, 19, 67, 8, 71, 33, 49, 1, 34, 50, 70, 57, 2, 48, 27, 89, 4, 10, 64, 30, 45, 99, 91, 78, 38, 98, 88, 55, 74, 96, 58, 0, 47, 37, 63, 90]",37,16,21,1717.559,1216,50,0.01,0.9,15
SimulatedAnnealing,T50_a0.9_i15,large_01.txt,10,100,6,555,930,"[82, 42, 39, 43, 81, 33, 5, 32, 70, 92, 75, 26, 21, 10, 44, 19, 74, 35, 40, 46, 51, 94, 99, 20, 47, 24, 30, 83, 23, 16, 14, 72, 34, 86, 73, 50, 76, 4, 55, 98, 52, 8, 80, 48, 95, 97, 38, 57, 54, 29, 31, 69, 45, 68, 49, 77, 63, 11, 85, 93, 91, 59, 66, 79, 87, 3, 25, 2, 61, 89, 12, 1, 56, 22, 53, 90, 7, 6, 67, 84, 71, 37, 41, 96, 62, 15, 60, 36, 18, 9, 78, 88, 65, 17, 58, 28, 27, 13, 64, 0]",43,10,20,1707.561,1216,50,0.01,0.9,15
SimulatedAnnealing,T50_a0.9_i15,large_01.txt,10,100,7,321,920,"[89, 96, 81, 7, 22, 8, 1, 93, 17, 90, 85, 88, 38, 11, 97, 27, 21, 5, 64, 46, 66, 35, 62, 52, 71, 48, 28, 26, 3, 42, 82, 33, 31, 99, 77, 92, 45, 13, 40, 37, 51, 59, 12, 20, 30, 19, 56, 29, 86, 60, 95, 79, 14, 6, 36, 39, 50, 80, 47, 78, 34, 68, 18, 57, 73, 94, 49, 4, 41, 24, 54, 10, 84, 63, 65, 83, 16, 2, 69, 91, 75, 70, 98, 0, 25, 44, 74, 55, 53, 72, 32, 61, 76, 43, 58, 67, 23, 15, 87, 9]",34,18,20,1741.225,1216,50,0.01,0.9,15
SimulatedAnnealing,T50_a0.9_i15,large_01.txt,10,100,8,808,920,"[12, 48, 5, 33, 90, 45, 75, 15, 55, 19, 43, 95, 94, 27, 82, 96, 46, 99, 37, 41, 35, 93, 18, 84, 72, 50, 59, 61, 86, 6, 88, 73, 92, 10, 13, 30, 22, 4, 91, 17, 64, 29, 85, 28, 23, 21, 77, 3, 36, 89, 58, 71, 79, 0, 53, 40, 14, 56, 11, 2, 65, 87, 24, 69, 51, 1, 26, 7, 25, 97, 42, 9, 74, 20, 47, 63, 38, 76, 68, 52, 44, 60, 34, 32, 57, 70, 81, 16, 80, 66, 62, 98, 54, 67, 31, 39, 83, 78, 49, 8]",42,10,20,1705.549,1216,50,0.01,0.9,15
SimulatedAnnealing,T50_a0.9_i15,large_01.txt,10,100,9,777,940,"[88, 51, 75, 67, 83, 59, 36, 85, 69, 91, 57, 7, 23, 55, 72, 98, 18, 96, 81, 13, 60, 5, 43, 93, 78, 32, 53, 33, 4, 94, 31, 10, 80, 22, 12, 25, 46, 17, 70, 84, 63, 97, 73, 64, 49, 66, 54, 42, 52, 24, 48, 16, 37, 99, 15, 29, 71, 79, 38, 27, 87, 19, 90, 14, 26, 9, 40, 3, 68, 45, 76, 0, 82, 92, 77, 44, 1, 30, 74, 86, 58, 11, 62, 6, 20, 39, 50, 41, 89, 28, 35, 21, 61, 95, 47, 8, 65, 34, 56, 2]",44,10,20,1702.166,1216,50,0.01,0.9,15
SimulatedAnnealing,T50_a0.9_i15,large_01.txt,10,100,10,2024,920,"[59, 32, 20, 89, 43, 99, 16, 91, 12, 68, 3, 0, 24, 49, 14, 79, 33, 58, 98, 30, 88, 18, 47, 5, 38, 8, 60, 29, 54, 70, 63, 27, 42, 37, 72, 71, 83, 4, 50, 10, 51, 75, 67, 64, 13, 81, 26, 6, 52, 53, 96, 48, 94, 95, 56, 90, 61, 73, 80, 82, 35, 84, 22, 25, 65, 66, 17, 1, 11, 45, 76, 36, 19, 46, 40, 77, 87, 93, 85, 39, 41, 86, 21, 69, 28, 97, 31, 44, 15, 7, 2, 55, 23, 34, 78, 9, 74, 57, 62, 92]",36,16,20,1681.757,1216,50,0.01,0.9,15
SimulatedAnnealing,T50_a0.9_i25,large_01.txt,10,100,1,42,880,"[60, 76, 66, 15, 53, 19, 84, 54, 25, 62, 39, 80, 97, 20, 68, 89, 50, 75, 35, 98, 28, 5, 65, 33, 43, 6, 37, 82, 81, 3, 12, 90, 18, 99, 72, 9, 56, 0, 27, 40, 38, 8, 41, 92, 29, 11, 47, 1, 26, 79, 59, 95, 63, 88, 61, 64, 48, 94, 14, 10, 52, 57, 36, 55, 74, 2, 34, 22, 77, 87, 23, 4, 67, 93, 78, 73, 30, 13, 85, 96, 17, 51, 24, 42, 45, 70, 69, 86, 83, 46, 7, 44, 58, 16, 21, 91, 32, 31, 49, 71]",33,15,20,2820.26,2026,50,0.01,0.9,25
SimulatedAnnealing,T50_a0.9_i25,large_01.txt,10,100,2,7,930,"[49, 47, 20, 78, 61, 5, 31, 92, 85, 34, 69, 6, 17, 41, 94, 50, 37, 18, 93, 89, 86, 27, 26, 2, 12, 9, 84, 54, 32, 72, 44, 80, 76, 65, 35, 4, 23, 82, 36, 33, 68, 0, 73, 11, 58, 16, 70, 1, 87, 43, 59, 25, 62, 22, 56, 19, 67, 96, 15, 13, 28, 52, 57, 42, 48, 51, 53, 3, 66, 45, 14, 8, 83, 10, 77, 98, 21, 7, 39, 90, 46, 63, 74, 29, 81, 24, 88, 30, 75, 40, 55, 71, 79, 38, 97, 60, 64, 91, 95, 99]",43,10,20,2776.535,2026,50,0.01,0.9,25
SimulatedAnnealing,T50_a0.9_i25,large_01.txt,10,100,3,13,920,"[28, 32, 40, 63, 38, 2, 6, 55, 83, 25, 42, 26, 75, 79, 24, 99, 70, 8, 84, 56, 31, 27, 11, 0, 22, 7, 94, 17, 77, 1, 16, 58, 33, 69, 44, 80, 18, 10, 85, 67, 3, 9, 97, 45, 43, 39, 57, 29, 53, 47, 34, 49, 86, 4, 91, 78, 93, 36, 41, 65, 61, 90, 74, 72, 30, 54, 50, 89, 35, 62, 66, 15, 14, 19, 95, 60, 82, 76, 46, 96, 73, 92, 13, 87, 52, 88, 23, 21, 48, 98, 5, 20, 12, 51, 37, 81, 68, 59, 64, 71]",38,14,20,2856.254,2026,50,0.01,0.9,25
SimulatedAnnealing,T50_a0.9_i25,large_01.txt,10,100,4,99,920,"[19, 34, 99, 84, 59, 92, 87, 43, 53, 49, 3, 22, 50, 18, 82, 76, 37, 89, 93, 16, 2, 70, 61, 47, 57, 5, 54, 11, 68, 36, 41, 80, 74, 20, 77, 1, 26, 10, 35, 12, 4, 7, 30, 15, 73, 38, 75, 78, 24, 96, 62, 58, 64, 31, 48, 97, 85, 67, 52, 98, 86, 90, 44, 71, 88, 40, 32, 60, 25, 56, 17, 45, 39, 91, 63, 29, 66, 9, 81, 69, 94, 33, 14, 8, 21, 51, 72, 55, 23, 0, 95, 79, 13, 65, 46, 42, 28, 27, 83, 6]",37,13,21,2829.225,2026,50,0.01,0.9,25
SimulatedAnnealing,T50_a0.9_i25,large_01.txt,10,100,5,1234,910,"[96, 53, 51, 44, 13, 34, 5, 57, 84, 59, 92, 18, 14, 41, 94, 30, 46, 67, 82, 19, 35, 89, 23, 49, 11, 7, 56, 16, 31, 1, 17, 79, 43, 12, 70, 77, 81, 69, 63, 22, 54, 9, 29, 80, 55, 36, 76, 0, 62, 21, 83, 27, 32, 3, 26, 28, 33, 40, 87, 68, 66, 39, 65, 91, 61, 15, 98, 97, 74, 25, 20, 42, 37, 86, 71, 88, 50, 6, 75, 24, 73, 90, 45, 8, 85, 58, 64, 10, 48, 99, 2, 95, 72, 47, 78, 38, 52, 60, 93, 4]",45,6,20,2799.403,2026,50,0.01,0.9,25
SimulatedAnnealing,T50_a0.9_i25,large_01.txt,10,100,6,555,930,"[90, 59, 68, 27, 46, 69, 6, 95, 47, 30, 87, 1, 64, 67, 97, 77, 84, 4, 29, 65, 99, 71, 25, 32, 75, 0, 39, 10, 5, 17, 36, 51, 48, 34, 73, 9, 50, 92, 58, 52, 96, 62, 33, 54, 26, 91, 57, 7, 88, 74, 28, 63, 31, 56, 78, 76, 85, 23, 22, 41, 66, 13, 38, 60, 53, 20, 18, 21, 86, 72, 80, 3, 93, 45, 37, 79, 55, 42, 61, 40, 98, 19, 89, 43, 82, 94, 24, 83, 11, 2, 16, 35, 81, 15, 44, 12, 14, 70, 49, 8]",40,13,20,2792.803,2026,50,0.01,0.9,25
SimulatedAnnealing,T50_a0.9_i25,large_01.txt,10,100,7,321,920,"[90, 66, 4, 72, 80, 5, 22, 54, 49, 19, 79, 64, 23, 26, 77, 99, 25, 42, 69, 37, 87, 48, 34, 39, 51, 9, 81, 44, 47, 53, 45, 20, 61, 12, 85, 52, 18, 1, 59, 73, 78, 98, 91, 21, 32, 30, 38, 24, 82, 95, 88, 28, 27, 7, 11, 46, 71, 84, 65, 8, 76, 33, 57, 94, 83, 60, 74, 70, 67, 75, 36, 40, 96, 93, 68, 10, 43, 86, 13, 29, 58, 97, 62, 6, 56, 41, 14, 92, 31, 0, 2, 50, 89, 35, 16, 17, 63, 55, 15, 3]",32,20,20,2790.74,2026,50,0.01,0.9,25
SimulatedAnnealing,T50_a0.9_i25,large_01.txt,10,100,8,808,920,"[70, 75, 40, 83, 10, 3, 25, 15, 76, 90, 45, 91, 52, 36, 94, 71, 81, 33, 2, 42, 56, 14, 99, 80, 63, 6, 46, 49, 88, 95, 17, 93, 54, 50, 26, 24, 43, 8, 73, 97, 4, 98, 67, 48, 44, 53, 96, 62, 84, 11, 55, 82, 58, 20, 37, 16, 87, 78, 12, 1, 35, 68, 66, 79, 30, 7, 77, 18, 64, 22, 23, 27, 72, 29, 65, 39, 41, 38, 32, 51, 74, 19, 86, 9, 21, 60, 85, 59, 92, 0, 28, 89, 57, 47, 61, 5, 69, 13, 34, 31]",36,16,20,2841.643,2026,50,0.01,0.9,25
SimulatedAnnealing,T50_a0.9_i25,large_01.txt,10,100,9,777,880,"[23, 53, 87, 45, 50, 57, 8, 31, 56, 78, 93, 16, 17, 14, 74, 49, 35, 38, 43, 79, 62, 29, 20, 40, 37, 7, 46, 51, 4, 22, 28, 58, 47, 36, 72, 9, 98, 1, 67, 27, 64, 10, 15, 95, 83, 60, 19, 2, 55, 69, 42, 97, 44, 21, 26, 96, 84, 90, 77, 34, 75, 91, 94, 32, 11, 30, 59, 76, 73, 71, 61, 6, 33, 80, 66, 85, 24, 0, 13, 39, 41, 12, 52, 88, 48, 70, 65, 99, 68, 25, 81, 18, 54, 82, 92, 5, 86, 89, 63, 3]",38,10,20,2800.632,2026,50,0.01,0.9,25
SimulatedAnnealing,T50_a0.9_i25,large_01.txt,10,100,10,2024,890,"[93, 55, 8, 46, 31, 33, 85, 88, 42, 69, 54, 3, 68, 13, 77, 96, 92, 0, 44, 91, 45, 9, 79, 29, 12, 51, 98, 17, 16, 59, 83, 90, 52, 15, 23, 22, 21, 4, 58, 39, 36, 40, 18, 48, 57, 80, 86, 11, 66, 10, 56, 94, 50, 73, 38, 99, 34, 87, 27, 95, 65, 30, 26, 75, 61, 62, 81, 1, 43, 82, 32, 19, 41, 71, 67, 20, 74, 2, 63, 24, 53, 97, 64, 5, 25, 28, 76, 37, 49, 7, 72, 70, 35, 89, 47, 84, 14, 60, 78, 6]",39,10,20,2817.381,2026,50,0.01,0.9,25
SimulatedAnnealing,T100_a0.5_i10,large_01.txt,10,100,1,42,1220,"[15, 30, 17, 9, 39, 77, 81, 46, 63, 37, 57, 1, 68, 40, 45, 35, 27, 26, 22, 99, 64, 72, 32, 2, 60, 13, 6, 52, 62, 87, 44, 33, 67, 29, 74, 11, 58, 5, 85, 16, 75, 23, 65, 43, 18, 38, 61, 96, 7, 76, 97, 70, 36, 51, 41, 66, 49, 19, 21, 12, 93, 94, 0, 10, 79, 78, 73, 4, 55, 31, 92, 90, 14, 59, 8, 89, 53, 42, 84, 50, 56, 98, 48, 82, 80, 83, 54, 3, 28, 91, 86, 71, 47, 69, 25, 24, 88, 34, 95, 20]",43,29,25,194.968,141,100,0.01,0.5,10
SimulatedAnnealing,T100_a0.5_i10,large_01.txt,10,100,2,7,1210,"[89, 25, 10, 52, 78, 7, 26, 21, 31, 1, 6, 0, 63, 12, 35, 49, 34, 33, 4, 15, 73, 64, 79, 71, 14, 5, 36, 68, 16, 62, 65, 74, 99, 19, 88, 42, 59, 91, 57, 13, 97, 95, 75, 48, 3, 41, 61, 2, 94, 66, 27, 30, 58, 98, 92, 44, 82, 81, 67, 38, 56, 80, 47, 22, 45, 20, 37, 43, 51, 96, 54, 9, 76, 8, 55, 87, 84, 70, 72, 18, 85, 17, 77, 39, 28, 86, 53, 69, 60, 29, 23, 11, 24, 93, 32, 40, 83, 50, 46, 90]",43,32,23,203.447,141,100,0.01,0.5,10
SimulatedAnnealing,T100_a0.5_i10,large_01.txt,10,100,3,13,1270,"[77, 59, 24, 72, 89, 99, 75, 21, 6, 43, 20, 11, 74, 69, 73, 79, 2, 80, 78, 52, 83, 5, 56, 58, 51, 84, 10, 12, 50, 15, 22, 68, 25, 19, 70, 92, 88, 8, 49, 14, 47, 71, 76, 81, 30, 35, 41, 90, 37, 31, 62, 39, 42, 7, 53, 96, 29, 86, 38, 4, 16, 3, 48, 91, 27, 46, 36, 0, 63, 44, 32, 85, 94, 57, 93, 17, 82, 60, 1, 9, 28, 55, 34, 33, 18, 26, 61, 13, 45, 64, 67, 54, 40, 95, 66, 23, 97, 87, 65, 98]",41,36,25,203.634,141,100,0.01,0.5,10
SimulatedAnnealing,T100_a0.5_i10,large_01.txt,10,100,4,99,1200,"[28, 68, 7, 20, 85, 58, 52, 65, 5, 86, 99, 45, 87, 66, 81, 24, 15, 63, 82, 88, 98, 2, 29, 41, 70, 0, 30, 8, 62, 9, 95, 55, 96, 22, 53, 26, 51, 1, 50, 69, 77, 16, 57, 37, 92, 31, 27, 42, 97, 54, 72, 12, 43, 3, 33, 94, 44, 73, 4, 59, 84, 18, 35, 74, 93, 11, 17, 60, 34, 21, 10, 83, 23, 13, 40, 80, 89, 71, 36, 91, 78, 14, 48, 75, 90, 61, 49, 47, 25, 38, 76, 39, 67, 19, 46, 56, 32, 79, 64, 6]",44,30,23,193.499,141,100,0.01,0.5,10
SimulatedAnnealing,T100_a0.5_i10,large_01.txt,10,100,5,1234,1250,"[83, 80, 93, 74, 9, 45, 78, 60, 76, 59, 44, 14, 63, 48, 53, 69, 10, 73, 16, 55, 25, 20, 97, 89, 82, 70, 51, 61, 5, 90, 32, 28, 86, 15, 75, 11, 12, 0, 54, 13, 27, 50, 85, 21, 95, 98, 26, 29, 24, 33, 64, 46, 68, 7, 17, 56, 96, 37, 65, 87, 77, 34, 94, 92, 39, 2, 36, 49, 47, 8, 31, 62, 40, 1, 35, 58, 57, 88, 81, 84, 30, 79, 43, 18, 52, 91, 42, 71, 66, 67, 72, 23, 41, 99, 38, 4, 6, 3, 22, 19]",47,28,25,209.89,141,100,0.01,0.5,10
SimulatedAnnealing,T100_a0.5_i10,large_01.txt,10,100,6,555,1230,"[30, 31, 84, 87, 60, 72, 46, 54, 42, 40, 14, 56, 11, 8, 3, 83, 48, 6, 4, 19, 43, 1, 73, 65, 90, 33, 44, 70, 51, 64, 93, 38, 35, 52, 95, 26, 34, 69, 15, 79, 76, 63, 23, 96, 55, 61, 29, 82, 81, 24, 5, 12, 50, 88, 66, 71, 78, 16, 89, 39, 25, 22, 67, 20, 37, 9, 28, 49, 68, 85, 18, 74, 91, 59, 41, 99, 58, 21, 98, 10, 62, 47, 36, 7, 17, 97, 45, 94, 13, 27, 53, 86, 77, 0, 75, 92, 57, 32, 2, 80]",41,32,25,203.222,141,100,0.01,0.5,10
SimulatedAnnealing,T100_a0.5_i10,large_01.txt,10,100,7,321,1220,"[20, 97, 77, 51, 32, 86, 68, 21, 76, 58, 87, 90, 43, 98, 60, 73, 63, 10, 27, 22, 14, 46, 48, 34, 70, 72, 54, 57, 39, 38, 17, 50, 95, 11, 13, 69, 67, 79, 85, 9, 3, 16, 6, 35, 45, 29, 7, 62, 15, 36, 33, 80, 81, 31, 25, 89, 26, 66, 4, 0, 99, 59, 64, 12, 75, 88, 94, 8, 55, 52, 19, 96, 40, 30, 93, 24, 56, 5, 41, 37, 83, 53, 65, 1, 28, 61, 84, 92, 78, 82, 2, 91, 44, 49, 74, 71, 47, 42, 23, 18]",43,31,24,203.857,141,100,0.01,0.5,10
SimulatedAnnealing,T100_a0.5_i10,large_01.txt,10,100,8,808,1210,"[19, 25, 41, 91, 33, 68, 81, 11, 17, 80, 96, 3, 20, 78, 54, 77, 64, 43, 50, 49, 61, 2, 65, 4, 59, 70, 72, 87, 7, 83, 18, 30, 23, 5, 9, 14, 16, 82, 97, 52, 55, 8, 56, 84, 62, 1, 67, 47, 28, 0, 26, 79, 37, 75, 98, 86, 24, 42, 73, 58, 40, 35, 44, 74, 76, 36, 38, 63, 27, 12, 85, 71, 94, 88, 45, 66, 22, 95, 48, 99, 46, 10, 21, 29, 53, 57, 69, 39, 31, 32, 6, 15, 93, 92, 51, 90, 13, 34, 60, 89]",44,29,24,202.157,141,100,0.01,0.5,10
SimulatedAnnealing,T100_a0.5_i10,large_01.txt,10,100,9,777,1210,"[82, 25, 99, 75, 10, 78, 0, 23, 38, 57, 32, 24, 91, 73, 48, 19, 27, 22, 5, 31, 26, 61, 77, 52, 83, 7, 11, 72, 71, 98, 3, 87, 80, 12, 95, 43, 51, 17, 40, 94, 8, 1, 63, 96, 67, 92, 49, 2, 30, 76, 56, 60, 28, 54, 86, 64, 59, 15, 55, 41, 88, 9, 6, 81, 18, 85, 21, 69, 16, 37, 39, 20, 36, 66, 74, 65, 42, 62, 34, 13, 90, 53, 70, 35, 93, 50, 58, 89, 79, 44, 14, 84, 68, 46, 97, 33, 47, 45, 4, 29]",37,36,24,196.342,141,100,0.01,0.5,10
SimulatedAnnealing,T100_a0.5_i10,large_01.txt,10,100,10,2024,1190,"[19, 64, 99, 65, 62, 59, 73, 63, 49, 27, 48, 37, 41, 53, 26, 40, 69, 2, 5, 86, 17, 92, 68, 96, 81, 35, 89, 78, 23, 6, 46, 58, 44, 98, 29, 61, 50, 87, 0, 32, 88, 83, 54, 80, 16, 55, 77, 47, 45, 28, 14, 76, 18, 4, 57, 97, 72, 71, 10, 20, 22, 84, 79, 85, 95, 3, 70, 8, 94, 74, 93, 9, 39, 42, 56, 51, 33, 91, 30, 82, 66, 13, 24, 67, 75, 21, 7, 31, 11, 1, 34, 36, 25, 12, 52, 38, 90, 43, 15, 60]",41,34,22,203.484,141,100,0.01,0.5,10
SimulatedAnnealing,T100_a0.5_i15,large_01.txt,10,100,1,42,1170,"[66, 30, 17, 25, 75, 86, 88, 26, 11, 99, 28, 1, 68, 91, 32, 55, 89, 45, 22, 92, 31, 8, 84, 2, 51, 62, 83, 40, 9, 50, 81, 54, 85, 39, 74, 73, 42, 52, 47, 82, 46, 12, 13, 43, 21, 19, 61, 90, 7, 59, 97, 53, 65, 0, 98, 76, 37, 79, 18, 78, 64, 5, 6, 10, 38, 29, 63, 4, 23, 94, 27, 20, 14, 15, 96, 33, 72, 58, 77, 36, 56, 95, 48, 49, 35, 67, 87, 3, 57, 70, 16, 71, 24, 69, 93, 60, 44, 34, 41, 80]",39,30,24,295.946,211,100,0.01,0.5,15
SimulatedAnnealing,T100_a0.5_i15,large_01.txt,10,100,2,7,1170,"[42, 68, 93, 52, 31, 3, 35, 81, 80, 78, 37, 14, 67, 96, 23, 49, 34, 77, 4, 48, 55, 64, 79, 6, 5, 71, 72, 86, 84, 30, 92, 12, 74, 26, 88, 0, 59, 91, 57, 70, 46, 29, 75, 51, 62, 97, 25, 2, 94, 11, 36, 98, 58, 61, 65, 99, 82, 90, 41, 16, 56, 89, 24, 7, 27, 44, 43, 85, 18, 8, 45, 9, 76, 22, 28, 87, 20, 1, 95, 19, 69, 17, 66, 39, 54, 38, 53, 21, 32, 60, 47, 33, 73, 10, 13, 40, 83, 50, 63, 15]",48,23,23,290.809,211,100,0.01,0.5,15
SimulatedAnnealing,T100_a0.5_i15,large_01.txt,10,100,3,13,1140,"[64, 10, 15, 0, 89, 29, 23, 33, 32, 43, 58, 94, 18, 91, 1, 66, 71, 35, 24, 22, 60, 5, 70, 72, 51, 84, 59, 74, 48, 63, 53, 19, 20, 37, 11, 92, 42, 85, 78, 14, 83, 86, 76, 49, 30, 41, 17, 7, 38, 8, 61, 39, 67, 90, 62, 47, 87, 2, 3, 4, 54, 99, 68, 50, 27, 57, 36, 93, 34, 21, 31, 16, 56, 46, 88, 80, 82, 96, 95, 52, 69, 55, 77, 75, 65, 26, 79, 98, 45, 97, 13, 9, 40, 12, 73, 44, 25, 81, 28, 6]",41,23,25,294.843,211,100,0.01,0.5,15
SimulatedAnnealing,T100_a0.5_i15,large_01.txt,10,100,4,99,1140,"[1, 15, 74, 76, 26, 86, 8, 77, 5, 69, 66, 60, 23, 50, 82, 94, 46, 98, 81, 95, 56, 6, 68, 36, 70, 0, 14, 52, 62, 2, 40, 37, 96, 24, 18, 30, 29, 42, 13, 51, 85, 92, 20, 78, 93, 31, 16, 45, 65, 54, 72, 17, 43, 3, 48, 90, 12, 63, 4, 22, 84, 80, 35, 33, 25, 39, 75, 27, 34, 28, 10, 88, 57, 41, 58, 59, 89, 11, 21, 99, 87, 53, 83, 19, 97, 61, 73, 71, 49, 38, 64, 47, 67, 44, 55, 9, 32, 79, 91, 7]",43,25,23,289.829,211,100,0.01,0.5,15
SimulatedAnnealing,T100_a0.5_i15,large_01.txt,10,100,5,1234,1160,"[24, 36, 79, 38, 10, 97, 93, 98, 60, 15, 75, 14, 63, 40, 65, 69, 32, 58, 77, 55, 61, 4, 35, 45, 19, 28, 51, 25, 5, 9, 68, 43, 71, 30, 88, 3, 82, 64, 39, 78, 76, 21, 85, 72, 96, 42, 2, 54, 29, 33, 87, 94, 13, 80, 59, 52, 49, 84, 37, 20, 48, 34, 50, 18, 83, 7, 0, 90, 81, 89, 66, 6, 23, 74, 27, 67, 46, 57, 70, 22, 92, 17, 47, 11, 41, 91, 95, 1, 16, 8, 62, 31, 26, 99, 12, 73, 53, 44, 86, 56]",51,19,23,302.089,211,100,0.01,0.5,15
SimulatedAnnealing,T100_a0.5_i15,large_01.txt,10,100,6,555,1130,"[95, 77, 84, 9, 86, 5, 94, 54, 58, 22, 14, 99, 85, 76, 52, 47, 48, 6, 4, 87, 50, 1, 17, 72, 90, 96, 44, 46, 78, 20, 93, 38, 79, 3, 31, 35, 34, 89, 65, 27, 67, 63, 23, 75, 55, 26, 45, 43, 40, 37, 51, 33, 39, 88, 25, 71, 56, 30, 19, 91, 16, 69, 57, 12, 98, 10, 28, 21, 68, 64, 42, 70, 32, 53, 41, 49, 73, 24, 36, 81, 62, 83, 61, 2, 82, 74, 60, 80, 11, 13, 59, 97, 8, 0, 7, 92, 66, 29, 15, 18]",44,21,24,297.892,211,100,0.01,0.5,15
SimulatedAnnealing,T100_a0.5_i15,large_01.txt,10,100,7,321,1150,"[35, 56, 47, 57, 24, 52, 17, 88, 54, 39, 46, 30, 66, 98, 60, 8, 63, 27, 42, 99, 14, 9, 87, 76, 45, 26, 15, 29, 16, 82, 41, 50, 75, 11, 13, 69, 40, 61, 21, 93, 7, 4, 81, 78, 64, 89, 90, 23, 37, 80, 38, 36, 92, 70, 67, 62, 20, 58, 51, 0, 33, 59, 53, 12, 74, 84, 49, 77, 55, 31, 22, 1, 83, 86, 95, 32, 34, 97, 5, 96, 65, 18, 10, 48, 28, 68, 85, 6, 25, 72, 2, 91, 44, 73, 94, 71, 79, 19, 43, 3]",41,28,23,294.027,211,100,0.01,0.5,15
SimulatedAnnealing,T100_a0.5_i15,large_01.txt,10,100,8,808,1150,"[19, 25, 38, 12, 30, 95, 31, 11, 62, 80, 27, 8, 2, 78, 54, 23, 64, 43, 50, 58, 45, 93, 94, 29, 59, 10, 34, 87, 48, 0, 9, 52, 68, 5, 20, 7, 33, 66, 97, 72, 55, 3, 56, 84, 17, 21, 67, 39, 28, 83, 26, 41, 37, 99, 98, 86, 24, 42, 73, 77, 40, 79, 46, 74, 76, 36, 35, 63, 96, 15, 85, 89, 65, 71, 18, 82, 22, 70, 14, 75, 44, 49, 1, 4, 53, 57, 69, 47, 81, 32, 6, 91, 61, 92, 51, 90, 13, 16, 60, 88]",43,24,24,295.824,211,100,0.01,0.5,15
SimulatedAnnealing,T100_a0.5_i15,large_01.txt,10,100,9,777,1110,"[31, 48, 2, 75, 97, 85, 0, 51, 44, 19, 6, 7, 91, 41, 55, 68, 47, 59, 9, 20, 26, 92, 57, 1, 67, 81, 86, 78, 71, 60, 14, 82, 54, 12, 83, 65, 63, 17, 58, 40, 8, 22, 50, 96, 43, 61, 11, 10, 38, 30, 36, 69, 88, 64, 16, 74, 33, 72, 37, 49, 28, 21, 32, 89, 18, 4, 84, 80, 93, 56, 39, 99, 87, 66, 46, 24, 42, 62, 79, 13, 90, 15, 53, 35, 34, 52, 94, 98, 76, 5, 25, 3, 45, 73, 27, 77, 23, 29, 95, 70]",47,22,21,303.811,211,100,0.01,0.5,15
SimulatedAnnealing,T100_a0.5_i15,large_01.txt,10,100,10,2024,1130,"[7, 64, 20, 62, 44, 59, 8, 82, 49, 27, 48, 32, 83, 69, 26, 40, 33, 2, 5, 96, 73, 97, 68, 31, 93, 50, 67, 90, 95, 28, 56, 24, 89, 21, 35, 36, 10, 79, 98, 45, 57, 81, 66, 18, 16, 55, 75, 47, 87, 84, 14, 76, 17, 4, 77, 92, 72, 74, 41, 65, 86, 99, 61, 22, 91, 3, 54, 71, 39, 94, 52, 9, 88, 42, 63, 51, 12, 0, 30, 19, 53, 38, 58, 43, 46, 60, 34, 29, 11, 1, 70, 85, 25, 78, 80, 6, 23, 37, 15, 13]",41,30,21,303.143,211,100,0.01,0.5,15
SimulatedAnnealing,T100_a0.5_i25,large_01.txt,10,100,1,42,1070,"[7, 24, 1, 9, 75, 77, 2, 82, 41, 18, 86, 98, 73, 52, 37, 74, 80, 45, 22, 70, 15, 8, 69, 78, 68, 35, 26, 54, 49, 0, 60, 79, 17, 43, 64, 50, 42, 93, 88, 34, 90, 53, 66, 89, 32, 23, 36, 63, 46, 99, 27, 10, 58, 67, 85, 81, 76, 61, 55, 5, 14, 48, 87, 12, 91, 72, 38, 4, 29, 97, 11, 40, 33, 96, 16, 57, 71, 92, 84, 21, 56, 13, 28, 3, 31, 65, 25, 95, 20, 94, 51, 83, 47, 6, 62, 39, 44, 59, 19, 30]",36,27,22,487.515,351,100,0.01,0.5,25
SimulatedAnnealing,T100_a0.5_i25,large_01.txt,10,100,2,7,1090,"[50, 69, 28, 87, 55, 80, 39, 14, 73, 88, 94, 13, 29, 91, 47, 42, 85, 4, 95, 75, 38, 9, 61, 74, 45, 76, 62, 26, 27, 6, 23, 35, 79, 93, 53, 0, 64, 19, 77, 44, 96, 5, 98, 10, 83, 46, 18, 2, 72, 3, 63, 99, 58, 54, 65, 86, 97, 15, 82, 17, 56, 31, 66, 43, 81, 90, 21, 22, 84, 7, 25, 51, 89, 8, 52, 20, 33, 1, 12, 30, 57, 60, 59, 34, 48, 40, 37, 68, 49, 92, 16, 32, 36, 24, 78, 70, 41, 11, 67, 71]",41,22,23,498.7,351,100,0.01,0.5,25
SimulatedAnnealing,T100_a0.5_i25,large_01.txt,10,100,3,13,1070,"[20, 27, 23, 72, 24, 84, 57, 92, 69, 56, 40, 29, 22, 21, 60, 10, 63, 48, 7, 91, 71, 1, 33, 76, 54, 49, 75, 79, 52, 89, 25, 36, 97, 47, 37, 32, 88, 4, 98, 90, 8, 0, 87, 62, 70, 41, 35, 78, 50, 53, 61, 80, 58, 99, 11, 45, 96, 93, 46, 83, 82, 26, 17, 15, 42, 66, 13, 9, 86, 34, 65, 12, 51, 14, 43, 68, 5, 6, 73, 38, 74, 55, 44, 77, 3, 81, 64, 39, 28, 95, 31, 19, 59, 30, 67, 94, 16, 18, 85, 2]",41,24,21,488.419,351,100,0.01,0.5,25
SimulatedAnnealing,T100_a0.5_i25,large_01.txt,10,100,4,99,1050,"[80, 27, 54, 24, 73, 23, 8, 20, 96, 91, 43, 1, 37, 7, 77, 13, 53, 38, 47, 99, 18, 0, 48, 89, 72, 81, 35, 41, 62, 58, 42, 60, 34, 82, 57, 98, 79, 40, 95, 83, 94, 39, 21, 61, 28, 49, 31, 4, 97, 55, 45, 52, 36, 3, 16, 56, 87, 32, 15, 22, 84, 63, 14, 69, 86, 2, 59, 64, 26, 85, 33, 74, 92, 10, 46, 30, 71, 9, 29, 50, 19, 93, 44, 75, 12, 67, 88, 66, 65, 5, 68, 70, 78, 76, 51, 11, 17, 90, 25, 6]",46,17,21,493.742,351,100,0.01,0.5,25
SimulatedAnnealing,T100_a0.5_i25,large_01.txt,10,100,5,1234,1020,"[24, 52, 90, 46, 15, 27, 78, 92, 69, 39, 36, 49, 66, 67, 65, 8, 38, 60, 94, 76, 48, 31, 34, 97, 41, 17, 51, 82, 5, 44, 88, 19, 42, 30, 57, 3, 23, 9, 74, 16, 84, 62, 61, 70, 55, 33, 54, 18, 53, 98, 56, 11, 80, 2, 43, 93, 40, 91, 85, 95, 77, 12, 50, 99, 86, 7, 63, 6, 45, 73, 10, 20, 72, 1, 37, 59, 32, 81, 83, 96, 75, 35, 28, 0, 21, 64, 26, 13, 68, 87, 29, 89, 47, 22, 14, 4, 25, 58, 79, 71]",38,20,22,490.443,351,100,0.01,0.5,25
SimulatedAnnealing,T100_a0.5_i25,large_01.txt,10,100,6,555,1100,"[65, 12, 84, 55, 10, 35, 73, 86, 87, 80, 34, 83, 77, 15, 48, 82, 89, 92, 24, 95, 58, 41, 17, 11, 75, 5, 99, 38, 31, 49, 93, 52, 67, 62, 53, 90, 25, 30, 23, 18, 2, 7, 91, 3, 14, 37, 51, 1, 46, 79, 45, 26, 20, 27, 78, 21, 69, 59, 19, 4, 72, 68, 57, 8, 28, 76, 22, 32, 97, 29, 61, 6, 39, 60, 98, 85, 9, 50, 16, 70, 63, 96, 36, 40, 42, 94, 88, 81, 66, 74, 47, 54, 56, 0, 64, 43, 44, 33, 13, 71]",41,23,23,502.986,351,100,0.01,0.5,25
SimulatedAnnealing,T100_a0.5_i25,large_01.txt,10,100,7,321,1140,"[18, 51, 15, 56, 26, 57, 0, 88, 74, 70, 40, 5, 58, 75, 9, 53, 30, 1, 99, 12, 47, 59, 87, 6, 84, 3, 27, 79, 2, 63, 41, 91, 35, 68, 13, 72, 52, 61, 95, 69, 98, 7, 24, 77, 45, 23, 32, 80, 17, 97, 10, 36, 93, 11, 8, 60, 94, 66, 85, 71, 82, 22, 90, 86, 46, 14, 49, 31, 55, 29, 25, 4, 16, 39, 37, 34, 64, 96, 62, 83, 65, 78, 50, 48, 67, 43, 20, 92, 28, 81, 76, 33, 44, 73, 21, 42, 54, 89, 19, 38]",44,26,22,478.952,351,100,0.01,0.5,25
SimulatedAnnealing,T100_a0.5_i25,large_01.txt,10,100,8,808,1110,"[81, 0, 38, 22, 47, 23, 90, 62, 1, 78, 27, 50, 58, 98, 28, 92, 54, 87, 91, 72, 13, 36, 48, 9, 59, 65, 61, 19, 93, 86, 53, 52, 25, 34, 97, 15, 95, 3, 45, 80, 74, 4, 18, 73, 17, 41, 42, 55, 32, 83, 26, 94, 37, 99, 77, 67, 24, 57, 84, 96, 82, 29, 46, 79, 66, 49, 35, 20, 21, 40, 31, 60, 10, 68, 16, 75, 33, 63, 14, 76, 12, 85, 64, 8, 88, 56, 2, 71, 44, 43, 6, 39, 89, 30, 51, 5, 70, 69, 11, 7]",40,25,23,490.968,351,100,0.01,0.5,25
SimulatedAnnealing,T100_a0.5_i25,large_01.txt,10,100,9,777,1100,"[31, 77, 78, 96, 10, 72, 99, 51, 73, 38, 64, 88, 5, 90, 55, 15, 13, 12, 3, 61, 59, 26, 39, 56, 34, 25, 86, 40, 71, 19, 48, 14, 80, 4, 11, 69, 24, 28, 76, 91, 85, 84, 79, 83, 23, 60, 93, 95, 29, 89, 33, 21, 46, 1, 16, 44, 97, 50, 37, 17, 67, 36, 32, 58, 18, 47, 63, 7, 65, 92, 20, 94, 98, 52, 66, 68, 42, 9, 82, 0, 74, 43, 70, 35, 87, 53, 75, 27, 22, 8, 54, 62, 81, 41, 57, 6, 45, 30, 49, 2]",44,20,23,483.431,351,100,0.01,0.5,25
SimulatedAnnealing,T100_a0.5_i25,large_01.txt,10,100,10,2024,1090,"[20, 43, 4, 57, 94, 31, 8, 72, 78, 86, 77, 40, 83, 59, 22, 52, 49, 85, 21, 34, 32, 9, 80, 19, 45, 95, 67, 71, 24, 54, 18, 16, 23, 14, 27, 84, 41, 55, 33, 42, 89, 5, 53, 15, 25, 17, 75, 47, 93, 82, 29, 58, 50, 97, 70, 92, 63, 64, 87, 81, 12, 48, 79, 90, 91, 3, 98, 28, 39, 30, 44, 2, 74, 26, 88, 51, 35, 0, 6, 46, 68, 10, 73, 99, 65, 60, 62, 76, 96, 11, 1, 36, 69, 13, 38, 7, 56, 66, 61, 37]",42,25,21,482.887,351,100,0.01,0.5,25
SimulatedAnnealing,T100_a0.7_i10,large_01.txt,10,100,1,42,1180,"[20, 30, 17, 9, 89, 61, 80, 70, 41, 63, 26, 1, 73, 52, 40, 24, 12, 28, 22, 66, 60, 72, 84, 2, 51, 13, 6, 78, 5, 92, 88, 35, 71, 94, 0, 99, 42, 83, 15, 87, 90, 54, 77, 43, 21, 85, 50, 96, 25, 11, 33, 10, 65, 18, 19, 95, 31, 79, 55, 86, 49, 7, 64, 53, 62, 29, 68, 4, 32, 58, 27, 81, 14, 34, 46, 97, 23, 39, 36, 37, 56, 98, 48, 82, 75, 45, 8, 3, 38, 76, 16, 67, 47, 69, 93, 74, 44, 59, 57, 91]",45,23,25,365.761,261,100,0.01,0.7,10
SimulatedAnnealing,T100_a0.7_i10,large_01.txt,10,100,2,7,1100,"[14, 31, 10, 3, 78, 52, 24, 81, 61, 68, 51, 26, 67, 96, 47, 39, 65, 75, 4, 89, 48, 64, 44, 46, 55, 37, 72, 70, 1, 86, 92, 20, 99, 42, 83, 29, 38, 19, 57, 35, 0, 45, 25, 15, 62, 90, 43, 2, 41, 11, 73, 74, 58, 6, 34, 79, 82, 80, 21, 16, 97, 18, 27, 7, 85, 5, 17, 88, 54, 22, 12, 77, 76, 8, 28, 87, 56, 84, 30, 91, 13, 98, 66, 9, 36, 59, 53, 95, 32, 93, 23, 33, 49, 60, 69, 40, 94, 50, 63, 71]",41,25,22,363.702,261,100,0.01,0.7,10
SimulatedAnnealing,T100_a0.7_i10,large_01.txt,10,100,3,13,1140,"[74, 16, 9, 50, 34, 84, 1, 82, 6, 42, 83, 89, 80, 72, 98, 66, 56, 13, 7, 46, 97, 5, 69, 58, 95, 0, 53, 2, 65, 94, 45, 85, 20, 19, 22, 92, 88, 59, 93, 68, 8, 86, 76, 61, 40, 35, 41, 78, 48, 29, 38, 3, 4, 99, 27, 24, 87, 49, 14, 57, 54, 26, 17, 21, 71, 62, 36, 77, 96, 90, 67, 32, 11, 31, 43, 63, 25, 23, 73, 75, 30, 55, 44, 37, 52, 15, 64, 39, 28, 47, 91, 10, 60, 12, 51, 70, 33, 81, 18, 79]",37,29,24,376.199,261,100,0.01,0.7,10
SimulatedAnnealing,T100_a0.7_i10,large_01.txt,10,100,4,99,1110,"[1, 96, 54, 76, 99, 86, 8, 65, 15, 94, 66, 60, 23, 21, 93, 52, 43, 7, 48, 81, 45, 6, 64, 53, 95, 27, 34, 24, 62, 2, 11, 72, 47, 90, 51, 59, 4, 0, 46, 41, 85, 5, 39, 78, 56, 31, 92, 44, 91, 83, 63, 17, 73, 3, 82, 29, 36, 69, 55, 22, 84, 80, 35, 33, 13, 20, 19, 61, 49, 28, 10, 74, 57, 42, 58, 30, 89, 40, 26, 50, 87, 70, 88, 75, 16, 12, 25, 71, 18, 38, 68, 14, 67, 97, 37, 9, 32, 79, 77, 98]",45,22,22,373.585,261,100,0.01,0.7,10
SimulatedAnnealing,T100_a0.7_i10,large_01.txt,10,100,5,1234,1110,"[24, 80, 79, 76, 10, 97, 78, 98, 70, 15, 75, 14, 63, 90, 65, 8, 42, 58, 81, 84, 82, 4, 94, 1, 55, 28, 27, 47, 5, 9, 68, 35, 86, 30, 25, 3, 87, 52, 16, 23, 64, 21, 22, 36, 96, 95, 85, 56, 73, 33, 74, 77, 13, 49, 59, 51, 12, 93, 37, 20, 48, 46, 60, 34, 50, 7, 88, 40, 45, 89, 92, 62, 66, 99, 2, 67, 57, 38, 83, 32, 18, 17, 19, 0, 41, 91, 72, 29, 39, 69, 6, 31, 26, 43, 61, 11, 53, 44, 71, 54]",44,23,22,358.369,261,100,0.01,0.7,10
SimulatedAnnealing,T100_a0.7_i10,large_01.txt,10,100,6,555,1170,"[90, 4, 48, 50, 68, 21, 27, 82, 72, 58, 2, 13, 54, 83, 3, 51, 88, 96, 24, 38, 18, 29, 73, 1, 39, 6, 8, 62, 31, 84, 93, 52, 44, 69, 15, 79, 46, 30, 85, 74, 22, 56, 91, 64, 95, 33, 75, 37, 10, 81, 71, 76, 77, 25, 57, 16, 23, 89, 19, 94, 45, 65, 87, 78, 41, 7, 28, 5, 63, 67, 26, 0, 14, 35, 20, 49, 53, 60, 70, 36, 86, 92, 40, 98, 17, 34, 12, 59, 66, 32, 42, 9, 11, 55, 61, 43, 99, 47, 97, 80]",39,30,24,363.663,261,100,0.01,0.7,10
SimulatedAnnealing,T100_a0.7_i10,large_01.txt,10,100,7,321,1200,"[35, 56, 63, 89, 90, 52, 92, 85, 53, 18, 38, 30, 66, 99, 9, 32, 69, 21, 55, 50, 19, 76, 87, 7, 67, 1, 15, 51, 40, 17, 41, 91, 75, 39, 13, 96, 64, 61, 27, 60, 46, 8, 93, 72, 45, 70, 80, 54, 37, 26, 57, 36, 77, 84, 44, 33, 98, 58, 24, 0, 82, 59, 79, 86, 5, 12, 49, 14, 6, 95, 25, 4, 16, 94, 34, 97, 43, 83, 20, 23, 65, 74, 10, 48, 29, 42, 88, 68, 28, 81, 2, 62, 47, 22, 31, 71, 73, 11, 78, 3]",45,29,23,361.224,261,100,0.01,0.7,10
SimulatedAnnealing,T100_a0.7_i10,large_01.txt,10,100,8,808,1140,"[1, 25, 55, 18, 30, 52, 81, 31, 34, 83, 27, 8, 58, 78, 47, 69, 19, 21, 5, 80, 45, 93, 77, 29, 59, 94, 57, 87, 4, 95, 74, 66, 91, 10, 72, 0, 22, 49, 63, 56, 62, 36, 65, 73, 17, 64, 24, 32, 28, 7, 26, 15, 37, 99, 98, 86, 42, 68, 38, 3, 40, 39, 46, 48, 76, 88, 35, 23, 96, 12, 85, 89, 20, 71, 92, 82, 16, 2, 14, 75, 44, 97, 43, 9, 53, 50, 67, 54, 11, 84, 6, 79, 61, 41, 51, 90, 13, 33, 60, 70]",40,30,22,361.293,261,100,0.01,0.7,10
SimulatedAnnealing,T100_a0.7_i10,large_01.txt,10,100,9,777,1090,"[31, 17, 94, 75, 29, 18, 62, 51, 44, 89, 33, 40, 91, 99, 55, 90, 48, 7, 9, 1, 59, 6, 16, 4, 67, 69, 35, 78, 36, 95, 20, 84, 54, 12, 83, 24, 28, 32, 61, 64, 8, 22, 65, 52, 43, 13, 11, 10, 92, 37, 47, 81, 23, 70, 72, 68, 19, 74, 30, 88, 49, 15, 25, 26, 85, 57, 60, 38, 86, 71, 14, 41, 87, 66, 53, 82, 42, 0, 76, 39, 93, 21, 46, 97, 79, 96, 58, 98, 34, 5, 2, 3, 45, 73, 63, 80, 27, 50, 56, 77]",43,22,22,367.261,261,100,0.01,0.7,10
SimulatedAnnealing,T100_a0.7_i10,large_01.txt,10,100,10,2024,1070,"[10, 59, 20, 62, 44, 53, 29, 72, 78, 16, 69, 11, 83, 39, 76, 40, 75, 56, 5, 35, 68, 9, 24, 41, 19, 36, 67, 82, 80, 4, 18, 34, 58, 14, 21, 95, 52, 55, 98, 43, 97, 81, 57, 17, 84, 37, 85, 47, 93, 96, 94, 26, 12, 6, 77, 45, 63, 92, 7, 23, 86, 99, 79, 51, 91, 3, 33, 8, 89, 27, 50, 87, 74, 42, 88, 28, 54, 0, 30, 64, 66, 71, 73, 2, 46, 60, 49, 31, 61, 70, 1, 32, 25, 90, 38, 48, 65, 13, 15, 22]",46,19,21,361.916,261,100,0.01,0.7,10
SimulatedAnnealing,T100_a0.7_i15,large_01.txt,10,100,1,42,1070,"[7, 47, 1, 86, 89, 2, 58, 82, 26, 18, 85, 17, 81, 70, 62, 34, 50, 45, 37, 14, 94, 39, 16, 3, 68, 9, 52, 93, 84, 6, 32, 24, 61, 40, 64, 42, 71, 60, 30, 74, 51, 21, 49, 95, 77, 54, 13, 63, 67, 91, 27, 41, 19, 98, 38, 90, 46, 96, 78, 5, 75, 53, 36, 35, 80, 72, 73, 4, 12, 23, 43, 65, 44, 79, 31, 33, 11, 0, 25, 97, 56, 48, 66, 29, 28, 15, 76, 59, 57, 99, 55, 83, 87, 92, 20, 8, 88, 69, 10, 22]",42,23,21,538.26,391,100,0.01,0.7,15
SimulatedAnnealing,T100_a0.7_i15,large_01.txt,10,100,2,7,1040,"[35, 55, 51, 3, 61, 18, 22, 14, 82, 52, 37, 13, 32, 70, 47, 97, 19, 63, 46, 98, 26, 9, 20, 7, 50, 76, 72, 87, 1, 74, 49, 65, 45, 48, 53, 8, 42, 10, 80, 92, 90, 39, 30, 29, 27, 41, 38, 2, 56, 11, 17, 99, 75, 78, 16, 40, 31, 77, 44, 21, 64, 93, 85, 69, 81, 5, 23, 4, 84, 96, 86, 59, 62, 0, 54, 89, 25, 6, 12, 91, 57, 79, 83, 33, 36, 24, 66, 43, 73, 34, 58, 15, 28, 68, 88, 60, 95, 94, 67, 71]",40,22,21,565.585,391,100,0.01,0.7,15
SimulatedAnnealing,T100_a0.7_i15,large_01.txt,10,100,3,13,1100,"[90, 86, 3, 50, 48, 87, 57, 93, 83, 76, 51, 46, 37, 26, 43, 45, 64, 25, 0, 49, 62, 65, 71, 19, 54, 15, 60, 11, 75, 77, 96, 85, 20, 35, 33, 36, 24, 4, 69, 72, 8, 30, 16, 40, 98, 41, 84, 78, 42, 91, 88, 68, 10, 9, 5, 95, 32, 89, 47, 7, 73, 1, 52, 74, 56, 94, 13, 80, 23, 34, 79, 70, 31, 66, 53, 17, 22, 12, 82, 92, 61, 55, 44, 28, 27, 81, 59, 39, 18, 6, 67, 29, 63, 38, 2, 99, 58, 14, 97, 21]",44,20,23,568.382,391,100,0.01,0.7,15
SimulatedAnnealing,T100_a0.7_i15,large_01.txt,10,100,4,99,1040,"[41, 27, 54, 20, 67, 96, 8, 15, 33, 91, 43, 1, 37, 7, 77, 14, 89, 90, 47, 99, 56, 0, 48, 53, 72, 16, 35, 80, 62, 30, 42, 36, 34, 82, 57, 98, 21, 40, 95, 83, 55, 5, 39, 61, 29, 58, 31, 10, 97, 94, 45, 52, 60, 3, 81, 93, 87, 32, 76, 22, 84, 75, 88, 38, 86, 2, 59, 69, 26, 85, 24, 49, 92, 79, 46, 13, 71, 9, 74, 50, 19, 18, 44, 63, 12, 73, 28, 66, 65, 4, 68, 70, 78, 23, 51, 11, 17, 64, 25, 6]",40,22,21,534.258,391,100,0.01,0.7,15
SimulatedAnnealing,T100_a0.7_i15,large_01.txt,10,100,5,1234,1020,"[24, 52, 35, 36, 13, 31, 78, 88, 61, 15, 67, 49, 39, 20, 65, 69, 81, 2, 57, 85, 73, 11, 34, 29, 28, 10, 51, 71, 5, 96, 16, 30, 50, 27, 14, 62, 23, 60, 63, 70, 99, 38, 25, 89, 54, 33, 56, 6, 21, 59, 53, 98, 66, 94, 79, 26, 47, 19, 75, 95, 77, 12, 44, 93, 72, 8, 48, 76, 45, 84, 22, 3, 86, 97, 43, 37, 42, 18, 83, 80, 64, 17, 55, 91, 92, 87, 41, 90, 68, 7, 0, 1, 40, 82, 74, 4, 58, 32, 46, 9]",41,19,21,561.045,391,100,0.01,0.7,15
SimulatedAnnealing,T100_a0.7_i15,large_01.txt,10,100,6,555,1130,"[64, 94, 9, 21, 73, 7, 37, 13, 58, 41, 61, 98, 65, 23, 48, 52, 40, 87, 5, 67, 10, 70, 47, 20, 63, 29, 8, 59, 81, 53, 93, 3, 25, 88, 69, 30, 35, 6, 68, 38, 84, 96, 77, 82, 55, 91, 86, 32, 18, 79, 24, 99, 74, 92, 39, 36, 71, 89, 66, 34, 33, 90, 14, 62, 19, 1, 28, 4, 72, 60, 54, 56, 85, 50, 16, 27, 31, 12, 78, 80, 0, 43, 57, 49, 42, 75, 11, 45, 46, 83, 2, 22, 17, 95, 26, 51, 44, 97, 15, 76]",35,32,23,544.735,391,100,0.01,0.7,15
SimulatedAnnealing,T100_a0.7_i15,large_01.txt,10,100,7,321,1100,"[47, 74, 6, 56, 22, 57, 0, 52, 51, 70, 40, 3, 49, 97, 9, 53, 67, 80, 99, 14, 18, 91, 81, 5, 17, 61, 27, 79, 65, 69, 41, 16, 35, 68, 13, 72, 88, 15, 90, 63, 28, 1, 43, 38, 45, 23, 26, 36, 95, 60, 10, 77, 62, 4, 8, 87, 94, 66, 85, 71, 82, 59, 84, 86, 76, 12, 58, 31, 55, 29, 96, 2, 54, 39, 64, 34, 37, 25, 93, 83, 98, 78, 50, 7, 30, 42, 11, 92, 24, 48, 46, 33, 44, 73, 21, 89, 32, 20, 19, 75]",43,23,22,567.726,391,100,0.01,0.7,15
SimulatedAnnealing,T100_a0.7_i15,large_01.txt,10,100,8,808,1130,"[39, 79, 36, 65, 67, 52, 76, 14, 30, 94, 51, 90, 42, 64, 28, 49, 19, 53, 32, 57, 61, 12, 70, 38, 84, 34, 72, 1, 3, 44, 11, 5, 55, 80, 81, 43, 75, 15, 41, 89, 10, 4, 66, 88, 62, 95, 56, 2, 60, 83, 27, 25, 37, 22, 77, 35, 33, 23, 18, 13, 24, 29, 45, 47, 78, 8, 63, 86, 0, 54, 48, 74, 73, 21, 40, 17, 20, 87, 93, 16, 99, 85, 71, 9, 97, 91, 31, 96, 68, 58, 6, 46, 50, 92, 59, 98, 26, 69, 82, 7]",46,21,23,560.071,391,100,0.01,0.7,15
SimulatedAnnealing,T100_a0.7_i15,large_01.txt,10,100,9,777,1070,"[31, 77, 78, 96, 10, 72, 99, 51, 73, 38, 64, 88, 5, 90, 55, 15, 13, 12, 3, 61, 59, 26, 39, 4, 34, 25, 86, 40, 71, 19, 48, 14, 80, 56, 11, 69, 24, 28, 76, 91, 85, 42, 79, 92, 23, 60, 93, 70, 29, 89, 33, 21, 46, 1, 16, 44, 97, 50, 37, 17, 67, 36, 32, 58, 18, 47, 63, 7, 65, 83, 20, 94, 98, 52, 66, 68, 82, 9, 84, 0, 74, 43, 95, 35, 87, 53, 75, 27, 22, 8, 54, 62, 81, 41, 57, 6, 45, 30, 49, 2]",45,18,22,544.493,391,100,0.01,0.7,15
SimulatedAnnealing,T100_a0.7_i15,large_01.txt,10,100,10,2024,1040,"[32, 94, 4, 83, 89, 15, 8, 82, 41, 30, 5, 0, 57, 11, 59, 52, 66, 43, 68, 54, 71, 9, 42, 22, 65, 95, 67, 19, 24, 98, 6, 45, 64, 14, 27, 76, 51, 55, 40, 29, 92, 7, 53, 85, 25, 61, 35, 87, 93, 10, 78, 39, 46, 34, 70, 97, 72, 28, 58, 21, 91, 23, 79, 26, 12, 3, 88, 17, 74, 50, 84, 2, 62, 20, 63, 90, 31, 16, 44, 18, 77, 80, 73, 99, 33, 47, 69, 49, 96, 86, 1, 60, 81, 36, 38, 48, 75, 13, 56, 37]",47,15,21,562.186,391,100,0.01,0.7,15
SimulatedAnnealing,T100_a0.7_i25,large_01.txt,10,100,1,42,970,"[52, 23, 1, 86, 63, 0, 24, 82, 38, 97, 29, 91, 34, 15, 85, 47, 71, 8, 19, 26, 75, 7, 21, 17, 59, 3, 36, 81, 60, 32, 16, 78, 92, 44, 43, 45, 54, 80, 13, 30, 37, 79, 40, 42, 28, 53, 65, 66, 12, 93, 95, 33, 68, 70, 14, 58, 39, 20, 18, 90, 57, 99, 96, 88, 25, 9, 74, 4, 94, 87, 27, 55, 51, 73, 11, 50, 2, 6, 77, 49, 10, 83, 84, 5, 48, 69, 76, 64, 46, 72, 62, 41, 22, 61, 98, 67, 89, 56, 35, 31]",38,19,20,899.902,651,100,0.01,0.7,25
SimulatedAnnealing,T100_a0.7_i25,large_01.txt,10,100,2,7,1070,"[14, 52, 18, 59, 19, 8, 1, 89, 49, 45, 88, 7, 32, 60, 28, 16, 12, 9, 81, 11, 47, 80, 85, 24, 57, 97, 91, 39, 92, 93, 68, 22, 23, 48, 76, 4, 33, 3, 83, 69, 72, 50, 26, 74, 54, 79, 87, 5, 36, 20, 73, 77, 35, 6, 84, 78, 64, 43, 10, 25, 42, 56, 27, 58, 66, 41, 46, 71, 13, 29, 51, 34, 21, 0, 37, 67, 70, 95, 44, 94, 53, 75, 61, 86, 17, 98, 63, 31, 15, 90, 40, 96, 82, 99, 38, 2, 30, 55, 62, 65]",37,28,21,922.715,651,100,0.01,0.7,25
SimulatedAnnealing,T100_a0.7_i25,large_01.txt,10,100,3,13,1050,"[4, 86, 1, 48, 13, 78, 51, 56, 87, 60, 64, 62, 22, 40, 75, 93, 57, 25, 0, 29, 94, 5, 72, 19, 74, 99, 67, 27, 37, 9, 61, 50, 11, 97, 63, 35, 92, 8, 89, 84, 96, 6, 45, 20, 43, 47, 65, 31, 88, 98, 76, 26, 81, 23, 12, 90, 85, 39, 70, 66, 14, 55, 38, 69, 52, 34, 49, 18, 36, 21, 54, 91, 42, 41, 10, 59, 83, 2, 68, 71, 95, 24, 44, 58, 3, 82, 79, 32, 28, 46, 17, 15, 53, 16, 30, 73, 33, 80, 77, 7]",40,21,22,933.652,651,100,0.01,0.7,25
SimulatedAnnealing,T100_a0.7_i25,large_01.txt,10,100,4,99,960,"[95, 19, 92, 7, 90, 6, 8, 77, 20, 73, 37, 43, 53, 26, 88, 25, 70, 1, 5, 61, 29, 31, 72, 54, 35, 60, 79, 30, 15, 12, 44, 52, 98, 34, 51, 91, 56, 9, 89, 50, 18, 36, 13, 47, 28, 41, 74, 22, 27, 40, 96, 84, 21, 3, 68, 11, 17, 63, 33, 93, 59, 32, 99, 82, 94, 39, 46, 80, 97, 14, 42, 0, 16, 55, 78, 45, 83, 58, 65, 24, 57, 49, 87, 4, 10, 69, 38, 23, 76, 71, 81, 64, 86, 75, 48, 62, 85, 66, 67, 2]",41,15,20,930.791,651,100,0.01,0.7,25
SimulatedAnnealing,T100_a0.7_i25,large_01.txt,10,100,5,1234,1020,"[40, 93, 3, 74, 88, 95, 25, 63, 64, 60, 7, 22, 78, 77, 76, 80, 96, 90, 85, 91, 13, 53, 47, 34, 54, 32, 82, 48, 62, 2, 36, 16, 83, 11, 58, 9, 87, 57, 24, 28, 4, 46, 67, 70, 84, 23, 26, 39, 35, 44, 94, 19, 33, 6, 98, 37, 75, 69, 31, 43, 17, 89, 99, 66, 92, 41, 42, 5, 86, 51, 79, 68, 29, 10, 18, 20, 38, 27, 15, 50, 71, 55, 59, 1, 61, 30, 72, 52, 12, 0, 81, 97, 14, 21, 65, 45, 56, 49, 73, 8]",41,21,20,914.953,651,100,0.01,0.7,25
SimulatedAnnealing,T100_a0.7_i25,large_01.txt,10,100,6,555,990,"[39, 54, 8, 5, 96, 18, 32, 91, 60, 40, 65, 76, 14, 30, 64, 25, 88, 13, 55, 47, 84, 58, 48, 6, 79, 24, 29, 20, 52, 95, 93, 15, 70, 49, 41, 69, 68, 42, 87, 94, 3, 89, 17, 31, 85, 98, 86, 0, 62, 37, 75, 21, 57, 1, 80, 97, 74, 78, 11, 9, 77, 59, 56, 71, 26, 51, 23, 7, 72, 53, 43, 2, 61, 81, 63, 16, 38, 33, 12, 10, 19, 67, 27, 22, 82, 36, 73, 90, 46, 4, 34, 44, 45, 99, 66, 50, 35, 83, 28, 92]",36,23,20,896.773,651,100,0.01,0.7,25
SimulatedAnnealing,T100_a0.7_i25,large_01.txt,10,100,7,321,990,"[46, 44, 2, 21, 91, 72, 99, 84, 22, 15, 45, 59, 75, 97, 73, 51, 86, 29, 55, 48, 35, 8, 67, 9, 23, 1, 82, 70, 53, 98, 18, 79, 56, 69, 12, 76, 89, 0, 40, 74, 65, 6, 62, 37, 19, 63, 83, 28, 66, 60, 43, 90, 80, 16, 17, 92, 41, 38, 26, 68, 78, 96, 31, 88, 58, 7, 49, 13, 20, 61, 71, 50, 25, 93, 42, 14, 36, 27, 47, 85, 33, 10, 54, 57, 52, 77, 81, 94, 64, 4, 5, 39, 30, 87, 34, 3, 11, 95, 32, 24]",46,13,20,907.85,651,100,0.01,0.7,25
SimulatedAnnealing,T100_a0.7_i25,large_01.txt,10,100,8,808,970,"[38, 45, 50, 34, 78, 23, 70, 7, 18, 30, 44, 98, 16, 79, 61, 83, 88, 41, 47, 25, 46, 86, 75, 20, 43, 2, 65, 89, 66, 6, 73, 92, 33, 31, 84, 87, 60, 4, 22, 94, 57, 99, 28, 93, 42, 49, 68, 69, 32, 36, 19, 10, 64, 85, 77, 13, 55, 17, 40, 0, 35, 12, 54, 81, 11, 5, 37, 96, 56, 15, 95, 8, 71, 26, 63, 39, 48, 9, 14, 21, 52, 67, 29, 90, 80, 74, 53, 59, 82, 1, 3, 24, 62, 27, 51, 91, 97, 72, 58, 76]",40,15,21,933.748,651,100,0.01,0.7,25
SimulatedAnnealing,T100_a0.7_i25,large_01.txt,10,100,9,777,970,"[21, 71, 59, 44, 26, 33, 62, 14, 34, 73, 55, 4, 22, 94, 13, 90, 25, 57, 80, 93, 53, 40, 84, 51, 45, 42, 75, 64, 5, 8, 18, 91, 79, 60, 98, 32, 74, 30, 86, 19, 87, 7, 38, 99, 24, 50, 56, 46, 76, 72, 65, 28, 27, 3, 58, 9, 88, 20, 47, 6, 69, 15, 77, 37, 11, 0, 63, 89, 23, 92, 43, 31, 16, 10, 66, 68, 82, 52, 78, 49, 97, 35, 96, 17, 41, 95, 85, 12, 36, 83, 67, 48, 81, 39, 29, 2, 61, 70, 54, 1]",39,16,21,901.69,651,100,0.01,0.7,25
SimulatedAnnealing,T100_a0.7_i25,large_01.txt,10,100,10,2024,990,"[54, 62, 16, 0, 35, 75, 50, 17, 63, 88, 92, 79, 13, 20, 72, 10, 61, 76, 53, 37, 71, 26, 55, 2, 19, 14, 64, 68, 24, 22, 58, 43, 90, 60, 21, 4, 41, 3, 91, 96, 1, 7, 38, 95, 83, 51, 44, 6, 74, 45, 81, 89, 33, 85, 52, 97, 82, 40, 99, 47, 32, 18, 15, 28, 77, 5, 12, 9, 66, 48, 49, 94, 67, 29, 65, 78, 8, 30, 70, 23, 25, 36, 11, 42, 69, 59, 80, 87, 86, 34, 84, 27, 73, 39, 46, 57, 93, 31, 56, 98]",44,15,20,914.381,651,100,0.01,0.7,25
SimulatedAnnealing,T100_a0.9_i10,large_01.txt,10,100,1,42,950,"[74, 73, 6, 14, 64, 69, 97, 58, 42, 26, 53, 75, 78, 94, 35, 98, 33, 48, 59, 88, 15, 2, 13, 56, 16, 10, 52, 49, 7, 46, 11, 57, 51, 70, 36, 83, 93, 85, 40, 95, 68, 8, 47, 77, 41, 39, 89, 91, 62, 79, 60, 55, 67, 3, 22, 21, 44, 20, 25, 99, 63, 37, 43, 90, 76, 30, 84, 29, 61, 17, 71, 1, 86, 28, 72, 23, 54, 5, 65, 12, 50, 18, 32, 9, 38, 80, 34, 81, 27, 0, 24, 66, 31, 96, 45, 4, 19, 87, 82, 92]",42,13,20,1215.798,881,100,0.01,0.9,10
SimulatedAnnealing,T100_a0.9_i10,large_01.txt,10,100,2,7,950,"[80, 16, 68, 56, 63, 64, 40, 22, 44, 99, 45, 12, 51, 18, 67, 97, 19, 32, 54, 88, 75, 85, 42, 98, 87, 0, 55, 2, 76, 86, 15, 73, 39, 93, 24, 27, 90, 62, 38, 89, 49, 59, 57, 29, 65, 21, 72, 20, 66, 92, 53, 52, 13, 3, 94, 71, 46, 43, 33, 7, 11, 60, 35, 23, 28, 8, 17, 82, 36, 50, 37, 9, 78, 30, 74, 84, 31, 5, 81, 96, 47, 25, 77, 4, 70, 79, 58, 41, 83, 1, 6, 95, 48, 69, 26, 91, 61, 10, 34, 14]",39,14,21,1238.405,881,100,0.01,0.9,10
SimulatedAnnealing,T100_a0.9_i10,large_01.txt,10,100,3,13,950,"[26, 39, 8, 59, 96, 78, 20, 86, 47, 74, 64, 1, 44, 10, 65, 28, 77, 33, 58, 80, 79, 9, 31, 7, 23, 97, 66, 24, 2, 34, 12, 60, 48, 76, 36, 90, 75, 13, 99, 43, 4, 37, 27, 87, 68, 92, 14, 41, 49, 82, 38, 21, 93, 70, 53, 83, 89, 95, 73, 50, 29, 22, 67, 15, 81, 3, 84, 35, 56, 30, 69, 91, 40, 94, 88, 18, 5, 61, 98, 85, 55, 71, 63, 54, 16, 11, 57, 72, 62, 19, 51, 17, 32, 52, 42, 6, 25, 45, 46, 0]",42,13,20,1258.794,881,100,0.01,0.9,10
SimulatedAnnealing,T100_a0.9_i10,large_01.txt,10,100,4,99,1000,"[57, 49, 77, 10, 19, 73, 3, 55, 12, 17, 0, 94, 66, 52, 64, 67, 58, 7, 54, 36, 59, 33, 13, 41, 84, 1, 38, 63, 44, 95, 42, 97, 32, 90, 26, 24, 53, 93, 37, 43, 72, 50, 15, 25, 71, 99, 11, 6, 82, 14, 22, 34, 46, 5, 68, 69, 83, 80, 35, 9, 47, 76, 81, 16, 23, 89, 86, 79, 61, 65, 62, 4, 91, 88, 39, 27, 18, 8, 60, 45, 74, 29, 48, 78, 87, 85, 30, 40, 21, 96, 75, 70, 20, 98, 28, 56, 51, 92, 31, 2]",44,16,20,1264.896,881,100,0.01,0.9,10
SimulatedAnnealing,T100_a0.9_i10,large_01.txt,10,100,5,1234,1000,"[35, 93, 7, 52, 94, 40, 90, 5, 87, 30, 41, 2, 80, 49, 74, 95, 36, 10, 51, 45, 85, 99, 83, 39, 12, 96, 62, 57, 3, 91, 23, 54, 73, 46, 47, 4, 27, 72, 22, 33, 86, 20, 16, 81, 78, 79, 38, 68, 29, 98, 63, 17, 97, 1, 59, 15, 75, 60, 43, 84, 67, 24, 65, 11, 14, 37, 21, 44, 77, 28, 56, 71, 88, 13, 31, 70, 25, 8, 48, 92, 19, 89, 76, 82, 61, 69, 42, 58, 34, 6, 18, 26, 32, 53, 55, 9, 64, 50, 66, 0]",38,20,21,1244.481,881,100,0.01,0.9,10
SimulatedAnnealing,T100_a0.9_i10,large_01.txt,10,100,6,555,980,"[48, 53, 18, 89, 80, 33, 83, 42, 64, 11, 52, 0, 82, 91, 87, 94, 27, 35, 61, 32, 44, 84, 68, 2, 46, 7, 62, 26, 8, 3, 12, 50, 43, 79, 16, 90, 25, 1, 69, 92, 65, 9, 31, 39, 45, 47, 78, 58, 96, 98, 70, 41, 36, 4, 93, 86, 75, 20, 77, 76, 38, 28, 54, 13, 81, 6, 34, 40, 71, 17, 73, 99, 14, 15, 55, 19, 29, 22, 57, 60, 97, 59, 63, 37, 51, 74, 72, 85, 21, 95, 10, 49, 88, 24, 23, 5, 66, 67, 56, 30]",40,18,20,1225.648,881,100,0.01,0.9,10
SimulatedAnnealing,T100_a0.9_i10,large_01.txt,10,100,7,321,980,"[57, 67, 0, 55, 61, 78, 35, 81, 95, 99, 76, 20, 34, 98, 65, 28, 94, 1, 87, 93, 84, 5, 31, 9, 47, 32, 75, 52, 13, 10, 72, 49, 79, 60, 53, 8, 83, 96, 19, 63, 64, 2, 56, 23, 66, 30, 62, 7, 15, 39, 80, 21, 42, 40, 25, 43, 24, 89, 51, 26, 86, 97, 58, 46, 71, 48, 27, 59, 14, 37, 11, 33, 29, 18, 68, 41, 4, 82, 16, 91, 74, 92, 54, 50, 73, 17, 85, 69, 44, 3, 38, 45, 77, 12, 22, 70, 36, 90, 88, 6]",39,19,20,1260.134,881,100,0.01,0.9,10
SimulatedAnnealing,T100_a0.9_i10,large_01.txt,10,100,8,808,960,"[47, 24, 21, 4, 99, 3, 8, 11, 82, 65, 1, 60, 84, 67, 15, 49, 73, 85, 5, 29, 46, 7, 48, 41, 36, 27, 92, 44, 2, 76, 86, 30, 26, 88, 77, 32, 54, 9, 35, 74, 17, 63, 89, 12, 72, 20, 31, 52, 34, 53, 16, 19, 75, 98, 28, 90, 23, 40, 95, 43, 13, 61, 25, 62, 59, 64, 45, 37, 33, 94, 68, 38, 71, 10, 14, 50, 18, 6, 39, 55, 93, 91, 83, 0, 57, 78, 80, 56, 42, 87, 66, 58, 81, 97, 22, 96, 51, 79, 70, 69]",39,17,20,1253.944,881,100,0.01,0.9,10
SimulatedAnnealing,T100_a0.9_i10,large_01.txt,10,100,9,777,980,"[38, 59, 69, 4, 63, 75, 53, 27, 14, 50, 52, 22, 68, 74, 90, 11, 88, 93, 5, 44, 67, 3, 82, 9, 81, 35, 65, 26, 7, 42, 12, 31, 58, 40, 36, 30, 54, 17, 76, 24, 15, 83, 95, 87, 80, 49, 43, 2, 85, 89, 19, 98, 28, 18, 56, 78, 51, 46, 25, 96, 41, 37, 71, 48, 45, 6, 32, 1, 72, 79, 47, 20, 86, 64, 66, 33, 73, 0, 21, 10, 16, 57, 62, 99, 60, 91, 61, 29, 34, 8, 84, 92, 77, 97, 39, 13, 23, 94, 70, 55]",33,25,20,1219.763,881,100,0.01,0.9,10
SimulatedAnnealing,T100_a0.9_i10,large_01.txt,10,100,10,2024,960,"[14, 51, 6, 62, 98, 73, 25, 12, 39, 33, 38, 80, 97, 99, 46, 44, 28, 2, 91, 50, 74, 96, 17, 87, 31, 32, 30, 88, 58, 60, 65, 75, 92, 10, 53, 21, 67, 0, 48, 11, 81, 4, 26, 35, 83, 43, 61, 40, 47, 22, 36, 76, 42, 7, 23, 95, 37, 41, 64, 24, 69, 57, 49, 89, 56, 1, 34, 16, 94, 66, 45, 18, 78, 77, 84, 90, 86, 3, 15, 71, 82, 54, 20, 29, 85, 13, 52, 59, 93, 5, 8, 27, 72, 79, 70, 9, 19, 55, 63, 68]",40,16,20,1256.887,881,100,0.01,0.9,10
SimulatedAnnealing,T100_a0.9_i15,large_01.txt,10,100,1,42,980,"[87, 73, 47, 93, 89, 22, 7, 35, 91, 27, 1, 69, 74, 43, 21, 25, 58, 44, 84, 34, 94, 77, 37, 32, 24, 40, 81, 97, 2, 14, 79, 29, 61, 59, 54, 48, 60, 4, 72, 45, 62, 55, 42, 49, 11, 75, 85, 17, 82, 19, 52, 68, 63, 6, 65, 36, 78, 20, 26, 66, 76, 99, 12, 86, 56, 5, 18, 41, 71, 70, 31, 38, 16, 15, 83, 90, 80, 64, 33, 28, 95, 30, 10, 8, 67, 0, 51, 98, 13, 3, 92, 39, 23, 53, 88, 9, 46, 96, 50, 57]",43,13,21,1949.813,1321,100,0.01,0.9,15
SimulatedAnnealing,T100_a0.9_i15,large_01.txt,10,100,2,7,950,"[18, 51, 1, 41, 71, 3, 16, 67, 42, 54, 2, 91, 33, 98, 61, 39, 76, 25, 32, 14, 22, 7, 20, 0, 35, 19, 96, 99, 17, 6, 88, 60, 97, 57, 58, 59, 38, 9, 23, 95, 52, 56, 47, 48, 77, 30, 28, 24, 50, 45, 11, 66, 46, 93, 26, 68, 72, 34, 83, 90, 74, 43, 87, 84, 53, 8, 49, 37, 40, 36, 31, 10, 44, 27, 63, 65, 81, 89, 85, 29, 86, 92, 62, 82, 15, 64, 13, 75, 12, 69, 4, 79, 73, 94, 78, 70, 55, 80, 21, 5]",40,15,20,1862.35,1321,100,0.01,0.9,15
SimulatedAnnealing,T100_a0.9_i15,large_01.txt,10,100,3,13,980,"[63, 45, 92, 50, 52, 9, 70, 58, 55, 20, 40, 15, 71, 22, 68, 83, 27, 94, 76, 49, 26, 39, 73, 1, 86, 37, 66, 99, 6, 0, 18, 42, 87, 80, 13, 81, 75, 32, 36, 74, 35, 3, 43, 93, 46, 12, 38, 19, 41, 98, 78, 85, 65, 59, 82, 44, 16, 88, 31, 8, 97, 33, 30, 96, 62, 91, 21, 7, 69, 53, 47, 4, 25, 64, 61, 10, 89, 28, 95, 11, 51, 72, 17, 14, 84, 48, 67, 79, 34, 90, 29, 24, 60, 23, 56, 5, 54, 57, 77, 2]",42,16,20,1854.661,1321,100,0.01,0.9,15
SimulatedAnnealing,T100_a0.9_i15,large_01.txt,10,100,4,99,920,"[31, 44, 69, 70, 94, 42, 89, 36, 50, 57, 33, 73, 98, 37, 61, 35, 54, 7, 28, 56, 22, 97, 63, 5, 12, 26, 51, 66, 8, 4, 47, 11, 60, 95, 85, 55, 25, 91, 58, 14, 34, 0, 19, 71, 23, 96, 92, 6, 39, 99, 29, 18, 24, 40, 27, 79, 49, 82, 87, 9, 76, 30, 52, 90, 67, 1, 38, 2, 62, 13, 45, 68, 72, 20, 80, 86, 41, 15, 16, 17, 43, 77, 53, 93, 83, 84, 32, 64, 81, 3, 78, 75, 59, 88, 74, 10, 65, 21, 48, 46]",40,12,20,1824.676,1321,100,0.01,0.9,15
SimulatedAnnealing,T100_a0.9_i15,large_01.txt,10,100,5,1234,940,"[38, 72, 73, 42, 16, 20, 59, 88, 51, 97, 2, 9, 39, 58, 81, 55, 37, 26, 67, 27, 60, 10, 47, 69, 68, 4, 31, 19, 93, 56, 84, 36, 12, 64, 86, 7, 43, 0, 41, 89, 22, 95, 66, 49, 52, 25, 28, 99, 50, 65, 71, 45, 77, 8, 70, 33, 21, 44, 15, 5, 35, 83, 80, 74, 23, 98, 63, 3, 30, 96, 57, 76, 75, 87, 61, 92, 79, 85, 17, 13, 53, 29, 62, 6, 82, 46, 40, 78, 91, 14, 1, 48, 90, 24, 32, 34, 54, 94, 11, 18]",49,5,20,1878.11,1321,100,0.01,0.9,15
SimulatedAnnealing,T100_a0.9_i15,large_01.txt,10,100,6,555,910,"[21, 63, 46, 39, 10, 72, 76, 16, 28, 60, 88, 6, 86, 26, 87, 80, 54, 96, 74, 17, 37, 19, 25, 9, 58, 3, 98, 49, 84, 90, 14, 44, 71, 57, 51, 1, 18, 69, 29, 13, 38, 5, 47, 22, 97, 68, 32, 55, 77, 42, 52, 59, 75, 85, 36, 15, 89, 65, 93, 4, 27, 50, 53, 56, 23, 83, 12, 8, 99, 24, 95, 0, 82, 81, 78, 92, 67, 11, 34, 40, 79, 35, 62, 41, 31, 30, 64, 33, 45, 2, 7, 48, 73, 70, 43, 66, 20, 94, 61, 91]",38,13,20,1866.179,1321,100,0.01,0.9,15
SimulatedAnnealing,T100_a0.9_i15,large_01.txt,10,100,7,321,950,"[29, 13, 75, 44, 61, 42, 7, 74, 43, 72, 81, 10, 76, 99, 11, 88, 57, 77, 3, 47, 21, 84, 82, 9, 98, 5, 52, 40, 36, 0, 25, 15, 24, 46, 45, 64, 96, 4, 55, 26, 34, 86, 93, 19, 90, 38, 39, 27, 32, 95, 20, 67, 63, 2, 37, 59, 23, 70, 16, 1, 71, 68, 33, 58, 78, 94, 54, 97, 22, 51, 28, 73, 87, 79, 80, 49, 65, 60, 12, 83, 91, 18, 31, 56, 41, 6, 53, 50, 89, 69, 85, 35, 30, 17, 48, 92, 14, 66, 62, 8]",40,13,21,1906.59,1321,100,0.01,0.9,15
SimulatedAnnealing,T100_a0.9_i15,large_01.txt,10,100,8,808,950,"[85, 15, 71, 41, 74, 31, 17, 86, 10, 82, 24, 5, 68, 60, 53, 38, 61, 65, 42, 90, 51, 1, 59, 0, 88, 99, 30, 87, 14, 50, 70, 40, 21, 76, 66, 8, 84, 9, 52, 94, 63, 6, 16, 93, 44, 78, 43, 19, 20, 47, 62, 58, 35, 13, 18, 91, 25, 80, 23, 49, 12, 96, 11, 67, 57, 72, 32, 3, 64, 97, 75, 4, 95, 39, 26, 7, 46, 98, 92, 33, 73, 28, 22, 83, 81, 56, 89, 69, 48, 29, 77, 36, 54, 79, 55, 2, 27, 45, 34, 37]",36,17,21,1922.633,1321,100,0.01,0.9,15
SimulatedAnnealing,T100_a0.9_i15,large_01.txt,10,100,9,777,970,"[39, 92, 4, 91, 35, 67, 94, 64, 41, 23, 5, 9, 57, 61, 52, 72, 14, 1, 10, 33, 97, 21, 48, 7, 55, 2, 78, 82, 87, 45, 66, 59, 80, 54, 13, 30, 75, 0, 90, 65, 15, 47, 25, 49, 96, 70, 81, 31, 69, 19, 51, 86, 84, 76, 34, 12, 88, 24, 32, 8, 38, 63, 99, 53, 11, 85, 18, 37, 79, 44, 27, 56, 16, 60, 42, 17, 73, 3, 20, 50, 77, 29, 89, 28, 46, 71, 98, 74, 22, 6, 36, 26, 93, 40, 43, 95, 62, 83, 68, 58]",40,17,20,1814.248,1321,100,0.01,0.9,15
SimulatedAnnealing,T100_a0.9_i15,large_01.txt,10,100,10,2024,960,"[16, 96, 9, 88, 42, 62, 12, 46, 72, 31, 97, 4, 28, 29, 87, 20, 76, 49, 8, 34, 86, 45, 43, 90, 52, 2, 65, 69, 68, 51, 14, 60, 24, 13, 39, 89, 64, 58, 63, 92, 84, 0, 48, 30, 75, 38, 10, 11, 85, 79, 73, 53, 82, 3, 54, 78, 83, 70, 15, 56, 81, 80, 93, 47, 61, 57, 35, 1, 95, 25, 32, 18, 21, 50, 94, 27, 26, 6, 37, 36, 33, 91, 74, 5, 40, 71, 99, 66, 41, 19, 67, 55, 23, 44, 59, 7, 17, 77, 98, 22]",39,17,20,1869.925,1321,100,0.01,0.9,15
SimulatedAnnealing,T100_a0.9_i25,large_01.txt,10,100,1,42,880,"[93, 36, 7, 45, 13, 68, 97, 43, 38, 89, 60, 91, 54, 42, 78, 95, 81, 8, 49, 20, 66, 9, 18, 3, 94, 5, 48, 96, 25, 17, 52, 86, 57, 88, 92, 82, 34, 73, 65, 10, 46, 26, 29, 80, 50, 30, 41, 90, 56, 99, 79, 15, 37, 1, 87, 40, 59, 19, 77, 4, 61, 62, 67, 51, 72, 6, 32, 23, 58, 44, 85, 27, 12, 11, 47, 39, 21, 2, 63, 24, 76, 28, 69, 0, 74, 31, 35, 98, 14, 33, 83, 22, 75, 84, 16, 53, 70, 64, 55, 71]",37,11,20,3095.106,2201,100,0.01,0.9,25
SimulatedAnnealing,T100_a0.9_i25,large_01.txt,10,100,2,7,890,"[80, 60, 69, 62, 90, 31, 9, 21, 26, 63, 20, 2, 56, 18, 71, 39, 91, 68, 81, 49, 42, 55, 25, 76, 67, 89, 52, 98, 5, 1, 88, 59, 41, 22, 28, 37, 14, 74, 61, 66, 32, 8, 73, 44, 82, 29, 10, 7, 33, 38, 40, 99, 84, 4, 86, 48, 94, 15, 12, 13, 34, 97, 83, 79, 23, 54, 53, 92, 43, 87, 16, 77, 58, 24, 30, 85, 36, 6, 64, 46, 72, 35, 70, 0, 75, 96, 51, 57, 95, 65, 47, 78, 50, 27, 19, 3, 45, 17, 93, 11]",41,8,20,3050.154,2201,100,0.01,0.9,25
SimulatedAnnealing,T100_a0.9_i25,large_01.txt,10,100,3,13,910,"[89, 25, 7, 78, 12, 35, 42, 52, 45, 50, 15, 5, 31, 62, 97, 90, 67, 56, 88, 82, 37, 73, 13, 53, 61, 3, 36, 33, 41, 6, 65, 23, 98, 51, 48, 2, 18, 8, 77, 40, 9, 95, 20, 66, 19, 84, 81, 32, 29, 21, 38, 10, 54, 1, 74, 99, 34, 71, 43, 79, 58, 93, 28, 64, 72, 17, 46, 47, 44, 59, 14, 0, 11, 57, 27, 86, 83, 92, 85, 68, 26, 49, 39, 91, 76, 94, 24, 80, 63, 69, 16, 30, 87, 96, 22, 4, 70, 75, 55, 60]",37,14,20,3070.459,2201,100,0.01,0.9,25
SimulatedAnnealing,T100_a0.9_i25,large_01.txt,10,100,4,99,910,"[69, 35, 84, 15, 78, 55, 70, 65, 33, 83, 36, 86, 76, 20, 32, 13, 82, 1, 5, 81, 26, 7, 98, 90, 59, 93, 56, 50, 3, 0, 27, 97, 63, 96, 80, 8, 48, 99, 46, 28, 4, 67, 51, 38, 34, 89, 73, 75, 25, 66, 54, 24, 14, 2, 29, 30, 44, 21, 22, 94, 71, 64, 43, 79, 74, 47, 23, 9, 53, 17, 31, 39, 57, 95, 42, 19, 85, 77, 37, 61, 52, 60, 62, 12, 18, 49, 45, 88, 11, 91, 87, 40, 41, 92, 16, 58, 68, 10, 72, 6]",42,9,20,3078.883,2201,100,0.01,0.9,25
SimulatedAnnealing,T100_a0.9_i25,large_01.txt,10,100,5,1234,910,"[80, 27, 50, 39, 40, 56, 2, 23, 32, 83, 37, 9, 66, 94, 51, 70, 62, 60, 45, 72, 47, 84, 77, 99, 25, 69, 38, 96, 75, 1, 59, 57, 33, 98, 12, 89, 68, 22, 35, 58, 42, 6, 88, 79, 46, 76, 16, 15, 26, 11, 36, 78, 54, 4, 86, 91, 19, 63, 18, 90, 73, 20, 52, 10, 64, 0, 71, 24, 41, 49, 14, 3, 82, 85, 65, 81, 7, 74, 43, 67, 55, 44, 29, 30, 21, 92, 48, 93, 95, 8, 5, 13, 31, 61, 34, 17, 97, 87, 28, 53]",37,14,20,3068.594,2201,100,0.01,0.9,25
SimulatedAnnealing,T100_a0.9_i25,large_01.txt,10,100,6,555,940,"[87, 27, 25, 7, 10, 86, 65, 11, 79, 98, 74, 80, 88, 70, 58, 47, 94, 4, 8, 29, 85, 36, 81, 9, 26, 60, 73, 49, 5, 1, 28, 56, 64, 93, 13, 15, 97, 34, 17, 23, 68, 0, 46, 39, 54, 43, 31, 30, 84, 41, 72, 90, 22, 2, 92, 19, 52, 95, 48, 32, 77, 45, 59, 21, 35, 82, 51, 18, 63, 91, 33, 6, 24, 96, 76, 37, 40, 71, 61, 38, 53, 67, 75, 3, 66, 99, 62, 50, 44, 89, 55, 14, 57, 12, 42, 16, 83, 78, 69, 20]",32,22,20,3040.858,2201,100,0.01,0.9,25
SimulatedAnnealing,T100_a0.9_i25,large_01.txt,10,100,7,321,910,"[99, 54, 46, 67, 12, 44, 7, 18, 68, 91, 64, 60, 13, 95, 56, 24, 93, 8, 62, 43, 98, 28, 85, 90, 47, 1, 76, 15, 27, 6, 51, 38, 69, 70, 53, 41, 59, 92, 84, 35, 55, 3, 33, 49, 79, 97, 61, 0, 34, 72, 63, 29, 36, 10, 87, 80, 65, 21, 25, 94, 96, 40, 75, 86, 31, 9, 22, 52, 57, 50, 16, 71, 11, 19, 58, 32, 89, 39, 81, 20, 78, 26, 77, 5, 42, 37, 74, 30, 45, 48, 2, 23, 66, 17, 14, 82, 73, 83, 88, 4]",39,12,20,3035.142,2201,100,0.01,0.9,25
SimulatedAnnealing,T100_a0.9_i25,large_01.txt,10,100,8,808,870,"[37, 31, 5, 63, 78, 73, 3, 88, 82, 67, 71, 59, 94, 46, 40, 17, 16, 0, 62, 91, 21, 2, 34, 19, 92, 4, 51, 56, 96, 75, 47, 85, 50, 39, 43, 28, 68, 9, 32, 95, 70, 48, 27, 44, 42, 35, 18, 8, 22, 93, 52, 79, 38, 13, 36, 89, 30, 55, 66, 65, 77, 49, 20, 26, 54, 14, 12, 6, 81, 64, 23, 87, 58, 99, 61, 15, 74, 1, 80, 76, 83, 57, 53, 11, 25, 98, 41, 69, 10, 7, 86, 24, 72, 97, 29, 33, 45, 90, 60, 84]",41,6,20,3040.285,2201,100,0.01,0.9,25
SimulatedAnnealing,T100_a0.9_i25,large_01.txt,10,100,9,777,900,"[79, 54, 85, 21, 89, 30, 5, 91, 24, 19, 43, 94, 55, 63, 41, 65, 58, 90, 42, 14, 67, 80, 66, 3, 13, 45, 34, 36, 1, 95, 15, 28, 31, 39, 46, 6, 84, 0, 20, 96, 32, 48, 26, 50, 59, 76, 38, 8, 33, 81, 11, 92, 88, 74, 53, 98, 25, 37, 82, 60, 17, 52, 22, 16, 71, 47, 51, 18, 40, 56, 73, 72, 97, 87, 12, 70, 86, 4, 64, 57, 44, 27, 49, 9, 62, 83, 69, 29, 68, 78, 75, 10, 23, 99, 93, 7, 77, 61, 35, 2]",37,13,20,3042.593,2201,100,0.01,0.9,25
SimulatedAnnealing,T100_a0.9_i25,large_01.txt,10,100,10,2024,930,"[98, 80, 7, 81, 28, 68, 4, 86, 72, 40, 45, 49, 79, 25, 82, 27, 11, 42, 43, 16, 34, 5, 36, 1, 15, 65, 70, 39, 47, 9, 88, 69, 57, 18, 29, 2, 55, 3, 62, 14, 91, 53, 84, 21, 51, 46, 13, 73, 67, 76, 61, 26, 54, 89, 59, 31, 90, 96, 75, 74, 63, 19, 35, 99, 24, 97, 83, 6, 92, 32, 17, 8, 33, 23, 78, 85, 38, 37, 50, 93, 44, 20, 52, 56, 22, 12, 60, 30, 77, 94, 66, 48, 71, 64, 95, 87, 41, 10, 58, 0]",42,11,20,3062.077,2201,100,0.01,0.9,25
SimulatedAnnealing,T200_a0.5_i10,large_01.txt,10,100,1,42,1200,"[15, 30, 89, 9, 65, 16, 76, 46, 18, 60, 28, 1, 79, 52, 40, 68, 66, 27, 22, 74, 31, 72, 32, 2, 55, 13, 64, 71, 35, 33, 44, 82, 0, 19, 49, 11, 81, 38, 21, 50, 57, 23, 39, 43, 17, 87, 61, 73, 7, 78, 47, 70, 77, 51, 86, 75, 24, 45, 29, 12, 93, 94, 67, 10, 5, 53, 63, 4, 37, 25, 58, 62, 14, 59, 8, 91, 42, 96, 84, 36, 56, 85, 34, 3, 80, 97, 54, 95, 26, 6, 98, 83, 99, 69, 20, 92, 88, 41, 48, 90]",44,28,24,212.32,151,200,0.01,0.5,10
SimulatedAnnealing,T200_a0.5_i10,large_01.txt,10,100,2,7,1240,"[42, 31, 10, 52, 78, 3, 26, 32, 55, 1, 77, 0, 67, 51, 35, 49, 34, 6, 4, 15, 24, 64, 79, 71, 5, 96, 72, 68, 16, 90, 65, 12, 99, 80, 88, 14, 59, 91, 57, 13, 97, 60, 75, 36, 62, 46, 54, 2, 94, 11, 27, 30, 58, 98, 92, 44, 82, 37, 41, 38, 56, 89, 47, 22, 45, 74, 43, 70, 18, 7, 61, 9, 76, 8, 28, 87, 20, 84, 95, 19, 85, 17, 33, 39, 25, 86, 53, 21, 81, 29, 23, 66, 73, 93, 69, 40, 83, 50, 63, 48]",42,34,24,210.583,151,200,0.01,0.5,10
SimulatedAnnealing,T200_a0.5_i10,large_01.txt,10,100,3,13,1280,"[50, 59, 24, 0, 3, 73, 23, 21, 6, 43, 20, 11, 74, 69, 99, 79, 71, 14, 78, 9, 83, 5, 27, 58, 51, 84, 30, 66, 68, 15, 22, 37, 97, 19, 70, 92, 17, 32, 10, 80, 47, 86, 76, 81, 77, 35, 41, 90, 49, 31, 62, 39, 42, 7, 45, 96, 87, 2, 38, 4, 16, 89, 63, 91, 56, 46, 36, 72, 48, 44, 8, 85, 94, 57, 29, 88, 82, 60, 1, 52, 28, 55, 34, 75, 18, 26, 61, 13, 53, 64, 67, 54, 40, 12, 95, 33, 25, 93, 65, 98]",39,37,26,208.678,151,200,0.01,0.5,10
SimulatedAnnealing,T200_a0.5_i10,large_01.txt,10,100,4,99,1170,"[31, 39, 47, 20, 85, 16, 8, 44, 5, 43, 66, 72, 23, 50, 82, 94, 73, 98, 81, 10, 46, 6, 68, 18, 1, 32, 14, 91, 62, 11, 71, 55, 96, 27, 26, 30, 29, 24, 13, 38, 15, 90, 12, 76, 56, 75, 48, 60, 95, 54, 45, 7, 57, 3, 77, 70, 65, 63, 4, 22, 84, 80, 35, 33, 93, 2, 40, 42, 34, 88, 21, 37, 87, 41, 58, 52, 89, 79, 19, 78, 59, 53, 97, 86, 92, 61, 49, 83, 25, 74, 64, 99, 67, 28, 51, 9, 17, 69, 36, 0]",44,25,24,218.855,151,200,0.01,0.5,10
SimulatedAnnealing,T200_a0.5_i10,large_01.txt,10,100,5,1234,1240,"[24, 64, 79, 61, 10, 97, 93, 98, 29, 15, 75, 14, 63, 52, 65, 69, 27, 58, 77, 55, 66, 4, 35, 45, 38, 59, 51, 25, 5, 74, 40, 47, 86, 28, 16, 3, 46, 36, 39, 67, 80, 72, 85, 21, 96, 56, 2, 54, 31, 33, 87, 92, 68, 49, 30, 60, 76, 57, 37, 95, 48, 34, 53, 9, 83, 7, 0, 13, 81, 20, 70, 6, 23, 1, 32, 12, 78, 84, 19, 22, 89, 17, 43, 11, 41, 91, 42, 18, 88, 8, 62, 90, 26, 99, 82, 73, 50, 44, 71, 94]",49,27,24,208.836,151,200,0.01,0.5,10
SimulatedAnnealing,T200_a0.5_i10,large_01.txt,10,100,6,555,1230,"[76, 96, 84, 50, 60, 9, 27, 54, 95, 58, 63, 37, 97, 57, 3, 32, 88, 6, 4, 69, 18, 1, 15, 22, 90, 78, 24, 42, 83, 64, 93, 38, 11, 52, 31, 35, 39, 75, 73, 85, 67, 14, 36, 81, 55, 99, 43, 82, 12, 16, 94, 33, 13, 48, 66, 71, 51, 30, 19, 29, 41, 65, 72, 47, 56, 5, 28, 98, 68, 89, 26, 10, 91, 53, 7, 49, 45, 44, 23, 79, 62, 74, 61, 87, 17, 21, 40, 25, 20, 46, 59, 34, 8, 0, 86, 92, 77, 70, 2, 80]",44,29,25,219.03,151,200,0.01,0.5,10
SimulatedAnnealing,T200_a0.5_i10,large_01.txt,10,100,7,321,1230,"[35, 97, 47, 51, 32, 52, 68, 21, 53, 58, 82, 48, 88, 98, 9, 49, 63, 99, 4, 11, 14, 46, 67, 94, 40, 92, 96, 57, 25, 72, 17, 50, 60, 22, 13, 69, 83, 0, 85, 93, 90, 16, 6, 20, 45, 77, 7, 62, 29, 36, 33, 80, 10, 2, 64, 89, 15, 66, 42, 79, 81, 12, 41, 86, 75, 84, 34, 8, 55, 31, 19, 26, 70, 30, 95, 24, 74, 5, 56, 37, 65, 38, 3, 1, 28, 61, 43, 76, 78, 87, 59, 91, 44, 73, 39, 71, 54, 27, 23, 18]",47,28,24,212.063,151,200,0.01,0.5,10
SimulatedAnnealing,T200_a0.5_i10,large_01.txt,10,100,8,808,1190,"[19, 25, 72, 91, 33, 68, 81, 11, 17, 80, 96, 3, 20, 78, 54, 77, 64, 43, 50, 34, 18, 93, 65, 4, 59, 10, 41, 87, 14, 0, 2, 30, 52, 5, 9, 7, 16, 66, 97, 23, 55, 8, 56, 39, 62, 1, 67, 84, 28, 83, 26, 79, 37, 75, 98, 86, 42, 24, 73, 58, 40, 35, 44, 74, 76, 36, 38, 63, 27, 12, 85, 71, 94, 88, 45, 82, 22, 95, 48, 99, 46, 70, 21, 29, 53, 57, 69, 47, 31, 32, 6, 15, 61, 92, 51, 90, 13, 49, 60, 89]",43,28,24,215.837,151,200,0.01,0.5,10
SimulatedAnnealing,T200_a0.5_i10,large_01.txt,10,100,9,777,1270,"[31, 41, 19, 75, 10, 78, 0, 18, 68, 25, 32, 21, 91, 73, 51, 29, 67, 81, 84, 20, 26, 61, 45, 27, 11, 7, 50, 72, 71, 1, 59, 17, 80, 12, 83, 43, 23, 87, 40, 2, 8, 38, 65, 96, 94, 92, 49, 60, 30, 76, 56, 95, 28, 54, 47, 64, 69, 15, 99, 85, 86, 9, 6, 89, 62, 57, 63, 22, 79, 36, 39, 37, 82, 66, 52, 24, 42, 55, 34, 13, 90, 53, 70, 35, 93, 74, 58, 48, 16, 44, 14, 5, 3, 46, 97, 77, 88, 98, 4, 33]",40,35,26,208.472,151,200,0.01,0.5,10
SimulatedAnnealing,T200_a0.5_i10,large_01.txt,10,100,10,2024,1170,"[3, 64, 68, 62, 40, 59, 41, 63, 23, 27, 48, 37, 58, 53, 26, 19, 36, 74, 5, 29, 83, 96, 18, 84, 93, 2, 67, 78, 49, 6, 33, 24, 57, 21, 61, 87, 52, 97, 0, 32, 89, 12, 54, 17, 16, 55, 65, 47, 45, 51, 43, 76, 13, 4, 77, 92, 72, 22, 10, 90, 86, 71, 79, 85, 91, 35, 81, 8, 44, 94, 38, 9, 88, 42, 46, 28, 34, 99, 30, 7, 66, 60, 73, 39, 75, 98, 82, 31, 11, 1, 70, 95, 25, 80, 50, 69, 56, 14, 15, 20]",42,29,23,211.353,151,200,0.01,0.5,10
SimulatedAnnealing,T200_a0.5_i15,large_01.txt,10,100,1,42,1180,"[99, 30, 89, 9, 5, 50, 88, 92, 48, 37, 28, 1, 14, 42, 40, 55, 58, 75, 81, 49, 74, 36, 35, 80, 59, 13, 96, 53, 84, 24, 76, 62, 67, 65, 44, 32, 85, 6, 15, 20, 64, 12, 11, 57, 18, 93, 61, 82, 7, 10, 27, 97, 39, 86, 56, 70, 54, 45, 21, 23, 73, 71, 0, 78, 16, 94, 63, 4, 60, 31, 47, 2, 79, 51, 66, 91, 52, 3, 72, 77, 8, 95, 34, 22, 68, 25, 19, 43, 26, 83, 98, 38, 29, 69, 87, 46, 33, 41, 17, 90]",41,29,24,309.348,226,200,0.01,0.5,15
SimulatedAnnealing,T200_a0.5_i15,large_01.txt,10,100,2,7,1070,"[42, 55, 10, 80, 78, 81, 35, 32, 27, 99, 37, 75, 63, 96, 16, 49, 83, 4, 64, 84, 82, 9, 20, 21, 8, 53, 72, 86, 48, 6, 92, 19, 44, 26, 71, 3, 61, 91, 57, 70, 46, 0, 17, 90, 54, 97, 56, 2, 74, 11, 47, 68, 58, 62, 88, 79, 31, 51, 41, 98, 45, 18, 73, 29, 94, 5, 43, 85, 36, 7, 39, 24, 76, 38, 28, 87, 25, 1, 12, 60, 13, 95, 66, 89, 77, 59, 65, 52, 14, 22, 23, 33, 30, 93, 69, 40, 34, 50, 67, 15]",41,22,22,328.871,226,200,0.01,0.5,15
SimulatedAnnealing,T200_a0.5_i15,large_01.txt,10,100,3,13,1220,"[66, 16, 83, 50, 99, 32, 79, 33, 6, 42, 24, 89, 80, 21, 60, 74, 71, 13, 7, 46, 97, 5, 69, 47, 51, 84, 53, 2, 52, 26, 45, 1, 20, 19, 11, 92, 88, 59, 22, 68, 8, 86, 76, 38, 40, 35, 41, 78, 49, 29, 61, 14, 67, 90, 93, 48, 87, 9, 3, 57, 54, 94, 63, 72, 56, 62, 36, 98, 96, 34, 4, 85, 27, 91, 43, 17, 82, 23, 73, 75, 30, 55, 44, 37, 65, 15, 64, 39, 28, 58, 31, 10, 77, 12, 95, 70, 25, 81, 18, 0]",40,30,26,326.869,226,200,0.01,0.5,15
SimulatedAnnealing,T200_a0.5_i15,large_01.txt,10,100,4,99,1140,"[1, 96, 91, 76, 99, 86, 8, 65, 34, 94, 66, 60, 23, 21, 93, 54, 73, 98, 48, 95, 97, 6, 68, 18, 82, 27, 47, 5, 62, 2, 40, 72, 15, 90, 51, 30, 70, 0, 46, 41, 85, 24, 20, 78, 56, 31, 92, 44, 37, 83, 63, 17, 43, 3, 81, 29, 36, 69, 4, 22, 84, 80, 35, 33, 13, 39, 19, 61, 55, 28, 10, 74, 57, 42, 58, 59, 89, 11, 26, 50, 87, 53, 88, 75, 16, 12, 25, 71, 49, 38, 64, 14, 67, 45, 52, 9, 32, 79, 77, 7]",43,25,23,326.448,226,200,0.01,0.5,15
SimulatedAnnealing,T200_a0.5_i15,large_01.txt,10,100,5,1234,1190,"[24, 52, 54, 46, 10, 19, 78, 92, 70, 79, 36, 49, 63, 40, 65, 8, 72, 44, 53, 48, 90, 4, 43, 45, 55, 28, 51, 17, 5, 74, 68, 97, 42, 21, 88, 3, 23, 87, 39, 67, 80, 2, 32, 0, 84, 82, 9, 18, 31, 33, 64, 89, 13, 15, 25, 56, 38, 86, 85, 20, 77, 12, 50, 58, 83, 7, 30, 61, 29, 95, 99, 62, 66, 75, 37, 60, 57, 76, 96, 59, 98, 35, 94, 11, 41, 91, 47, 34, 16, 69, 6, 1, 26, 22, 14, 73, 81, 27, 71, 93]",44,27,24,323.999,226,200,0.01,0.5,15
SimulatedAnnealing,T200_a0.5_i15,large_01.txt,10,100,6,555,1170,"[90, 95, 84, 87, 63, 7, 32, 57, 98, 13, 33, 70, 11, 47, 96, 3, 89, 21, 24, 69, 10, 8, 17, 29, 54, 5, 56, 46, 92, 76, 93, 38, 85, 52, 31, 41, 77, 30, 97, 71, 2, 51, 91, 74, 55, 22, 75, 80, 58, 65, 34, 94, 42, 48, 44, 16, 23, 59, 19, 4, 37, 79, 36, 78, 15, 49, 28, 14, 68, 53, 26, 0, 72, 60, 20, 67, 40, 50, 35, 25, 86, 62, 88, 1, 82, 6, 64, 45, 66, 83, 12, 9, 81, 73, 61, 43, 39, 27, 99, 18]",40,31,23,325.519,226,200,0.01,0.5,15
SimulatedAnnealing,T200_a0.5_i15,large_01.txt,10,100,7,321,1220,"[35, 56, 63, 89, 90, 52, 68, 85, 53, 18, 74, 30, 66, 99, 9, 17, 44, 21, 55, 50, 14, 96, 87, 54, 67, 1, 15, 51, 40, 72, 41, 91, 75, 11, 13, 76, 16, 61, 27, 60, 46, 8, 93, 38, 45, 69, 7, 26, 37, 80, 57, 36, 19, 84, 20, 62, 98, 58, 24, 0, 82, 59, 79, 12, 5, 86, 49, 77, 6, 95, 25, 4, 70, 83, 34, 32, 43, 94, 64, 23, 65, 97, 10, 48, 28, 39, 88, 92, 29, 81, 2, 33, 47, 73, 31, 71, 22, 42, 78, 3]",45,29,24,318.819,226,200,0.01,0.5,15
SimulatedAnnealing,T200_a0.5_i15,large_01.txt,10,100,8,808,1140,"[19, 25, 27, 15, 30, 95, 88, 11, 68, 80, 38, 8, 18, 17, 54, 52, 50, 43, 1, 58, 45, 93, 26, 29, 59, 10, 34, 87, 48, 0, 9, 23, 62, 5, 67, 7, 33, 66, 97, 72, 55, 3, 94, 84, 78, 21, 20, 39, 28, 83, 2, 79, 37, 99, 98, 86, 24, 42, 40, 57, 73, 41, 46, 74, 76, 36, 35, 63, 96, 12, 31, 89, 65, 70, 69, 82, 22, 71, 14, 77, 44, 49, 64, 4, 53, 75, 56, 47, 85, 32, 6, 91, 61, 92, 51, 90, 13, 16, 60, 81]",40,28,23,326.265,226,200,0.01,0.5,15
SimulatedAnnealing,T200_a0.5_i15,large_01.txt,10,100,9,777,1170,"[20, 41, 35, 75, 10, 85, 0, 51, 62, 82, 32, 81, 91, 13, 55, 94, 47, 50, 8, 71, 45, 80, 76, 29, 83, 30, 86, 78, 11, 3, 59, 84, 14, 12, 79, 27, 61, 4, 36, 58, 7, 22, 72, 70, 40, 92, 74, 28, 15, 97, 33, 69, 34, 6, 63, 64, 65, 49, 56, 88, 67, 21, 17, 48, 18, 57, 43, 38, 53, 31, 39, 68, 77, 66, 46, 25, 42, 44, 16, 9, 90, 26, 52, 24, 87, 73, 96, 19, 99, 98, 54, 5, 23, 93, 37, 2, 95, 89, 60, 1]",46,27,22,327.609,226,200,0.01,0.5,15
SimulatedAnnealing,T200_a0.5_i15,large_01.txt,10,100,10,2024,1090,"[7, 58, 4, 62, 44, 59, 6, 63, 78, 35, 69, 11, 83, 34, 76, 17, 75, 56, 5, 16, 68, 87, 24, 41, 19, 36, 67, 82, 80, 20, 33, 29, 53, 14, 27, 22, 52, 55, 98, 43, 97, 81, 57, 40, 84, 13, 39, 47, 93, 96, 94, 26, 12, 85, 77, 92, 72, 45, 10, 23, 86, 99, 79, 51, 91, 3, 18, 8, 89, 21, 50, 9, 74, 42, 88, 28, 54, 0, 30, 64, 66, 71, 73, 2, 46, 60, 49, 31, 61, 1, 70, 32, 25, 90, 38, 48, 65, 37, 15, 95]",47,20,21,321.168,226,200,0.01,0.5,15
SimulatedAnnealing,T200_a0.5_i25,large_01.txt,10,100,1,42,1060,"[64, 19, 12, 9, 13, 95, 53, 57, 39, 23, 8, 6, 87, 70, 94, 52, 16, 28, 74, 63, 96, 33, 91, 5, 14, 2, 85, 51, 0, 30, 61, 44, 49, 40, 20, 58, 21, 3, 71, 66, 48, 7, 54, 88, 76, 93, 35, 17, 50, 77, 98, 82, 25, 1, 68, 69, 75, 31, 43, 42, 60, 32, 84, 78, 24, 67, 79, 4, 81, 92, 38, 36, 18, 26, 73, 59, 37, 46, 72, 89, 86, 62, 97, 90, 41, 15, 47, 45, 83, 34, 56, 27, 29, 11, 80, 55, 65, 10, 99, 22]",50,16,20,523.284,376,200,0.01,0.5,25
SimulatedAnnealing,T200_a0.5_i25,large_01.txt,10,100,2,7,1090,"[70, 22, 86, 0, 98, 67, 75, 45, 68, 9, 73, 7, 96, 55, 23, 53, 92, 77, 1, 93, 61, 39, 42, 32, 8, 97, 72, 49, 36, 66, 33, 58, 20, 69, 15, 40, 99, 95, 52, 41, 62, 64, 26, 38, 54, 79, 60, 2, 82, 16, 35, 46, 59, 90, 88, 43, 25, 84, 13, 78, 31, 37, 10, 74, 63, 50, 76, 89, 44, 29, 51, 3, 80, 65, 83, 56, 11, 12, 85, 19, 24, 47, 71, 6, 17, 18, 21, 34, 14, 48, 28, 91, 30, 87, 94, 5, 57, 27, 81, 4]",43,22,22,520.758,376,200,0.01,0.5,25
SimulatedAnnealing,T200_a0.5_i25,large_01.txt,10,100,3,13,1130,"[32, 88, 60, 36, 20, 26, 79, 76, 71, 84, 72, 47, 78, 6, 56, 93, 12, 29, 39, 91, 62, 77, 98, 30, 35, 15, 53, 75, 27, 81, 90, 94, 28, 11, 59, 99, 18, 4, 48, 43, 7, 31, 57, 97, 42, 92, 41, 13, 52, 69, 61, 68, 54, 2, 16, 14, 82, 80, 67, 70, 37, 83, 63, 45, 65, 1, 46, 3, 73, 89, 50, 22, 9, 66, 38, 17, 5, 23, 96, 49, 24, 55, 34, 85, 25, 0, 74, 86, 33, 44, 21, 19, 51, 40, 87, 8, 10, 58, 64, 95]",40,27,23,556.357,376,200,0.01,0.5,25
SimulatedAnnealing,T200_a0.5_i25,large_01.txt,10,100,4,99,1040,"[13, 96, 1, 55, 32, 6, 23, 16, 25, 48, 63, 44, 34, 88, 46, 81, 98, 99, 67, 92, 42, 59, 87, 9, 70, 20, 93, 94, 84, 2, 15, 64, 74, 12, 82, 89, 33, 24, 45, 29, 26, 0, 91, 95, 56, 85, 11, 10, 71, 83, 54, 17, 22, 3, 68, 77, 58, 69, 72, 80, 76, 21, 35, 37, 40, 39, 31, 8, 57, 19, 75, 41, 47, 90, 65, 50, 18, 28, 53, 78, 61, 86, 62, 14, 43, 73, 66, 79, 49, 7, 38, 60, 52, 97, 51, 4, 27, 30, 36, 5]",39,25,20,552.784,376,200,0.01,0.5,25
SimulatedAnnealing,T200_a0.5_i25,large_01.txt,10,100,5,1234,1090,"[24, 75, 82, 67, 89, 57, 8, 74, 36, 23, 44, 49, 81, 55, 65, 37, 78, 84, 7, 40, 28, 15, 47, 77, 71, 3, 87, 31, 5, 52, 88, 61, 60, 59, 92, 9, 34, 51, 12, 33, 6, 2, 14, 25, 18, 19, 20, 70, 35, 30, 54, 21, 32, 90, 69, 95, 17, 80, 53, 96, 11, 58, 16, 79, 29, 39, 27, 41, 62, 22, 97, 68, 50, 1, 46, 13, 26, 0, 63, 10, 64, 73, 56, 38, 43, 86, 45, 42, 48, 93, 83, 91, 66, 94, 85, 4, 72, 99, 76, 98]",42,25,21,568.064,376,200,0.01,0.5,25
SimulatedAnnealing,T200_a0.5_i25,large_01.txt,10,100,6,555,1120,"[90, 16, 61, 14, 56, 21, 70, 97, 4, 58, 6, 12, 57, 69, 65, 83, 51, 87, 24, 38, 18, 29, 55, 81, 75, 36, 5, 73, 31, 35, 93, 52, 85, 40, 53, 50, 46, 30, 7, 80, 95, 23, 78, 84, 25, 41, 34, 48, 10, 79, 96, 47, 86, 76, 39, 68, 8, 89, 19, 99, 71, 91, 22, 72, 17, 1, 28, 2, 59, 45, 26, 0, 77, 32, 20, 49, 37, 60, 13, 27, 62, 74, 11, 88, 82, 54, 64, 98, 33, 94, 42, 9, 63, 3, 66, 43, 44, 67, 15, 92]",38,22,26,554.289,376,200,0.01,0.5,25
SimulatedAnnealing,T200_a0.5_i25,large_01.txt,10,100,7,321,1020,"[24, 62, 6, 51, 91, 52, 76, 37, 17, 30, 82, 13, 36, 39, 70, 55, 88, 43, 73, 94, 18, 89, 79, 57, 12, 58, 41, 38, 96, 33, 25, 44, 60, 68, 63, 90, 59, 22, 74, 75, 7, 8, 14, 66, 72, 15, 61, 9, 85, 34, 86, 46, 42, 49, 99, 26, 53, 11, 48, 0, 81, 78, 31, 10, 23, 77, 93, 35, 84, 64, 45, 5, 21, 97, 50, 47, 87, 92, 65, 20, 71, 29, 83, 1, 67, 4, 40, 95, 28, 98, 54, 19, 80, 3, 16, 32, 56, 69, 27, 2]",41,17,22,561.778,376,200,0.01,0.5,25
SimulatedAnnealing,T200_a0.5_i25,large_01.txt,10,100,8,808,1140,"[9, 12, 28, 61, 77, 44, 93, 75, 32, 88, 74, 2, 70, 65, 5, 80, 62, 87, 30, 55, 23, 4, 18, 36, 89, 59, 21, 25, 37, 0, 86, 47, 33, 27, 82, 97, 22, 91, 72, 1, 14, 8, 6, 94, 71, 79, 26, 81, 15, 39, 60, 57, 42, 58, 98, 48, 24, 85, 73, 96, 17, 38, 46, 41, 78, 3, 95, 68, 13, 19, 29, 51, 10, 64, 34, 67, 20, 83, 69, 76, 40, 52, 43, 99, 50, 31, 49, 53, 54, 92, 35, 63, 45, 16, 66, 90, 84, 56, 11, 7]",43,23,24,543.403,376,200,0.01,0.5,25
SimulatedAnnealing,T200_a0.5_i25,large_01.txt,10,100,9,777,1110,"[31, 28, 78, 98, 95, 19, 0, 51, 88, 26, 75, 84, 5, 73, 18, 83, 3, 91, 29, 30, 59, 35, 82, 4, 67, 47, 99, 12, 86, 89, 48, 43, 80, 62, 85, 24, 34, 90, 96, 46, 76, 1, 65, 68, 23, 9, 93, 10, 13, 32, 87, 21, 11, 92, 16, 64, 97, 66, 37, 61, 71, 14, 69, 56, 74, 6, 63, 55, 17, 39, 20, 53, 33, 52, 60, 45, 42, 40, 54, 58, 49, 77, 70, 15, 79, 38, 72, 50, 22, 8, 7, 44, 81, 41, 25, 94, 36, 57, 27, 2]",41,24,23,539.845,376,200,0.01,0.5,25
SimulatedAnnealing,T200_a0.5_i25,large_01.txt,10,100,10,2024,1100,"[28, 88, 40, 49, 69, 89, 94, 72, 62, 96, 59, 76, 78, 55, 71, 84, 30, 2, 5, 65, 53, 9, 33, 79, 75, 7, 67, 82, 12, 21, 35, 42, 16, 60, 46, 22, 54, 92, 27, 31, 52, 19, 70, 34, 25, 17, 45, 47, 61, 56, 26, 64, 10, 85, 90, 81, 66, 74, 4, 23, 18, 73, 99, 80, 41, 0, 95, 8, 58, 50, 38, 93, 6, 14, 63, 36, 24, 3, 86, 44, 87, 97, 15, 91, 51, 39, 77, 98, 43, 11, 1, 32, 48, 37, 83, 20, 29, 13, 57, 68]",40,26,22,554.603,376,200,0.01,0.5,25
SimulatedAnnealing,T200_a0.7_i10,large_01.txt,10,100,1,42,1110,"[15, 30, 41, 28, 52, 16, 42, 57, 18, 60, 87, 1, 14, 50, 40, 21, 51, 31, 23, 49, 96, 36, 13, 58, 44, 35, 95, 94, 46, 24, 37, 62, 8, 88, 74, 47, 20, 6, 53, 12, 64, 3, 33, 82, 97, 93, 61, 73, 76, 65, 27, 83, 39, 5, 11, 85, 7, 45, 55, 80, 22, 71, 86, 78, 90, 2, 63, 4, 54, 72, 66, 99, 84, 59, 34, 91, 48, 32, 79, 77, 0, 67, 17, 9, 68, 75, 19, 43, 26, 70, 81, 38, 29, 69, 25, 98, 92, 89, 10, 56]",41,24,23,417.359,281,200,0.01,0.7,10
SimulatedAnnealing,T200_a0.7_i10,large_01.txt,10,100,2,7,1070,"[26, 51, 95, 52, 78, 81, 87, 14, 35, 89, 56, 10, 65, 61, 36, 98, 12, 4, 66, 59, 71, 9, 44, 7, 90, 60, 72, 13, 1, 24, 92, 96, 77, 75, 37, 0, 34, 5, 46, 86, 82, 29, 41, 80, 54, 32, 28, 2, 62, 64, 70, 27, 58, 42, 88, 40, 97, 30, 8, 79, 94, 91, 53, 73, 25, 68, 16, 38, 84, 49, 63, 19, 76, 22, 67, 3, 17, 15, 31, 55, 57, 50, 99, 6, 48, 39, 47, 18, 74, 20, 23, 43, 83, 93, 85, 33, 69, 11, 45, 21]",37,26,22,392.136,281,200,0.01,0.7,10
SimulatedAnnealing,T200_a0.7_i10,large_01.txt,10,100,3,13,1140,"[23, 59, 90, 50, 89, 21, 57, 22, 33, 65, 62, 95, 74, 27, 69, 66, 70, 13, 7, 93, 32, 5, 48, 58, 51, 84, 43, 2, 52, 26, 45, 68, 20, 19, 91, 38, 14, 16, 87, 80, 8, 86, 76, 92, 40, 35, 41, 78, 42, 0, 61, 73, 6, 99, 11, 24, 97, 72, 47, 77, 82, 94, 49, 15, 56, 83, 36, 4, 96, 34, 31, 85, 54, 46, 64, 17, 79, 60, 88, 75, 53, 55, 44, 37, 3, 10, 98, 39, 28, 1, 67, 71, 63, 12, 18, 9, 25, 81, 30, 29]",46,20,24,407.623,281,200,0.01,0.7,10
SimulatedAnnealing,T200_a0.7_i10,large_01.txt,10,100,4,99,1070,"[82, 46, 7, 5, 94, 58, 8, 52, 45, 24, 57, 73, 23, 70, 29, 64, 21, 63, 48, 95, 66, 2, 26, 62, 32, 38, 17, 83, 72, 6, 51, 50, 35, 91, 12, 13, 9, 0, 86, 61, 97, 54, 20, 96, 56, 31, 92, 41, 37, 60, 44, 28, 74, 3, 88, 93, 76, 65, 36, 30, 84, 98, 78, 11, 43, 90, 18, 69, 34, 85, 10, 40, 14, 42, 39, 22, 89, 4, 15, 80, 87, 99, 19, 75, 27, 53, 47, 79, 49, 16, 68, 25, 67, 59, 55, 71, 81, 33, 77, 1]",45,20,21,401.661,281,200,0.01,0.7,10
SimulatedAnnealing,T200_a0.7_i10,large_01.txt,10,100,5,1234,1090,"[24, 52, 9, 71, 69, 92, 78, 27, 70, 15, 36, 49, 63, 90, 65, 8, 16, 40, 56, 76, 82, 73, 34, 97, 55, 25, 51, 67, 5, 14, 88, 19, 47, 83, 72, 62, 23, 2, 39, 11, 80, 18, 57, 31, 84, 20, 79, 94, 53, 33, 61, 98, 13, 86, 43, 35, 38, 74, 85, 95, 77, 12, 44, 93, 29, 7, 30, 42, 45, 89, 48, 3, 66, 0, 37, 60, 32, 87, 21, 22, 54, 17, 28, 96, 41, 91, 26, 59, 68, 10, 6, 1, 64, 99, 75, 4, 81, 58, 46, 50]",44,19,23,386.853,281,200,0.01,0.7,10
SimulatedAnnealing,T200_a0.7_i10,large_01.txt,10,100,6,555,1170,"[90, 30, 60, 4, 71, 33, 36, 97, 18, 40, 82, 98, 57, 47, 3, 32, 51, 75, 24, 45, 10, 99, 17, 41, 86, 6, 14, 62, 83, 92, 93, 38, 25, 52, 31, 16, 72, 50, 48, 88, 8, 94, 77, 84, 55, 35, 63, 80, 58, 79, 81, 0, 74, 96, 44, 91, 5, 89, 19, 56, 69, 76, 9, 68, 11, 1, 28, 87, 7, 53, 26, 34, 78, 12, 20, 49, 46, 21, 23, 70, 54, 13, 59, 2, 42, 67, 85, 22, 66, 64, 95, 27, 65, 73, 61, 43, 39, 29, 15, 37]",36,31,25,402.983,281,200,0.01,0.7,10
SimulatedAnnealing,T200_a0.7_i10,large_01.txt,10,100,7,321,1090,"[34, 51, 15, 56, 26, 57, 93, 85, 74, 70, 40, 5, 49, 75, 9, 99, 71, 1, 18, 38, 19, 59, 87, 6, 89, 3, 27, 20, 8, 79, 41, 91, 90, 68, 13, 72, 28, 61, 84, 60, 2, 7, 35, 77, 45, 92, 32, 97, 42, 52, 23, 36, 47, 22, 62, 33, 94, 66, 24, 46, 82, 83, 98, 86, 80, 14, 58, 31, 55, 29, 25, 4, 30, 39, 17, 53, 78, 96, 64, 95, 65, 10, 50, 48, 16, 37, 88, 63, 67, 81, 76, 69, 44, 54, 21, 0, 73, 11, 43, 12]",37,30,21,385.332,281,200,0.01,0.7,10
SimulatedAnnealing,T200_a0.7_i10,large_01.txt,10,100,8,808,1120,"[61, 0, 97, 10, 49, 24, 81, 56, 50, 88, 1, 35, 67, 12, 15, 90, 44, 21, 91, 64, 23, 93, 72, 8, 31, 80, 34, 87, 42, 63, 36, 71, 25, 47, 94, 7, 86, 55, 89, 30, 9, 70, 65, 84, 14, 76, 82, 2, 5, 83, 26, 19, 73, 99, 98, 52, 45, 39, 13, 57, 28, 54, 46, 74, 29, 3, 33, 69, 27, 75, 78, 48, 62, 95, 40, 32, 20, 96, 17, 68, 92, 18, 59, 4, 22, 66, 41, 53, 11, 58, 6, 77, 60, 37, 51, 85, 38, 79, 16, 43]",45,23,22,393.972,281,200,0.01,0.7,10
SimulatedAnnealing,T200_a0.7_i10,large_01.txt,10,100,9,777,1110,"[20, 94, 35, 75, 68, 85, 44, 51, 91, 63, 6, 19, 62, 37, 55, 48, 89, 26, 8, 71, 45, 15, 47, 29, 83, 7, 86, 78, 31, 57, 59, 82, 22, 64, 11, 43, 36, 79, 14, 61, 30, 54, 65, 73, 23, 58, 24, 10, 92, 17, 97, 69, 95, 12, 13, 70, 33, 49, 98, 88, 67, 21, 32, 77, 18, 25, 76, 38, 93, 40, 39, 52, 87, 66, 46, 60, 42, 0, 74, 9, 90, 27, 84, 41, 16, 72, 96, 99, 56, 5, 53, 3, 81, 80, 28, 1, 34, 50, 4, 2]",45,20,23,388.815,281,200,0.01,0.7,10
SimulatedAnnealing,T200_a0.7_i10,large_01.txt,10,100,10,2024,1070,"[23, 77, 4, 57, 49, 15, 8, 63, 78, 86, 68, 11, 83, 39, 76, 22, 82, 56, 5, 59, 69, 9, 24, 52, 58, 87, 67, 71, 80, 6, 44, 41, 19, 21, 27, 85, 51, 55, 98, 43, 75, 7, 53, 40, 84, 13, 31, 47, 93, 61, 14, 26, 12, 95, 70, 45, 72, 92, 29, 81, 20, 99, 79, 30, 91, 3, 33, 32, 89, 50, 94, 97, 74, 42, 88, 28, 35, 0, 10, 64, 66, 36, 73, 2, 46, 60, 18, 54, 96, 34, 1, 16, 25, 90, 38, 48, 65, 37, 62, 17]",41,26,20,386.525,281,200,0.01,0.7,10
SimulatedAnnealing,T200_a0.7_i15,large_01.txt,10,100,1,42,1070,"[64, 38, 10, 9, 60, 95, 82, 57, 18, 62, 8, 6, 51, 70, 94, 55, 81, 28, 20, 97, 96, 19, 45, 1, 77, 2, 85, 12, 0, 80, 91, 44, 48, 24, 13, 29, 11, 47, 30, 33, 49, 88, 15, 66, 76, 93, 34, 73, 31, 14, 98, 67, 54, 5, 68, 35, 58, 50, 43, 42, 74, 71, 84, 27, 72, 40, 69, 23, 21, 78, 26, 4, 63, 3, 17, 59, 65, 46, 87, 61, 86, 92, 39, 22, 41, 75, 7, 52, 37, 32, 56, 53, 79, 16, 83, 36, 89, 25, 99, 90]",40,23,22,592.534,421,200,0.01,0.7,15
SimulatedAnnealing,T200_a0.7_i15,large_01.txt,10,100,2,7,1140,"[96, 83, 86, 57, 27, 67, 49, 40, 62, 11, 55, 7, 15, 95, 18, 90, 72, 76, 60, 23, 71, 39, 42, 6, 22, 98, 47, 75, 36, 24, 92, 9, 70, 89, 63, 80, 33, 30, 46, 26, 61, 10, 25, 91, 54, 79, 66, 2, 81, 16, 41, 99, 28, 69, 88, 94, 97, 84, 74, 8, 13, 3, 64, 19, 77, 50, 34, 35, 44, 29, 51, 43, 78, 5, 93, 56, 68, 12, 20, 73, 45, 14, 48, 82, 17, 21, 32, 87, 1, 0, 58, 38, 53, 37, 31, 65, 85, 59, 52, 4]",41,25,24,604.837,421,200,0.01,0.7,15
SimulatedAnnealing,T200_a0.7_i15,large_01.txt,10,100,3,13,1060,"[44, 30, 29, 10, 71, 84, 8, 87, 21, 91, 99, 15, 68, 80, 40, 48, 45, 7, 95, 12, 20, 46, 94, 19, 16, 1, 42, 69, 56, 35, 51, 79, 31, 23, 36, 22, 24, 57, 78, 28, 4, 93, 54, 88, 77, 49, 64, 60, 14, 65, 32, 97, 39, 9, 76, 98, 61, 37, 27, 58, 72, 6, 11, 17, 81, 67, 13, 66, 41, 96, 70, 0, 92, 73, 52, 90, 3, 82, 59, 38, 50, 55, 34, 25, 75, 63, 62, 86, 47, 5, 89, 53, 85, 26, 43, 2, 18, 33, 83, 74]",38,26,21,603.076,421,200,0.01,0.7,15
SimulatedAnnealing,T200_a0.7_i15,large_01.txt,10,100,4,99,1070,"[91, 73, 1, 95, 32, 36, 23, 16, 94, 10, 68, 5, 61, 79, 81, 42, 55, 12, 67, 72, 86, 93, 87, 21, 29, 9, 69, 88, 78, 2, 34, 44, 96, 40, 46, 14, 33, 47, 84, 82, 83, 0, 7, 6, 54, 50, 11, 57, 66, 26, 76, 17, 27, 3, 25, 24, 48, 41, 52, 19, 18, 45, 35, 51, 22, 39, 31, 90, 97, 63, 80, 74, 64, 37, 65, 89, 20, 98, 49, 99, 28, 70, 75, 53, 43, 15, 85, 4, 13, 60, 38, 77, 59, 56, 71, 8, 92, 62, 58, 30]",38,23,23,590.836,421,200,0.01,0.7,15
SimulatedAnnealing,T200_a0.7_i15,large_01.txt,10,100,5,1234,1100,"[24, 74, 17, 75, 94, 57, 8, 39, 70, 28, 44, 86, 92, 13, 65, 26, 43, 19, 54, 91, 89, 49, 47, 2, 45, 55, 42, 0, 5, 33, 48, 60, 71, 12, 77, 40, 34, 73, 67, 62, 41, 82, 68, 87, 31, 78, 88, 35, 30, 15, 21, 69, 97, 4, 61, 95, 32, 59, 25, 63, 11, 58, 72, 90, 83, 27, 56, 6, 10, 53, 22, 93, 36, 38, 1, 14, 23, 9, 18, 46, 64, 96, 84, 52, 37, 51, 66, 99, 20, 7, 81, 16, 79, 50, 85, 3, 80, 29, 76, 98]",43,23,22,604.96,421,200,0.01,0.7,15
SimulatedAnnealing,T200_a0.7_i15,large_01.txt,10,100,6,555,1070,"[44, 72, 4, 29, 19, 1, 47, 54, 65, 81, 7, 27, 75, 52, 31, 87, 12, 3, 26, 40, 58, 64, 17, 46, 21, 24, 36, 16, 88, 49, 91, 67, 93, 79, 15, 69, 23, 70, 56, 83, 8, 14, 80, 76, 25, 13, 45, 97, 32, 33, 59, 85, 37, 66, 57, 20, 94, 92, 63, 22, 95, 99, 55, 74, 34, 48, 28, 39, 68, 89, 84, 6, 77, 50, 61, 42, 60, 2, 86, 18, 62, 73, 11, 90, 82, 38, 35, 96, 98, 5, 41, 53, 10, 30, 71, 9, 43, 78, 0, 51]",35,30,21,607.13,421,200,0.01,0.7,15
SimulatedAnnealing,T200_a0.7_i15,large_01.txt,10,100,7,321,1070,"[35, 62, 11, 94, 71, 52, 82, 76, 17, 99, 77, 1, 58, 46, 87, 64, 12, 37, 78, 48, 42, 91, 54, 57, 63, 15, 41, 24, 40, 5, 25, 31, 74, 68, 67, 90, 21, 66, 60, 38, 6, 34, 28, 79, 97, 18, 88, 19, 70, 50, 81, 44, 14, 96, 49, 26, 73, 43, 10, 0, 86, 22, 51, 75, 32, 8, 84, 39, 98, 55, 45, 59, 92, 89, 83, 85, 16, 95, 65, 20, 7, 29, 93, 13, 33, 4, 72, 23, 56, 9, 36, 30, 80, 3, 47, 53, 61, 69, 27, 2]",36,25,23,590.983,421,200,0.01,0.7,15
SimulatedAnnealing,T200_a0.7_i15,large_01.txt,10,100,8,808,1010,"[58, 79, 39, 42, 30, 44, 76, 81, 15, 41, 93, 96, 67, 27, 82, 80, 62, 66, 61, 85, 46, 8, 95, 57, 51, 1, 34, 20, 4, 0, 75, 72, 23, 12, 53, 5, 91, 94, 25, 97, 60, 7, 73, 38, 35, 52, 10, 2, 33, 77, 32, 70, 47, 14, 98, 11, 92, 37, 86, 63, 28, 48, 56, 18, 68, 3, 84, 54, 43, 40, 78, 74, 19, 69, 16, 64, 13, 9, 31, 65, 83, 59, 21, 99, 22, 26, 36, 71, 55, 90, 6, 49, 45, 88, 87, 89, 17, 29, 24, 50]",40,21,20,584.959,421,200,0.01,0.7,15
SimulatedAnnealing,T200_a0.7_i15,large_01.txt,10,100,9,777,1030,"[31, 97, 36, 98, 72, 18, 0, 51, 91, 49, 88, 84, 76, 73, 15, 67, 13, 4, 24, 50, 20, 35, 25, 90, 54, 33, 19, 78, 45, 1, 82, 47, 22, 77, 12, 69, 21, 53, 86, 55, 17, 58, 56, 8, 23, 9, 34, 70, 26, 61, 87, 62, 95, 75, 65, 64, 99, 66, 32, 3, 43, 39, 89, 94, 40, 44, 57, 7, 16, 83, 59, 92, 48, 52, 11, 80, 74, 2, 28, 46, 27, 60, 10, 85, 93, 38, 96, 29, 37, 42, 79, 41, 81, 68, 63, 6, 71, 30, 14, 5]",41,18,22,578.404,421,200,0.01,0.7,15
SimulatedAnnealing,T200_a0.7_i15,large_01.txt,10,100,10,2024,1160,"[51, 66, 14, 3, 65, 59, 76, 73, 29, 90, 6, 40, 16, 11, 71, 84, 37, 19, 2, 99, 57, 9, 80, 13, 85, 93, 49, 44, 24, 4, 54, 36, 89, 46, 10, 83, 15, 55, 0, 38, 7, 43, 98, 95, 78, 25, 45, 18, 61, 27, 62, 31, 21, 52, 32, 69, 72, 34, 41, 94, 42, 60, 12, 47, 50, 91, 81, 86, 1, 53, 30, 23, 56, 33, 63, 22, 35, 26, 75, 82, 64, 97, 67, 74, 39, 20, 88, 79, 96, 70, 5, 68, 48, 28, 77, 87, 92, 17, 58, 8]",41,31,22,588.962,421,200,0.01,0.7,15
SimulatedAnnealing,T200_a0.7_i25,large_01.txt,10,100,1,42,1020,"[28, 68, 77, 7, 12, 18, 8, 70, 10, 33, 46, 38, 30, 75, 35, 90, 54, 86, 16, 29, 84, 3, 22, 95, 43, 61, 25, 23, 1, 2, 39, 21, 56, 47, 17, 4, 26, 62, 88, 64, 66, 97, 76, 98, 36, 31, 13, 6, 15, 60, 93, 40, 52, 11, 19, 80, 55, 99, 34, 42, 74, 69, 14, 81, 41, 85, 59, 71, 65, 79, 50, 27, 96, 24, 78, 53, 48, 32, 72, 51, 57, 92, 67, 73, 37, 89, 45, 58, 82, 0, 5, 20, 83, 49, 63, 91, 87, 44, 94, 9]",34,28,20,980.116,701,200,0.01,0.7,25
SimulatedAnnealing,T200_a0.7_i25,large_01.txt,10,100,2,7,1040,"[33, 65, 0, 64, 32, 78, 97, 74, 17, 12, 66, 27, 61, 73, 71, 50, 88, 11, 70, 39, 92, 3, 26, 6, 41, 14, 68, 42, 55, 19, 28, 95, 57, 75, 76, 40, 43, 98, 77, 84, 7, 9, 35, 36, 91, 18, 96, 2, 47, 46, 44, 86, 38, 5, 52, 15, 54, 21, 31, 82, 49, 90, 60, 24, 85, 8, 87, 51, 69, 1, 20, 34, 80, 81, 93, 53, 4, 25, 13, 16, 56, 62, 79, 59, 37, 63, 48, 99, 83, 10, 58, 30, 94, 45, 22, 23, 72, 89, 67, 29]",41,21,21,997.291,701,200,0.01,0.7,25
SimulatedAnnealing,T200_a0.7_i25,large_01.txt,10,100,3,13,1020,"[68, 59, 3, 2, 37, 84, 73, 29, 75, 41, 86, 46, 54, 14, 35, 62, 81, 77, 19, 60, 22, 1, 88, 34, 69, 51, 11, 90, 83, 31, 24, 26, 39, 70, 52, 5, 43, 33, 44, 28, 55, 78, 72, 17, 74, 10, 65, 30, 48, 57, 87, 80, 18, 16, 36, 96, 85, 53, 67, 0, 47, 50, 76, 95, 56, 7, 61, 82, 91, 64, 63, 97, 32, 20, 94, 79, 15, 13, 92, 58, 12, 25, 45, 99, 27, 93, 38, 66, 40, 4, 6, 42, 98, 71, 21, 8, 23, 89, 49, 9]",35,27,20,998.505,701,200,0.01,0.7,25
SimulatedAnnealing,T200_a0.7_i25,large_01.txt,10,100,4,99,990,"[36, 66, 9, 53, 17, 11, 20, 32, 62, 71, 51, 6, 92, 10, 85, 73, 63, 35, 48, 80, 40, 0, 94, 46, 72, 5, 87, 44, 13, 31, 83, 39, 77, 68, 81, 4, 49, 57, 67, 26, 2, 8, 21, 82, 95, 84, 30, 29, 12, 55, 76, 75, 58, 7, 25, 59, 97, 78, 54, 90, 56, 89, 98, 69, 45, 64, 34, 15, 96, 33, 74, 61, 43, 18, 52, 70, 16, 14, 60, 38, 86, 24, 88, 23, 22, 37, 42, 93, 27, 79, 65, 47, 41, 91, 28, 3, 19, 50, 99, 1]",39,20,20,983.319,701,200,0.01,0.7,25
SimulatedAnnealing,T200_a0.7_i25,large_01.txt,10,100,5,1234,1020,"[42, 11, 16, 26, 17, 82, 9, 45, 57, 5, 56, 6, 65, 94, 25, 75, 32, 89, 1, 99, 38, 64, 3, 90, 23, 28, 80, 22, 30, 88, 39, 44, 92, 58, 43, 59, 54, 55, 46, 33, 86, 29, 81, 51, 47, 70, 50, 91, 10, 73, 34, 85, 12, 71, 74, 76, 72, 79, 21, 4, 27, 20, 36, 31, 48, 78, 61, 93, 24, 62, 66, 8, 77, 67, 37, 60, 14, 2, 63, 53, 35, 49, 87, 84, 83, 40, 97, 19, 41, 7, 18, 68, 15, 13, 52, 0, 98, 95, 96, 69]",34,24,22,992.722,701,200,0.01,0.7,25
SimulatedAnnealing,T200_a0.7_i25,large_01.txt,10,100,6,555,1010,"[54, 41, 2, 85, 60, 83, 78, 11, 56, 39, 63, 33, 71, 67, 62, 90, 88, 8, 59, 35, 61, 26, 36, 53, 80, 23, 84, 17, 94, 48, 43, 87, 46, 21, 19, 24, 14, 37, 49, 20, 52, 28, 86, 95, 69, 97, 58, 6, 42, 45, 74, 65, 55, 4, 16, 76, 72, 93, 22, 44, 31, 68, 75, 99, 82, 96, 38, 81, 18, 10, 13, 89, 25, 79, 51, 64, 7, 66, 91, 34, 30, 70, 40, 0, 27, 1, 73, 92, 47, 3, 5, 15, 50, 12, 98, 9, 77, 29, 57, 32]",37,22,21,1009.645,701,200,0.01,0.7,25
SimulatedAnnealing,T200_a0.7_i25,large_01.txt,10,100,7,321,990,"[23, 26, 4, 40, 55, 36, 78, 22, 53, 66, 31, 6, 50, 92, 75, 19, 64, 1, 65, 94, 32, 37, 61, 5, 13, 69, 30, 48, 56, 51, 11, 93, 41, 44, 80, 10, 29, 83, 49, 59, 42, 81, 38, 97, 27, 68, 45, 57, 16, 98, 43, 14, 73, 3, 91, 34, 25, 72, 77, 2, 33, 62, 76, 79, 58, 21, 15, 90, 46, 85, 82, 9, 24, 95, 17, 60, 7, 0, 71, 96, 52, 67, 35, 84, 54, 12, 28, 99, 18, 39, 89, 20, 63, 70, 47, 88, 86, 87, 74, 8]",40,19,20,995.401,701,200,0.01,0.7,25
SimulatedAnnealing,T200_a0.7_i25,large_01.txt,10,100,8,808,990,"[10, 58, 1, 66, 37, 81, 8, 51, 65, 53, 6, 85, 88, 56, 33, 89, 86, 16, 74, 26, 92, 90, 73, 9, 68, 5, 75, 14, 79, 2, 36, 39, 47, 12, 60, 17, 25, 98, 80, 28, 71, 95, 11, 67, 23, 78, 38, 45, 76, 21, 63, 19, 15, 99, 77, 44, 70, 72, 57, 96, 97, 40, 34, 69, 43, 0, 84, 83, 62, 32, 27, 54, 22, 35, 59, 94, 20, 3, 18, 42, 48, 30, 64, 87, 82, 50, 61, 46, 13, 49, 7, 52, 93, 29, 31, 91, 55, 41, 24, 4]",35,24,20,968.67,701,200,0.01,0.7,25
SimulatedAnnealing,T200_a0.7_i25,large_01.txt,10,100,9,777,990,"[62, 67, 1, 89, 23, 80, 47, 72, 86, 29, 97, 36, 57, 37, 68, 43, 59, 6, 76, 94, 40, 2, 92, 69, 64, 3, 45, 15, 7, 56, 11, 28, 71, 26, 44, 17, 31, 50, 10, 38, 98, 19, 42, 49, 55, 46, 52, 96, 75, 79, 99, 73, 16, 35, 24, 93, 65, 41, 53, 0, 27, 25, 87, 63, 70, 5, 39, 21, 81, 91, 95, 8, 48, 58, 85, 82, 78, 83, 13, 34, 77, 12, 20, 61, 18, 90, 88, 32, 14, 9, 84, 74, 66, 54, 33, 4, 22, 60, 30, 51]",40,19,20,997.421,701,200,0.01,0.7,25
SimulatedAnnealing,T200_a0.7_i25,large_01.txt,10,100,10,2024,1000,"[12, 68, 41, 28, 25, 5, 3, 57, 36, 65, 8, 82, 86, 10, 18, 85, 24, 48, 7, 56, 93, 49, 58, 59, 75, 43, 89, 52, 26, 1, 33, 67, 79, 32, 64, 20, 50, 70, 29, 62, 6, 14, 71, 80, 16, 39, 19, 98, 78, 76, 46, 83, 66, 0, 88, 63, 37, 81, 35, 99, 13, 96, 42, 60, 69, 4, 84, 51, 73, 34, 30, 95, 15, 61, 38, 40, 21, 11, 44, 45, 17, 90, 94, 2, 53, 47, 27, 23, 55, 31, 77, 91, 72, 74, 97, 9, 22, 54, 92, 87]",36,24,20,993.147,701,200,0.01,0.7,25
SimulatedAnnealing,T200_a0.9_i10,large_01.txt,10,100,1,42,980,"[30, 75, 99, 96, 40, 81, 50, 48, 82, 29, 77, 21, 34, 53, 47, 42, 13, 7, 86, 58, 83, 5, 89, 97, 38, 3, 95, 72, 54, 74, 31, 44, 26, 65, 36, 39, 98, 35, 91, 64, 10, 79, 71, 17, 87, 49, 25, 8, 67, 68, 94, 15, 27, 32, 73, 90, 76, 52, 45, 0, 11, 69, 20, 55, 51, 1, 57, 6, 37, 70, 78, 2, 62, 18, 16, 59, 84, 9, 22, 63, 92, 24, 93, 56, 80, 61, 85, 23, 19, 33, 66, 28, 46, 60, 14, 88, 43, 41, 12, 4]",42,16,20,1330.333,941,200,0.01,0.9,10
SimulatedAnnealing,T200_a0.9_i10,large_01.txt,10,100,2,7,990,"[31, 24, 75, 35, 79, 6, 20, 17, 61, 65, 5, 22, 14, 97, 88, 54, 10, 30, 25, 11, 43, 59, 3, 74, 76, 99, 98, 92, 48, 8, 39, 38, 86, 82, 12, 94, 55, 0, 44, 62, 87, 1, 57, 36, 95, 69, 64, 4, 15, 68, 45, 47, 85, 60, 51, 56, 96, 73, 46, 40, 78, 52, 77, 41, 28, 90, 23, 93, 16, 84, 66, 32, 70, 91, 71, 67, 72, 7, 83, 49, 53, 13, 33, 2, 37, 42, 26, 50, 63, 80, 89, 58, 34, 19, 21, 29, 81, 18, 27, 9]",40,17,21,1316.417,941,200,0.01,0.9,10
SimulatedAnnealing,T200_a0.9_i10,large_01.txt,10,100,3,13,950,"[20, 66, 2, 27, 65, 49, 9, 83, 68, 88, 56, 23, 24, 13, 36, 29, 32, 38, 73, 86, 62, 7, 87, 3, 54, 75, 72, 96, 1, 16, 10, 14, 67, 45, 17, 55, 43, 25, 60, 90, 6, 70, 28, 34, 58, 84, 74, 53, 47, 99, 33, 31, 81, 5, 78, 91, 57, 97, 12, 82, 41, 80, 79, 95, 39, 8, 35, 77, 26, 18, 21, 0, 52, 98, 48, 22, 76, 11, 50, 71, 59, 85, 61, 44, 19, 42, 37, 92, 89, 4, 63, 51, 69, 64, 94, 40, 15, 93, 46, 30]",37,18,20,1324.711,941,200,0.01,0.9,10
SimulatedAnnealing,T200_a0.9_i10,large_01.txt,10,100,4,99,960,"[99, 70, 49, 17, 30, 72, 4, 87, 56, 96, 26, 6, 20, 69, 66, 23, 57, 7, 8, 38, 25, 68, 81, 19, 35, 1, 61, 92, 89, 67, 64, 54, 74, 82, 51, 2, 44, 39, 36, 10, 75, 77, 48, 29, 65, 79, 33, 9, 27, 50, 16, 86, 40, 93, 98, 91, 62, 80, 46, 43, 53, 97, 60, 84, 14, 3, 37, 21, 73, 58, 76, 34, 55, 90, 71, 94, 28, 0, 31, 11, 18, 45, 85, 41, 15, 95, 24, 32, 59, 47, 78, 13, 63, 83, 42, 5, 12, 22, 52, 88]",40,16,20,1303.261,941,200,0.01,0.9,10
SimulatedAnnealing,T200_a0.9_i10,large_01.txt,10,100,5,1234,1050,"[78, 23, 65, 19, 37, 12, 3, 54, 11, 62, 34, 0, 43, 84, 98, 91, 96, 73, 1, 53, 97, 9, 95, 76, 58, 5, 44, 29, 7, 50, 36, 57, 25, 93, 39, 40, 52, 38, 55, 49, 8, 99, 68, 88, 13, 60, 72, 61, 45, 27, 21, 17, 81, 42, 32, 31, 85, 71, 48, 4, 77, 64, 56, 15, 74, 47, 87, 94, 22, 10, 92, 90, 75, 24, 33, 59, 63, 51, 83, 82, 86, 89, 20, 70, 41, 30, 46, 80, 14, 18, 28, 67, 35, 79, 26, 2, 16, 69, 66, 6]",38,27,20,1305.784,941,200,0.01,0.9,10
SimulatedAnnealing,T200_a0.9_i10,large_01.txt,10,100,6,555,1020,"[36, 72, 33, 11, 35, 10, 3, 47, 56, 38, 42, 86, 94, 44, 41, 24, 85, 6, 77, 90, 67, 9, 18, 1, 55, 2, 66, 46, 23, 96, 82, 84, 20, 0, 58, 98, 52, 4, 49, 60, 7, 39, 78, 83, 30, 99, 32, 19, 61, 88, 51, 53, 76, 29, 15, 17, 69, 79, 28, 48, 74, 63, 62, 54, 89, 80, 43, 75, 31, 92, 14, 25, 87, 16, 68, 97, 73, 8, 50, 13, 59, 37, 21, 65, 26, 70, 91, 27, 12, 40, 71, 22, 57, 93, 64, 5, 34, 45, 81, 95]",42,18,21,1342.782,941,200,0.01,0.9,10
SimulatedAnnealing,T200_a0.9_i10,large_01.txt,10,100,7,321,1030,"[87, 32, 5, 9, 15, 10, 36, 28, 73, 13, 40, 93, 38, 34, 70, 88, 55, 3, 7, 39, 63, 29, 61, 50, 41, 54, 67, 47, 57, 49, 64, 99, 11, 95, 14, 37, 62, 42, 71, 76, 6, 51, 83, 35, 12, 33, 75, 59, 72, 65, 74, 79, 25, 30, 98, 45, 77, 17, 85, 0, 48, 97, 81, 92, 78, 2, 23, 58, 22, 68, 89, 96, 94, 66, 80, 90, 16, 26, 53, 52, 20, 43, 31, 8, 69, 84, 21, 56, 86, 1, 18, 60, 91, 27, 46, 4, 44, 19, 82, 24]",38,25,20,1303.09,941,200,0.01,0.9,10
SimulatedAnnealing,T200_a0.9_i10,large_01.txt,10,100,8,808,1000,"[16, 62, 67, 18, 78, 33, 48, 11, 23, 70, 7, 74, 75, 83, 19, 56, 80, 0, 9, 85, 53, 73, 38, 66, 93, 51, 32, 89, 44, 4, 72, 60, 31, 90, 84, 10, 15, 49, 52, 25, 8, 87, 26, 79, 82, 68, 77, 47, 98, 65, 96, 81, 55, 58, 86, 95, 92, 59, 22, 29, 61, 30, 24, 36, 57, 6, 35, 14, 21, 94, 46, 5, 41, 27, 54, 39, 20, 40, 69, 71, 97, 12, 42, 2, 50, 45, 99, 13, 43, 91, 3, 63, 34, 76, 64, 28, 88, 37, 17, 1]",42,18,20,1309.82,941,200,0.01,0.9,10
SimulatedAnnealing,T200_a0.9_i10,large_01.txt,10,100,9,777,1000,"[53, 27, 57, 68, 43, 67, 89, 45, 65, 26, 40, 12, 81, 50, 20, 93, 72, 1, 29, 84, 86, 75, 51, 0, 83, 9, 96, 47, 54, 7, 17, 59, 66, 48, 33, 39, 13, 14, 55, 23, 87, 71, 56, 94, 76, 78, 31, 44, 64, 61, 18, 70, 74, 4, 42, 95, 37, 79, 25, 41, 15, 80, 19, 82, 34, 49, 85, 5, 30, 91, 60, 90, 36, 92, 99, 52, 8, 58, 62, 46, 28, 24, 97, 16, 22, 32, 98, 2, 88, 73, 77, 69, 21, 63, 11, 3, 38, 35, 10, 6]",42,16,21,1311.126,941,200,0.01,0.9,10
SimulatedAnnealing,T200_a0.9_i10,large_01.txt,10,100,10,2024,980,"[90, 17, 39, 68, 59, 57, 5, 45, 14, 86, 6, 91, 25, 99, 16, 35, 50, 1, 24, 10, 96, 8, 80, 29, 85, 37, 78, 72, 52, 4, 12, 31, 67, 70, 32, 33, 61, 9, 62, 51, 84, 7, 98, 60, 44, 88, 18, 2, 97, 28, 74, 46, 73, 40, 56, 19, 94, 55, 41, 79, 54, 75, 95, 66, 58, 11, 36, 20, 93, 49, 71, 42, 47, 69, 15, 82, 65, 48, 76, 22, 87, 30, 77, 3, 34, 38, 92, 89, 21, 53, 23, 26, 64, 81, 43, 63, 27, 13, 83, 0]",37,21,20,1334.831,941,200,0.01,0.9,10
SimulatedAnnealing,T200_a0.9_i15,large_01.txt,10,100,1,42,930,"[13, 53, 94, 39, 31, 8, 95, 12, 64, 77, 7, 6, 16, 59, 99, 35, 63, 1, 48, 29, 27, 84, 52, 15, 36, 42, 46, 98, 80, 51, 21, 11, 56, 67, 41, 22, 96, 9, 18, 78, 66, 0, 32, 87, 28, 20, 79, 92, 38, 30, 37, 81, 25, 2, 50, 70, 49, 26, 85, 69, 83, 40, 17, 47, 34, 90, 19, 86, 44, 89, 23, 73, 61, 93, 58, 71, 14, 5, 72, 97, 45, 24, 54, 4, 57, 62, 74, 10, 76, 60, 3, 75, 65, 82, 68, 33, 43, 91, 55, 88]",35,18,20,1979.315,1411,200,0.01,0.9,15
SimulatedAnnealing,T200_a0.9_i15,large_01.txt,10,100,2,7,950,"[24, 16, 23, 72, 57, 59, 98, 75, 81, 74, 17, 5, 88, 92, 39, 50, 69, 9, 37, 45, 28, 44, 95, 53, 41, 64, 82, 90, 21, 42, 32, 11, 60, 40, 36, 4, 58, 31, 70, 76, 7, 0, 63, 26, 27, 13, 77, 96, 80, 79, 61, 86, 10, 35, 78, 68, 83, 73, 30, 2, 84, 55, 18, 51, 14, 20, 25, 6, 46, 93, 54, 3, 43, 65, 49, 66, 8, 85, 12, 22, 62, 33, 71, 15, 97, 48, 38, 67, 47, 91, 34, 89, 19, 87, 56, 99, 52, 94, 29, 1]",38,17,20,1965.479,1411,200,0.01,0.9,15
SimulatedAnnealing,T200_a0.9_i15,large_01.txt,10,100,3,13,920,"[75, 69, 94, 39, 25, 99, 31, 46, 62, 21, 67, 0, 32, 64, 48, 27, 72, 56, 88, 16, 76, 85, 81, 9, 55, 2, 38, 95, 83, 7, 66, 18, 14, 51, 61, 6, 17, 80, 79, 60, 11, 1, 35, 92, 29, 84, 63, 97, 49, 53, 89, 65, 26, 36, 43, 40, 58, 47, 52, 5, 23, 93, 68, 91, 12, 71, 44, 24, 87, 42, 74, 90, 30, 73, 59, 70, 8, 33, 41, 54, 28, 82, 98, 4, 10, 45, 77, 20, 96, 19, 3, 15, 86, 34, 37, 50, 57, 22, 78, 13]",38,14,20,1988.826,1411,200,0.01,0.9,15
SimulatedAnnealing,T200_a0.9_i15,large_01.txt,10,100,4,99,920,"[19, 92, 56, 62, 58, 63, 2, 48, 43, 30, 72, 99, 61, 41, 73, 17, 33, 28, 84, 78, 76, 90, 13, 15, 27, 40, 53, 44, 1, 97, 16, 46, 65, 11, 54, 5, 45, 3, 82, 29, 64, 34, 25, 95, 75, 38, 85, 37, 42, 23, 71, 55, 18, 0, 81, 32, 91, 69, 68, 80, 31, 35, 52, 21, 59, 9, 66, 8, 83, 20, 50, 14, 98, 26, 94, 87, 57, 7, 36, 39, 79, 89, 51, 70, 77, 96, 93, 12, 88, 47, 22, 67, 74, 49, 24, 6, 10, 60, 86, 4]",39,13,20,2060.973,1411,200,0.01,0.9,15
SimulatedAnnealing,T200_a0.9_i15,large_01.txt,10,100,5,1234,940,"[22, 85, 39, 73, 76, 26, 89, 68, 93, 98, 3, 0, 65, 97, 25, 78, 77, 7, 82, 42, 10, 28, 50, 9, 30, 1, 75, 47, 15, 6, 43, 35, 13, 80, 81, 61, 18, 62, 92, 16, 2, 11, 63, 59, 83, 17, 88, 58, 71, 44, 94, 20, 32, 48, 41, 33, 84, 53, 57, 40, 12, 64, 91, 87, 36, 66, 86, 8, 19, 55, 23, 37, 34, 79, 96, 31, 38, 4, 21, 27, 14, 51, 24, 49, 56, 60, 72, 69, 70, 5, 52, 90, 95, 99, 54, 29, 45, 46, 74, 67]",37,17,20,2020.513,1411,200,0.01,0.9,15
SimulatedAnnealing,T200_a0.9_i15,large_01.txt,10,100,6,555,960,"[22, 85, 15, 92, 58, 31, 2, 43, 21, 65, 70, 6, 27, 44, 41, 76, 52, 96, 88, 17, 79, 73, 23, 53, 78, 29, 82, 59, 36, 8, 1, 48, 40, 64, 32, 7, 67, 68, 71, 28, 90, 26, 72, 19, 80, 13, 12, 61, 30, 66, 20, 75, 16, 46, 47, 98, 91, 0, 63, 35, 69, 11, 81, 37, 38, 39, 25, 9, 94, 55, 34, 3, 74, 57, 62, 95, 18, 77, 54, 24, 89, 50, 83, 4, 87, 86, 93, 99, 49, 10, 45, 51, 42, 97, 14, 5, 56, 60, 84, 33]",37,15,22,1974.573,1411,200,0.01,0.9,15
SimulatedAnnealing,T200_a0.9_i15,large_01.txt,10,100,7,321,890,"[92, 31, 0, 10, 36, 2, 96, 61, 20, 65, 22, 9, 78, 87, 90, 38, 17, 18, 12, 25, 60, 48, 82, 14, 40, 16, 11, 66, 6, 94, 35, 79, 32, 98, 28, 3, 39, 29, 30, 47, 1, 57, 52, 83, 43, 76, 24, 99, 23, 41, 70, 19, 46, 62, 75, 27, 42, 89, 37, 51, 26, 49, 91, 68, 15, 56, 93, 95, 33, 50, 13, 4, 55, 97, 81, 45, 64, 8, 58, 74, 54, 59, 21, 5, 67, 88, 53, 63, 73, 77, 44, 72, 80, 85, 84, 69, 86, 34, 71, 7]",39,10,20,1982.153,1411,200,0.01,0.9,15
SimulatedAnnealing,T200_a0.9_i15,large_01.txt,10,100,8,808,960,"[42, 34, 0, 82, 99, 25, 55, 11, 28, 80, 62, 93, 48, 91, 36, 41, 76, 96, 56, 70, 66, 17, 87, 21, 16, 49, 90, 50, 7, 1, 59, 12, 61, 19, 85, 3, 23, 92, 67, 77, 47, 30, 37, 64, 38, 88, 68, 5, 46, 27, 73, 94, 14, 86, 43, 40, 57, 10, 81, 6, 22, 69, 45, 95, 39, 33, 31, 4, 63, 13, 60, 8, 98, 75, 71, 79, 74, 2, 83, 58, 72, 52, 24, 84, 51, 20, 29, 32, 65, 44, 54, 89, 35, 53, 78, 9, 18, 97, 26, 15]",38,18,20,1997.219,1411,200,0.01,0.9,15
SimulatedAnnealing,T200_a0.9_i15,large_01.txt,10,100,9,777,930,"[57, 54, 3, 43, 22, 52, 5, 17, 64, 14, 0, 81, 15, 84, 10, 67, 83, 29, 89, 45, 11, 47, 74, 4, 86, 7, 21, 25, 38, 8, 98, 70, 20, 73, 12, 6, 66, 18, 63, 93, 31, 37, 55, 69, 87, 19, 35, 2, 53, 85, 41, 72, 77, 59, 46, 16, 88, 27, 49, 99, 62, 34, 40, 23, 28, 97, 33, 1, 79, 90, 71, 9, 44, 61, 65, 75, 24, 82, 94, 91, 30, 60, 42, 36, 13, 39, 78, 80, 26, 56, 32, 48, 51, 96, 58, 76, 92, 68, 50, 95]",42,11,20,1975.032,1411,200,0.01,0.9,15
SimulatedAnnealing,T200_a0.9_i15,large_01.txt,10,100,10,2024,930,"[20, 37, 4, 18, 55, 6, 25, 77, 16, 13, 70, 80, 52, 82, 76, 64, 32, 93, 7, 15, 19, 58, 72, 1, 30, 8, 47, 53, 11, 9, 95, 49, 28, 78, 45, 60, 21, 42, 48, 33, 0, 89, 43, 44, 39, 96, 92, 51, 10, 71, 17, 97, 81, 35, 61, 24, 29, 36, 23, 3, 26, 65, 67, 90, 84, 2, 50, 83, 68, 59, 88, 94, 41, 79, 27, 40, 54, 91, 63, 12, 46, 22, 66, 31, 69, 99, 57, 74, 14, 73, 34, 62, 38, 87, 75, 5, 86, 85, 56, 98]",33,20,20,2006.613,1411,200,0.01,0.9,15
SimulatedAnnealing,T200_a0.9_i25,large_01.txt,10,100,1,42,890,"[98, 27, 41, 26, 59, 16, 95, 42, 29, 23, 7, 4, 86, 87, 19, 92, 73, 63, 24, 65, 38, 30, 11, 22, 12, 83, 18, 96, 5, 64, 33, 52, 56, 72, 53, 1, 20, 69, 15, 78, 8, 99, 40, 77, 47, 90, 75, 54, 14, 45, 49, 91, 80, 0, 88, 21, 37, 50, 51, 57, 31, 89, 28, 67, 71, 58, 68, 60, 70, 74, 55, 9, 35, 13, 36, 61, 3, 10, 84, 32, 46, 85, 17, 6, 44, 93, 25, 43, 62, 34, 97, 79, 48, 81, 66, 2, 82, 94, 39, 76]",35,14,20,3274.469,2351,200,0.01,0.9,25
SimulatedAnnealing,T200_a0.9_i25,large_01.txt,10,100,2,7,900,"[23, 18, 89, 9, 30, 63, 57, 62, 27, 69, 7, 32, 22, 88, 65, 35, 38, 60, 3, 49, 75, 6, 85, 99, 13, 36, 73, 90, 56, 72, 78, 82, 43, 10, 76, 96, 47, 25, 64, 50, 8, 86, 58, 39, 53, 48, 40, 0, 54, 92, 84, 61, 24, 1, 11, 37, 74, 79, 98, 77, 71, 94, 83, 12, 20, 41, 51, 95, 42, 21, 33, 34, 67, 52, 44, 59, 26, 5, 87, 81, 29, 14, 17, 93, 91, 70, 19, 68, 80, 66, 15, 97, 28, 16, 31, 4, 45, 46, 55, 2]",34,16,20,3296.932,2351,200,0.01,0.9,25
SimulatedAnnealing,T200_a0.9_i25,large_01.txt,10,100,3,13,870,"[23, 90, 45, 62, 59, 81, 60, 18, 91, 14, 72, 5, 17, 88, 92, 57, 87, 40, 76, 54, 75, 65, 61, 6, 11, 0, 73, 69, 13, 7, 35, 28, 71, 10, 22, 4, 31, 1, 85, 27, 20, 16, 50, 12, 74, 36, 67, 96, 84, 43, 93, 79, 33, 51, 24, 25, 83, 32, 26, 97, 29, 41, 63, 30, 42, 98, 64, 2, 95, 77, 78, 3, 47, 55, 70, 68, 53, 9, 15, 46, 80, 34, 21, 37, 86, 48, 66, 19, 56, 8, 38, 49, 94, 89, 44, 99, 58, 39, 82, 52]",39,8,20,3376.028,2351,200,0.01,0.9,25
SimulatedAnnealing,T200_a0.9_i25,large_01.txt,10,100,4,99,910,"[18, 60, 5, 80, 16, 40, 66, 22, 62, 98, 53, 1, 46, 59, 44, 21, 35, 3, 43, 56, 51, 85, 17, 47, 26, 32, 45, 73, 6, 41, 78, 27, 42, 25, 64, 7, 86, 28, 90, 97, 34, 49, 19, 39, 50, 10, 87, 99, 52, 82, 71, 77, 33, 0, 84, 65, 29, 57, 13, 89, 37, 23, 54, 68, 92, 36, 24, 9, 81, 94, 38, 83, 72, 79, 61, 12, 75, 74, 58, 93, 30, 48, 91, 2, 67, 88, 70, 69, 31, 14, 8, 96, 63, 95, 15, 20, 11, 76, 55, 4]",40,11,20,3350.261,2351,200,0.01,0.9,25
SimulatedAnnealing,T200_a0.9_i25,large_01.txt,10,100,5,1234,910,"[38, 62, 9, 71, 11, 92, 5, 85, 64, 39, 20, 49, 21, 32, 63, 17, 10, 69, 84, 22, 72, 25, 13, 78, 12, 7, 70, 58, 76, 26, 35, 27, 74, 90, 24, 2, 87, 41, 66, 95, 73, 3, 46, 93, 31, 47, 89, 23, 61, 19, 81, 88, 33, 0, 68, 60, 75, 36, 16, 6, 53, 98, 54, 43, 37, 8, 51, 86, 91, 14, 96, 50, 40, 67, 83, 77, 80, 45, 44, 28, 56, 29, 55, 1, 59, 94, 65, 97, 57, 34, 48, 52, 30, 79, 42, 4, 18, 99, 82, 15]",40,11,20,3263.875,2351,200,0.01,0.9,25
SimulatedAnnealing,T200_a0.9_i25,large_01.txt,10,100,6,555,930,"[40, 42, 56, 91, 39, 4, 84, 67, 23, 29, 44, 57, 28, 80, 34, 41, 15, 50, 3, 79, 53, 46, 81, 16, 51, 49, 10, 75, 1, 5, 54, 36, 77, 99, 65, 68, 31, 9, 52, 60, 93, 89, 45, 30, 92, 58, 78, 2, 64, 86, 13, 19, 83, 47, 76, 20, 33, 70, 87, 6, 26, 18, 22, 90, 35, 59, 17, 73, 21, 62, 85, 94, 12, 97, 14, 88, 61, 7, 48, 27, 11, 96, 32, 25, 74, 38, 24, 55, 72, 0, 37, 71, 43, 69, 63, 66, 98, 95, 82, 8]",43,10,20,3322.536,2351,200,0.01,0.9,25
SimulatedAnnealing,T200_a0.9_i25,large_01.txt,10,100,7,321,910,"[29, 32, 23, 52, 81, 78, 54, 57, 88, 10, 60, 0, 31, 36, 76, 14, 37, 21, 96, 20, 40, 6, 17, 1, 46, 19, 75, 84, 74, 7, 63, 90, 50, 80, 94, 91, 22, 71, 53, 18, 41, 9, 83, 89, 86, 30, 85, 65, 61, 25, 51, 38, 55, 62, 15, 44, 98, 73, 13, 4, 82, 93, 87, 72, 35, 5, 66, 3, 42, 95, 26, 92, 70, 34, 77, 45, 11, 99, 48, 47, 68, 12, 97, 16, 33, 69, 79, 56, 58, 49, 8, 64, 43, 59, 28, 39, 24, 27, 67, 2]",38,13,20,3258.397,2351,200,0.01,0.9,25
SimulatedAnnealing,T200_a0.9_i25,large_01.txt,10,100,8,808,910,"[69, 76, 30, 4, 63, 86, 52, 57, 43, 90, 5, 54, 27, 49, 35, 32, 79, 99, 34, 41, 33, 72, 81, 8, 23, 61, 25, 39, 64, 3, 51, 13, 96, 56, 66, 91, 38, 7, 84, 40, 94, 6, 46, 80, 92, 82, 62, 18, 95, 50, 93, 17, 73, 9, 77, 98, 15, 97, 68, 67, 60, 70, 85, 29, 53, 37, 42, 21, 45, 74, 55, 47, 19, 22, 44, 58, 1, 10, 88, 89, 16, 48, 83, 11, 71, 28, 26, 78, 31, 0, 75, 20, 24, 65, 12, 2, 14, 87, 36, 59]",38,13,20,3243.834,2351,200,0.01,0.9,25
SimulatedAnnealing,T200_a0.9_i25,large_01.txt,10,100,9,777,900,"[72, 79, 83, 77, 98, 81, 48, 25, 76, 35, 66, 53, 32, 19, 70, 96, 22, 33, 62, 10, 87, 40, 52, 3, 11, 37, 57, 95, 16, 7, 34, 12, 86, 14, 18, 6, 47, 89, 20, 15, 61, 49, 58, 17, 69, 84, 36, 39, 55, 59, 68, 24, 85, 26, 41, 64, 78, 44, 91, 9, 27, 31, 71, 42, 74, 1, 38, 8, 80, 50, 43, 2, 13, 21, 75, 29, 5, 4, 63, 90, 30, 94, 60, 0, 45, 23, 56, 93, 54, 28, 82, 92, 65, 73, 97, 46, 88, 51, 67, 99]",36,14,20,3287.971,2351,200,0.01,0.9,25
SimulatedAnnealing,T200_a0.9_i25,large_01.txt,10,100,10,2024,910,"[46, 37, 65, 67, 12, 90, 26, 86, 68, 70, 43, 8, 93, 11, 57, 63, 23, 50, 49, 52, 38, 76, 56, 7, 60, 89, 48, 99, 53, 4, 73, 20, 39, 44, 84, 15, 82, 2, 69, 94, 28, 36, 18, 41, 59, 54, 64, 96, 92, 17, 42, 83, 45, 40, 51, 79, 47, 24, 27, 5, 66, 61, 91, 85, 62, 6, 14, 88, 58, 35, 71, 3, 22, 10, 33, 13, 1, 98, 34, 74, 80, 55, 81, 21, 16, 30, 29, 97, 78, 9, 25, 95, 77, 72, 75, 0, 31, 87, 32, 19]",41,10,20,3232.571,2351,200,0.01,0.9,25
SimulatedAnnealing,T50_a0.5_i10,large_02.txt,15,200,1,42,1450,"[14, 195, 2, 165, 45, 30, 47, 180, 59, 0, 112, 55, 42, 211, 98, 52, 161, 187, 175, 29, 119, 66, 104, 168, 188, 123, 217, 221, 194, 114, 218, 31, 4, 193, 125, 5, 36, 198, 148, 15, 129, 1, 110, 77, 109, 111, 135, 146, 76, 84, 61, 10, 138, 196, 118, 12, 38, 101, 79, 145, 44, 124, 78, 115, 153, 64, 41, 143, 214, 192, 182, 166, 89, 199, 34, 106, 102, 215, 220, 32, 103, 174, 181, 48, 164, 131, 22, 95, 185, 155, 130, 19, 133, 201, 176, 171, 65, 207, 223, 70, 51, 46, 54, 156, 92, 117, 128, 210, 28, 169, 159, 7, 200, 206, 82, 113, 142, 162, 134, 126, 216, 219, 151, 72, 120, 191, 27, 16, 144, 63, 21, 208, 157, 122, 83, 11, 69, 88, 9, 3, 23, 90, 43, 18, 68, 53, 154, 94, 8, 93, 116, 184, 140, 25, 204, 167, 74, 58, 86, 177, 49, 147, 222, 158, 160, 75, 141, 60, 96, 85, 137, 197, 20, 67, 202, 152, 91, 24, 97, 39, 127, 173, 205, 203, 190, 87, 209, 178, 99, 81, 71, 150, 57, 56, 107, 212, 179, 37, 183, 50]",61,36,24,727.851,131,50,0.01,0.5,10
SimulatedAnnealing,T50_a0.5_i10,large_02.txt,15,200,2,7,1560,"[189, 220, 215, 121, 26, 22, 102, 210, 98, 155, 128, 67, 5, 165, 187, 169, 86, 199, 74, 205, 167, 159, 72, 113, 77, 131, 166, 37, 54, 71, 179, 57, 211, 162, 13, 153, 94, 177, 110, 203, 6, 146, 50, 112, 190, 79, 61, 69, 62, 47, 43, 19, 132, 32, 81, 118, 150, 64, 18, 66, 122, 175, 218, 0, 25, 33, 73, 8, 80, 90, 104, 185, 63, 88, 115, 29, 158, 191, 109, 83, 84, 55, 206, 78, 149, 51, 196, 100, 12, 140, 7, 152, 125, 106, 202, 27, 117, 89, 213, 99, 21, 45, 56, 2, 44, 164, 49, 41, 183, 198, 200, 130, 221, 224, 3, 123, 208, 135, 173, 85, 143, 92, 186, 120, 188, 157, 58, 156, 14, 4, 139, 60, 137, 10, 184, 217, 181, 145, 223, 212, 23, 107, 219, 9, 114, 87, 126, 134, 154, 193, 20, 129, 176, 209, 93, 171, 116, 192, 172, 1, 53, 136, 170, 52, 124, 194, 105, 16, 97, 216, 95, 48, 38, 180, 138, 75, 46, 174, 204, 35, 182, 30, 148, 178, 76, 201, 34, 142, 11, 59, 15, 222, 195, 147, 24, 214, 160, 161, 96, 31]",68,38,25,724.667,131,50,0.01,0.5,10
SimulatedAnnealing,T50_a0.5_i10,large_02.txt,15,200,3,13,1520,"[177, 47, 15, 120, 98, 123, 127, 33, 52, 149, 63, 89, 3, 116, 74, 41, 134, 62, 206, 68, 42, 119, 150, 147, 50, 59, 209, 189, 12, 95, 1, 197, 86, 55, 54, 31, 73, 36, 58, 152, 44, 5, 200, 205, 111, 211, 85, 10, 65, 201, 96, 2, 126, 142, 202, 128, 188, 182, 144, 143, 40, 203, 53, 19, 20, 32, 57, 87, 214, 121, 146, 9, 78, 38, 145, 148, 39, 16, 138, 199, 207, 139, 56, 104, 69, 135, 184, 82, 6, 8, 157, 28, 14, 30, 75, 195, 24, 76, 23, 166, 164, 151, 122, 161, 163, 179, 160, 223, 18, 79, 215, 27, 21, 187, 176, 35, 110, 193, 29, 84, 159, 43, 83, 131, 169, 204, 25, 106, 61, 105, 100, 158, 222, 219, 94, 213, 183, 224, 0, 221, 118, 92, 208, 174, 181, 49, 198, 196, 60, 185, 125, 153, 7, 101, 71, 172, 117, 107, 64, 132, 133, 212, 51, 26, 45, 137, 175, 112, 34, 156, 141, 114, 66, 162, 129, 173, 113, 167, 80, 4, 13, 93, 171, 180, 102, 37, 124, 216, 91, 103, 77, 191, 154, 115, 99, 178, 46, 72, 108, 155]",62,38,26,742.274,131,50,0.01,0.5,10
SimulatedAnnealing,T50_a0.5_i10,large_02.txt,15,200,4,99,1600,"[91, 197, 151, 180, 111, 154, 102, 67, 34, 103, 2, 73, 94, 66, 142, 144, 208, 3, 5, 153, 161, 82, 7, 87, 179, 51, 76, 54, 60, 173, 25, 88, 57, 109, 156, 45, 187, 75, 29, 223, 49, 209, 72, 63, 85, 61, 44, 70, 33, 77, 42, 117, 167, 185, 16, 213, 178, 30, 69, 19, 177, 101, 35, 115, 196, 193, 64, 130, 119, 168, 41, 122, 170, 8, 205, 114, 166, 146, 188, 39, 150, 97, 56, 28, 107, 127, 11, 152, 48, 53, 184, 93, 96, 139, 159, 27, 221, 1, 74, 190, 147, 0, 201, 189, 23, 46, 105, 160, 141, 149, 200, 125, 218, 212, 40, 71, 112, 135, 123, 210, 131, 132, 157, 18, 126, 12, 219, 104, 216, 164, 165, 124, 90, 32, 140, 65, 134, 195, 14, 204, 181, 133, 138, 194, 143, 163, 79, 36, 202, 176, 224, 203, 22, 43, 145, 222, 9, 206, 128, 191, 78, 113, 137, 199, 17, 89, 13, 215, 116, 50, 186, 24, 20, 136, 26, 52, 108, 68, 129, 6, 10, 172, 80, 120, 207, 59, 106, 183, 21, 86, 158, 220, 169, 118, 38, 217, 174, 99, 95, 55]",60,52,24,749.212,131,50,0.01,0.5,10
SimulatedAnnealing,T50_a0.5_i10,large_02.txt,15,200,5,1234,1430,"[7, 224, 14, 79, 10, 110, 106, 177, 196, 95, 214, 76, 192, 215, 164, 102, 139, 3, 197, 91, 143, 72, 2, 147, 163, 4, 208, 0, 122, 33, 154, 151, 94, 81, 41, 179, 136, 169, 30, 200, 186, 160, 204, 129, 17, 162, 101, 5, 73, 26, 173, 83, 66, 103, 114, 70, 109, 184, 159, 120, 108, 213, 199, 80, 12, 137, 142, 92, 189, 131, 58, 133, 40, 48, 124, 166, 149, 112, 181, 27, 60, 11, 9, 50, 55, 152, 34, 117, 63, 157, 44, 178, 82, 32, 218, 138, 69, 207, 67, 105, 99, 1, 6, 198, 132, 15, 35, 37, 113, 193, 183, 57, 65, 168, 21, 223, 134, 115, 28, 217, 116, 150, 29, 210, 59, 170, 74, 87, 98, 128, 107, 188, 176, 20, 165, 39, 175, 45, 141, 111, 47, 201, 56, 78, 195, 125, 153, 155, 53, 161, 185, 24, 84, 216, 127, 8, 19, 13, 42, 96, 121, 36, 85, 221, 18, 130, 219, 135, 202, 51, 167, 191, 174, 71, 100, 171, 86, 144, 54, 62, 212, 148, 68, 22, 172, 158, 25, 119, 180, 146, 16, 97, 64, 43, 203, 222, 182, 31, 220, 90]",65,30,24,752.165,131,50,0.01,0.5,10
SimulatedAnnealing,T50_a0.5_i10,large_02.txt,15,200,6,555,1510,"[7, 94, 42, 209, 46, 39, 210, 4, 141, 50, 197, 204, 169, 41, 171, 221, 3, 31, 193, 117, 140, 223, 78, 176, 2, 98, 34, 36, 64, 187, 182, 120, 214, 211, 179, 25, 48, 220, 139, 217, 95, 79, 207, 159, 170, 45, 38, 196, 80, 29, 44, 215, 122, 184, 24, 43, 105, 10, 121, 77, 190, 5, 103, 132, 174, 175, 150, 59, 108, 102, 109, 130, 133, 55, 131, 188, 21, 218, 224, 154, 19, 35, 32, 205, 201, 67, 134, 113, 202, 9, 203, 112, 191, 222, 96, 162, 13, 18, 60, 62, 87, 212, 86, 84, 195, 185, 27, 143, 164, 163, 153, 123, 115, 144, 126, 129, 92, 26, 168, 0, 111, 93, 22, 114, 90, 33, 16, 146, 20, 85, 61, 138, 200, 71, 165, 17, 47, 110, 135, 75, 57, 106, 151, 118, 157, 12, 147, 127, 97, 104, 107, 56, 54, 28, 152, 156, 53, 136, 192, 69, 177, 160, 213, 51, 173, 172, 74, 99, 1, 89, 63, 6, 101, 158, 181, 81, 8, 166, 91, 167, 142, 68, 178, 180, 137, 124, 52, 198, 37, 88, 216, 194, 66, 73, 11, 206, 83, 23, 199, 15]",55,50,23,764.574,131,50,0.01,0.5,10
SimulatedAnnealing,T50_a0.5_i10,large_02.txt,15,200,7,321,1490,"[104, 155, 9, 168, 98, 222, 196, 105, 13, 175, 83, 194, 82, 5, 145, 143, 45, 103, 66, 65, 6, 19, 146, 178, 22, 153, 113, 215, 141, 102, 31, 50, 183, 25, 36, 59, 11, 132, 111, 211, 27, 43, 77, 197, 1, 169, 67, 17, 32, 180, 188, 74, 163, 52, 184, 15, 201, 224, 23, 116, 95, 190, 87, 60, 16, 139, 174, 149, 69, 112, 124, 205, 35, 109, 157, 10, 20, 129, 51, 133, 134, 49, 144, 75, 176, 117, 164, 34, 86, 159, 72, 12, 206, 147, 37, 208, 70, 172, 202, 127, 136, 166, 165, 2, 152, 99, 107, 40, 170, 81, 56, 84, 126, 115, 24, 101, 0, 38, 131, 93, 114, 54, 171, 179, 161, 217, 189, 8, 220, 33, 138, 97, 58, 213, 55, 62, 79, 214, 200, 186, 137, 57, 53, 106, 151, 123, 130, 80, 42, 120, 18, 192, 198, 212, 7, 140, 46, 78, 96, 203, 210, 128, 199, 185, 14, 90, 26, 162, 122, 91, 88, 216, 89, 135, 71, 41, 193, 182, 30, 195, 61, 223, 142, 48, 173, 92, 219, 204, 29, 218, 108, 167, 4, 64, 94, 118, 85, 187, 221, 125]",62,39,24,737.874,131,50,0.01,0.5,10
SimulatedAnnealing,T50_a0.5_i10,large_02.txt,15,200,8,808,1490,"[162, 91, 134, 14, 67, 126, 80, 174, 107, 106, 110, 114, 127, 128, 75, 119, 6, 198, 66, 170, 207, 149, 143, 99, 172, 43, 163, 132, 32, 21, 167, 26, 199, 186, 13, 116, 89, 180, 27, 38, 175, 85, 188, 77, 46, 179, 25, 192, 121, 219, 54, 92, 37, 223, 56, 196, 40, 72, 88, 8, 69, 30, 159, 20, 215, 28, 168, 84, 165, 217, 120, 41, 61, 211, 190, 181, 65, 45, 3, 29, 48, 139, 177, 209, 213, 31, 64, 22, 191, 18, 154, 155, 183, 73, 206, 153, 90, 70, 24, 86, 16, 63, 214, 44, 222, 34, 95, 7, 185, 0, 109, 187, 102, 189, 147, 176, 15, 224, 200, 118, 71, 100, 52, 113, 178, 221, 103, 146, 33, 122, 78, 59, 218, 82, 94, 96, 49, 195, 137, 53, 201, 62, 58, 130, 93, 203, 171, 140, 111, 173, 1, 4, 87, 117, 182, 104, 76, 108, 142, 138, 216, 47, 97, 11, 105, 74, 12, 98, 220, 169, 161, 135, 193, 39, 125, 205, 212, 23, 35, 129, 145, 210, 156, 42, 141, 9, 55, 2, 150, 151, 19, 124, 144, 51, 194, 79, 152, 5, 148, 10]",53,44,26,728.176,131,50,0.01,0.5,10
SimulatedAnnealing,T50_a0.5_i10,large_02.txt,15,200,9,777,1540,"[88, 83, 222, 64, 5, 93, 173, 131, 189, 179, 155, 76, 46, 182, 91, 215, 29, 141, 51, 113, 132, 153, 7, 42, 6, 160, 154, 178, 191, 220, 14, 181, 118, 101, 158, 30, 202, 94, 166, 80, 39, 4, 142, 109, 11, 224, 140, 130, 99, 146, 188, 26, 201, 126, 52, 3, 121, 82, 150, 107, 23, 24, 17, 217, 213, 18, 194, 152, 133, 60, 151, 219, 116, 33, 105, 180, 135, 47, 25, 77, 49, 12, 190, 9, 59, 57, 145, 72, 56, 75, 71, 167, 74, 38, 172, 97, 214, 41, 106, 20, 134, 208, 66, 211, 165, 35, 125, 137, 163, 195, 62, 84, 90, 95, 223, 54, 198, 177, 110, 119, 185, 204, 174, 108, 157, 111, 98, 187, 13, 205, 87, 184, 31, 36, 103, 138, 96, 203, 67, 206, 168, 209, 162, 114, 120, 1, 183, 89, 102, 44, 69, 48, 78, 81, 143, 100, 216, 207, 122, 45, 159, 28, 15, 144, 196, 65, 112, 128, 43, 2, 210, 124, 127, 70, 10, 148, 104, 193, 61, 197, 92, 136, 85, 8, 58, 170, 32, 115, 79, 221, 147, 161, 27, 68, 149, 40, 171, 22, 37, 0]",60,42,26,732.002,131,50,0.01,0.5,10
SimulatedAnnealing,T50_a0.5_i10,large_02.txt,15,200,10,2024,1540,"[189, 218, 71, 178, 86, 2, 188, 59, 30, 222, 33, 96, 95, 148, 44, 184, 35, 146, 125, 55, 203, 192, 116, 135, 24, 217, 50, 65, 9, 166, 117, 46, 25, 121, 123, 164, 173, 42, 3, 128, 165, 113, 213, 98, 41, 47, 112, 144, 76, 152, 138, 39, 206, 6, 92, 68, 131, 103, 140, 215, 127, 196, 137, 73, 81, 90, 43, 150, 75, 20, 21, 211, 51, 101, 64, 11, 26, 133, 159, 7, 145, 15, 67, 202, 48, 56, 141, 74, 5, 45, 97, 154, 124, 136, 49, 110, 27, 63, 99, 115, 32, 149, 114, 72, 186, 223, 170, 130, 120, 155, 104, 80, 191, 180, 158, 182, 61, 221, 220, 147, 100, 126, 87, 194, 204, 168, 17, 143, 151, 214, 38, 1, 200, 177, 16, 163, 153, 82, 13, 179, 85, 77, 175, 53, 36, 106, 62, 172, 34, 93, 118, 60, 171, 193, 28, 107, 209, 210, 134, 66, 4, 57, 10, 216, 58, 23, 108, 156, 169, 198, 109, 22, 207, 84, 197, 12, 83, 219, 31, 190, 205, 14, 70, 160, 105, 54, 212, 37, 91, 181, 119, 199, 89, 52, 162, 19, 132, 88, 201, 139]",55,45,27,725.819,131,50,0.01,0.5,10
SimulatedAnnealing,T50_a0.5_i15,large_02.txt,15,200,1,42,1420,"[14, 121, 2, 95, 45, 97, 80, 180, 59, 143, 68, 57, 134, 211, 98, 52, 161, 187, 152, 29, 5, 47, 104, 168, 188, 123, 217, 191, 194, 105, 218, 31, 39, 193, 42, 119, 36, 172, 148, 15, 129, 50, 87, 77, 109, 213, 135, 146, 157, 84, 61, 10, 138, 196, 111, 12, 204, 101, 79, 145, 44, 124, 17, 115, 153, 64, 131, 0, 205, 132, 177, 165, 89, 199, 34, 106, 102, 6, 220, 32, 7, 174, 181, 48, 175, 108, 22, 62, 185, 155, 130, 19, 192, 201, 176, 171, 65, 197, 206, 70, 184, 203, 54, 156, 103, 117, 186, 210, 28, 169, 4, 33, 200, 56, 82, 219, 142, 173, 125, 126, 216, 113, 151, 72, 120, 8, 100, 16, 144, 190, 26, 208, 76, 122, 41, 78, 69, 88, 9, 3, 23, 90, 43, 18, 112, 53, 154, 212, 221, 93, 116, 214, 140, 25, 38, 223, 179, 58, 86, 159, 49, 147, 222, 158, 160, 75, 141, 60, 96, 85, 137, 209, 20, 67, 202, 164, 91, 24, 30, 182, 127, 162, 73, 46, 118, 110, 92, 178, 99, 81, 149, 150, 166, 207, 83, 94, 74, 37, 183, 1]",58,36,24,1084.315,196,50,0.01,0.5,15
SimulatedAnnealing,T50_a0.5_i15,large_02.txt,15,200,2,7,1530,"[116, 207, 208, 148, 187, 215, 102, 220, 65, 155, 128, 67, 5, 165, 172, 219, 18, 40, 58, 209, 23, 105, 185, 95, 77, 132, 139, 140, 46, 71, 108, 57, 211, 93, 13, 144, 190, 189, 110, 131, 6, 182, 50, 112, 25, 79, 12, 69, 70, 47, 43, 0, 66, 32, 81, 56, 150, 64, 166, 115, 151, 175, 157, 19, 30, 196, 167, 122, 146, 90, 107, 111, 91, 88, 60, 29, 158, 120, 53, 83, 84, 55, 206, 35, 4, 217, 113, 100, 133, 97, 7, 152, 125, 34, 202, 27, 117, 89, 213, 99, 179, 45, 192, 2, 44, 168, 49, 54, 180, 198, 37, 130, 222, 224, 1, 164, 21, 135, 173, 24, 143, 94, 186, 80, 188, 218, 126, 181, 145, 195, 170, 92, 178, 10, 73, 85, 42, 14, 223, 212, 156, 62, 169, 9, 114, 87, 8, 134, 154, 137, 20, 129, 176, 205, 162, 159, 177, 136, 119, 191, 109, 118, 72, 52, 124, 194, 200, 16, 203, 106, 61, 48, 163, 183, 28, 86, 74, 174, 204, 76, 216, 141, 121, 36, 78, 201, 3, 142, 11, 59, 15, 38, 104, 147, 199, 214, 160, 161, 96, 31]",60,43,25,1085.407,196,50,0.01,0.5,15
SimulatedAnnealing,T50_a0.5_i15,large_02.txt,15,200,3,13,1480,"[198, 47, 56, 120, 98, 83, 203, 33, 52, 88, 3, 208, 99, 30, 165, 41, 140, 62, 206, 87, 6, 79, 110, 191, 50, 59, 10, 178, 45, 95, 224, 197, 86, 55, 43, 127, 35, 22, 32, 218, 18, 5, 200, 107, 147, 111, 85, 26, 181, 201, 108, 2, 126, 142, 202, 21, 92, 182, 144, 143, 40, 53, 31, 23, 42, 28, 57, 123, 214, 121, 146, 9, 160, 155, 145, 15, 39, 16, 138, 199, 58, 139, 148, 104, 69, 135, 184, 82, 20, 8, 157, 149, 14, 217, 75, 195, 24, 188, 116, 133, 72, 151, 81, 161, 186, 179, 189, 74, 67, 220, 215, 190, 1, 187, 152, 77, 150, 193, 128, 177, 11, 117, 210, 131, 183, 204, 89, 90, 168, 105, 100, 158, 219, 60, 205, 213, 170, 172, 0, 196, 118, 180, 106, 174, 7, 49, 223, 221, 212, 185, 125, 153, 109, 101, 13, 17, 37, 65, 19, 76, 154, 38, 51, 44, 54, 137, 29, 112, 169, 156, 141, 114, 66, 162, 73, 173, 113, 167, 80, 4, 211, 93, 171, 64, 61, 27, 124, 216, 91, 164, 103, 34, 175, 115, 97, 163, 46, 70, 63, 222]",57,39,26,1100.986,196,50,0.01,0.5,15
SimulatedAnnealing,T50_a0.5_i15,large_02.txt,15,200,4,99,1560,"[91, 197, 151, 180, 182, 154, 174, 48, 114, 103, 2, 73, 94, 66, 142, 144, 208, 3, 5, 119, 161, 4, 216, 121, 179, 108, 76, 54, 60, 173, 25, 49, 223, 15, 98, 45, 187, 79, 29, 57, 39, 209, 72, 63, 85, 61, 44, 70, 33, 77, 42, 117, 167, 19, 16, 99, 178, 30, 157, 185, 155, 101, 35, 115, 40, 193, 221, 134, 153, 168, 23, 122, 170, 8, 96, 34, 166, 104, 188, 81, 150, 97, 102, 28, 206, 127, 11, 141, 67, 53, 184, 93, 205, 139, 190, 27, 64, 1, 74, 159, 147, 0, 201, 189, 41, 46, 37, 160, 152, 149, 200, 125, 218, 212, 146, 71, 112, 135, 123, 210, 131, 132, 69, 18, 126, 12, 219, 196, 84, 26, 165, 124, 171, 32, 140, 65, 130, 195, 14, 204, 181, 129, 138, 194, 143, 163, 75, 36, 202, 176, 224, 203, 22, 43, 31, 222, 9, 105, 128, 191, 78, 113, 137, 199, 109, 89, 13, 215, 116, 50, 156, 24, 20, 136, 62, 52, 51, 68, 133, 6, 10, 172, 80, 120, 207, 59, 88, 183, 21, 86, 158, 220, 169, 118, 38, 217, 56, 213, 95, 55]",57,51,24,1088.184,196,50,0.01,0.5,15
SimulatedAnnealing,T50_a0.5_i15,large_02.txt,15,200,5,1234,1350,"[7, 224, 14, 79, 3, 124, 47, 145, 31, 95, 214, 15, 192, 215, 164, 73, 123, 201, 43, 91, 126, 111, 37, 147, 163, 127, 196, 167, 122, 33, 154, 151, 66, 81, 89, 179, 136, 114, 30, 189, 186, 160, 185, 1, 21, 168, 101, 71, 199, 26, 173, 83, 183, 103, 220, 52, 109, 184, 159, 96, 112, 213, 197, 80, 12, 137, 142, 92, 148, 217, 206, 133, 40, 48, 110, 166, 149, 144, 181, 27, 60, 11, 9, 176, 18, 88, 34, 117, 177, 157, 44, 178, 82, 32, 172, 180, 69, 205, 67, 105, 99, 2, 77, 0, 116, 76, 35, 94, 113, 193, 93, 57, 63, 4, 6, 223, 187, 115, 72, 174, 104, 150, 188, 13, 59, 156, 216, 62, 90, 128, 107, 29, 55, 20, 25, 39, 175, 45, 141, 190, 106, 10, 28, 78, 195, 64, 51, 22, 53, 161, 132, 24, 165, 74, 118, 8, 19, 210, 84, 120, 194, 162, 85, 221, 50, 130, 153, 135, 100, 146, 198, 191, 68, 209, 202, 171, 86, 108, 54, 87, 212, 49, 207, 143, 218, 158, 58, 119, 138, 134, 16, 203, 102, 41, 97, 222, 182, 36, 169, 131]",57,30,24,1094.033,196,50,0.01,0.5,15
SimulatedAnnealing,T50_a0.5_i15,large_02.txt,15,200,6,555,1370,"[7, 91, 42, 151, 46, 39, 6, 4, 219, 143, 82, 192, 169, 23, 171, 221, 1, 31, 193, 117, 140, 22, 78, 67, 19, 94, 142, 8, 64, 187, 182, 167, 214, 144, 179, 121, 48, 119, 96, 149, 95, 79, 111, 196, 170, 45, 38, 159, 80, 160, 84, 215, 53, 184, 208, 44, 98, 104, 161, 138, 190, 5, 28, 51, 174, 175, 150, 59, 108, 102, 109, 21, 133, 210, 131, 209, 165, 218, 40, 154, 116, 35, 155, 152, 201, 122, 134, 93, 75, 9, 153, 112, 191, 222, 24, 223, 123, 168, 60, 136, 87, 124, 86, 49, 11, 29, 36, 103, 164, 163, 203, 15, 130, 139, 126, 129, 92, 26, 220, 0, 34, 113, 62, 72, 90, 33, 77, 146, 20, 85, 61, 16, 200, 115, 141, 55, 47, 110, 127, 14, 135, 172, 30, 118, 157, 12, 147, 217, 37, 13, 107, 56, 54, 99, 145, 65, 206, 162, 204, 10, 177, 185, 207, 3, 173, 106, 74, 189, 166, 89, 100, 205, 101, 158, 181, 81, 114, 132, 57, 2, 27, 68, 178, 180, 137, 76, 52, 198, 148, 105, 216, 194, 66, 186, 195, 17, 83, 73, 69, 156]",48,43,23,1089.444,196,50,0.01,0.5,15
SimulatedAnnealing,T50_a0.5_i15,large_02.txt,15,200,7,321,1430,"[104, 155, 9, 177, 4, 56, 196, 35, 13, 175, 83, 194, 82, 5, 52, 134, 45, 201, 88, 65, 6, 73, 146, 110, 22, 153, 113, 215, 141, 102, 154, 50, 183, 84, 30, 59, 11, 12, 111, 100, 27, 43, 135, 24, 1, 208, 0, 74, 97, 108, 188, 162, 163, 128, 203, 15, 103, 136, 23, 92, 95, 190, 53, 60, 16, 139, 174, 149, 69, 112, 124, 205, 41, 36, 157, 10, 20, 172, 51, 133, 117, 147, 178, 75, 48, 39, 164, 199, 86, 159, 58, 150, 87, 145, 37, 169, 70, 129, 220, 127, 54, 166, 79, 2, 152, 123, 107, 167, 116, 81, 222, 19, 180, 115, 197, 143, 67, 38, 131, 93, 114, 224, 184, 179, 161, 217, 151, 8, 138, 33, 130, 132, 47, 171, 55, 62, 176, 192, 31, 186, 137, 57, 99, 106, 25, 46, 170, 80, 42, 120, 21, 214, 198, 212, 7, 140, 160, 78, 96, 32, 210, 40, 207, 185, 14, 90, 122, 17, 121, 91, 66, 216, 156, 223, 71, 119, 200, 182, 109, 195, 221, 28, 98, 18, 173, 44, 219, 204, 29, 218, 101, 61, 142, 64, 94, 118, 85, 187, 49, 125]",68,29,23,1093.111,196,50,0.01,0.5,15
SimulatedAnnealing,T50_a0.5_i15,large_02.txt,15,200,8,808,1320,"[162, 48, 134, 70, 47, 126, 80, 146, 46, 106, 131, 114, 59, 128, 127, 95, 6, 5, 66, 170, 207, 177, 215, 99, 217, 173, 71, 26, 166, 21, 167, 202, 78, 186, 13, 116, 89, 180, 63, 172, 141, 85, 111, 77, 175, 179, 25, 192, 121, 219, 193, 92, 61, 223, 76, 196, 41, 108, 115, 8, 69, 2, 159, 27, 194, 28, 139, 36, 165, 94, 62, 60, 37, 211, 49, 20, 130, 171, 3, 110, 65, 203, 149, 209, 213, 31, 64, 30, 191, 0, 205, 155, 183, 73, 206, 153, 90, 14, 24, 17, 16, 181, 214, 7, 222, 34, 50, 169, 185, 198, 109, 187, 102, 189, 147, 176, 15, 112, 38, 118, 163, 100, 35, 88, 178, 221, 103, 23, 33, 122, 52, 174, 218, 82, 86, 96, 72, 195, 137, 156, 201, 190, 58, 40, 93, 104, 200, 140, 67, 136, 1, 4, 87, 117, 199, 164, 184, 135, 142, 138, 208, 204, 97, 11, 105, 74, 12, 98, 197, 44, 161, 158, 56, 39, 125, 32, 212, 75, 101, 129, 152, 210, 79, 42, 54, 9, 55, 22, 150, 160, 19, 124, 144, 51, 133, 53, 145, 18, 148, 10]",49,35,24,1118.912,196,50,0.01,0.5,15
SimulatedAnnealing,T50_a0.5_i15,large_02.txt,15,200,9,777,1440,"[88, 83, 222, 154, 5, 93, 173, 15, 22, 179, 155, 76, 137, 99, 165, 215, 50, 52, 1, 4, 132, 135, 81, 208, 6, 160, 182, 149, 191, 220, 14, 18, 118, 126, 114, 98, 202, 62, 125, 80, 39, 134, 34, 109, 11, 224, 90, 195, 142, 84, 210, 26, 158, 82, 123, 3, 121, 164, 150, 107, 23, 21, 94, 30, 190, 43, 194, 171, 133, 60, 151, 219, 116, 33, 105, 180, 186, 47, 25, 77, 221, 12, 129, 9, 143, 57, 24, 72, 56, 71, 185, 61, 153, 38, 172, 97, 214, 16, 17, 20, 212, 51, 42, 211, 110, 35, 113, 124, 163, 130, 89, 146, 152, 200, 223, 54, 198, 175, 91, 119, 29, 204, 174, 108, 157, 111, 131, 106, 13, 86, 87, 184, 31, 36, 103, 74, 46, 140, 64, 206, 168, 2, 193, 48, 120, 189, 73, 141, 102, 44, 67, 136, 78, 7, 176, 100, 216, 177, 122, 45, 156, 28, 53, 144, 196, 65, 112, 128, 207, 209, 188, 63, 127, 70, 10, 203, 139, 162, 167, 197, 92, 148, 85, 8, 58, 169, 32, 115, 79, 104, 147, 161, 27, 68, 178, 41, 181, 55, 37, 0]",57,39,24,1075.358,196,50,0.01,0.5,15
SimulatedAnnealing,T50_a0.5_i15,large_02.txt,15,200,10,2024,1410,"[221, 202, 97, 0, 73, 2, 177, 59, 30, 186, 142, 174, 95, 78, 203, 184, 35, 146, 125, 187, 144, 140, 116, 135, 24, 217, 102, 108, 9, 166, 56, 157, 25, 121, 123, 195, 167, 89, 61, 76, 176, 165, 213, 53, 41, 47, 112, 182, 87, 137, 215, 224, 58, 6, 92, 68, 183, 103, 86, 154, 200, 91, 65, 162, 8, 90, 43, 179, 75, 20, 199, 211, 46, 101, 64, 11, 141, 133, 208, 7, 81, 15, 67, 117, 48, 69, 26, 168, 5, 45, 115, 192, 218, 93, 49, 110, 27, 63, 99, 19, 32, 149, 39, 72, 161, 194, 170, 130, 120, 155, 82, 80, 196, 212, 158, 136, 3, 152, 4, 104, 100, 70, 128, 107, 204, 74, 17, 143, 151, 214, 38, 119, 31, 44, 16, 163, 153, 52, 13, 150, 85, 77, 175, 98, 36, 106, 62, 172, 34, 94, 222, 60, 171, 193, 28, 50, 209, 210, 201, 66, 220, 188, 10, 216, 206, 185, 147, 84, 169, 198, 109, 22, 207, 88, 54, 12, 83, 219, 127, 190, 205, 14, 134, 160, 105, 114, 178, 37, 191, 181, 1, 139, 113, 96, 164, 40, 132, 156, 180, 21]",56,33,26,1123.929,196,50,0.01,0.5,15
SimulatedAnnealing,T50_a0.5_i25,large_02.txt,15,200,1,42,1320,"[122, 91, 2, 130, 45, 97, 9, 17, 34, 100, 95, 73, 134, 37, 176, 152, 161, 187, 99, 26, 183, 62, 104, 57, 121, 216, 217, 190, 194, 5, 25, 119, 108, 167, 125, 22, 36, 143, 90, 205, 150, 1, 110, 77, 24, 197, 135, 35, 76, 84, 94, 10, 138, 219, 174, 12, 49, 67, 52, 145, 191, 154, 133, 115, 30, 173, 114, 7, 184, 132, 182, 166, 123, 0, 59, 72, 136, 206, 163, 162, 105, 207, 40, 18, 175, 131, 117, 102, 144, 61, 204, 19, 180, 128, 8, 171, 39, 185, 29, 70, 51, 43, 222, 23, 66, 47, 103, 210, 86, 169, 4, 159, 200, 220, 193, 56, 142, 64, 42, 53, 31, 113, 214, 106, 120, 41, 27, 16, 155, 165, 112, 208, 157, 14, 83, 201, 69, 109, 178, 148, 156, 196, 65, 32, 68, 213, 124, 212, 74, 224, 139, 189, 198, 218, 38, 203, 11, 88, 153, 170, 188, 149, 186, 158, 160, 75, 126, 28, 221, 111, 137, 13, 98, 21, 6, 164, 146, 48, 118, 199, 215, 82, 60, 55, 33, 87, 209, 151, 181, 129, 78, 79, 46, 177, 107, 223, 179, 92, 93, 141]",54,36,21,1794.53,326,50,0.01,0.5,25
SimulatedAnnealing,T50_a0.5_i25,large_02.txt,15,200,2,7,1400,"[208, 128, 81, 121, 218, 21, 102, 14, 65, 56, 116, 160, 5, 49, 172, 219, 95, 181, 12, 32, 41, 54, 99, 96, 18, 103, 155, 140, 131, 183, 179, 153, 171, 82, 13, 197, 150, 97, 110, 52, 6, 57, 50, 224, 190, 168, 90, 68, 70, 33, 144, 39, 115, 77, 0, 111, 46, 182, 8, 210, 122, 175, 145, 4, 205, 47, 72, 187, 75, 79, 107, 73, 149, 88, 199, 29, 158, 191, 53, 108, 62, 55, 31, 35, 127, 165, 159, 100, 133, 94, 7, 152, 125, 61, 11, 27, 91, 146, 213, 170, 60, 34, 80, 2, 28, 164, 178, 185, 71, 37, 64, 130, 222, 211, 3, 220, 215, 86, 173, 184, 143, 198, 186, 98, 22, 89, 101, 66, 141, 217, 139, 92, 137, 10, 162, 85, 42, 113, 223, 212, 23, 120, 169, 9, 114, 84, 126, 134, 154, 138, 20, 129, 200, 63, 93, 189, 177, 192, 74, 1, 109, 118, 15, 16, 106, 136, 167, 51, 105, 124, 221, 48, 147, 180, 104, 26, 119, 161, 204, 142, 123, 30, 216, 194, 76, 201, 112, 132, 202, 59, 151, 195, 45, 163, 24, 214, 43, 174, 203, 58]",57,37,23,1790.607,326,50,0.01,0.5,25
SimulatedAnnealing,T50_a0.5_i25,large_02.txt,15,200,3,13,1320,"[84, 47, 58, 40, 148, 123, 171, 223, 52, 21, 63, 190, 170, 64, 216, 153, 98, 109, 25, 113, 180, 119, 150, 186, 97, 116, 76, 36, 154, 22, 1, 175, 125, 105, 73, 31, 83, 99, 130, 209, 51, 5, 200, 107, 191, 65, 145, 69, 91, 102, 67, 220, 215, 79, 172, 7, 132, 182, 211, 143, 62, 158, 53, 160, 42, 32, 166, 10, 24, 194, 0, 35, 168, 212, 173, 44, 39, 16, 224, 201, 207, 55, 56, 88, 86, 135, 17, 82, 163, 8, 157, 141, 108, 12, 48, 188, 214, 196, 23, 199, 81, 151, 198, 161, 4, 111, 122, 33, 14, 164, 9, 27, 13, 187, 179, 137, 217, 193, 15, 206, 159, 87, 43, 131, 183, 106, 177, 2, 169, 167, 155, 100, 174, 222, 94, 213, 20, 30, 54, 70, 118, 6, 80, 221, 26, 134, 128, 184, 60, 185, 68, 147, 110, 192, 152, 19, 117, 11, 72, 90, 29, 38, 140, 204, 45, 162, 78, 112, 34, 156, 28, 114, 66, 77, 176, 104, 101, 57, 95, 203, 71, 93, 218, 121, 144, 208, 124, 127, 74, 41, 219, 49, 165, 115, 120, 178, 46, 210, 3, 149]",55,27,25,1853.416,326,50,0.01,0.5,25
SimulatedAnnealing,T50_a0.5_i25,large_02.txt,15,200,4,99,1400,"[118, 197, 93, 180, 1, 81, 61, 85, 207, 91, 16, 48, 223, 67, 142, 47, 2, 3, 13, 145, 190, 5, 206, 87, 102, 7, 72, 54, 168, 49, 25, 119, 150, 66, 156, 92, 31, 79, 29, 224, 173, 209, 78, 169, 184, 124, 44, 57, 35, 52, 83, 117, 167, 101, 208, 88, 220, 30, 157, 185, 177, 38, 191, 187, 132, 166, 202, 195, 178, 60, 182, 122, 32, 8, 211, 114, 175, 75, 162, 39, 15, 148, 90, 28, 0, 171, 11, 152, 154, 53, 125, 107, 96, 139, 159, 36, 221, 111, 115, 130, 163, 194, 104, 189, 80, 46, 97, 160, 141, 146, 58, 144, 218, 212, 42, 71, 112, 181, 123, 210, 131, 120, 95, 51, 126, 12, 192, 183, 201, 18, 165, 198, 19, 4, 140, 65, 129, 110, 14, 164, 149, 84, 215, 138, 186, 147, 135, 27, 34, 176, 103, 203, 24, 43, 73, 22, 9, 82, 128, 205, 222, 74, 137, 199, 17, 89, 33, 98, 94, 50, 188, 193, 20, 136, 26, 214, 99, 68, 133, 6, 10, 172, 23, 41, 196, 219, 77, 158, 21, 86, 105, 155, 64, 216, 170, 217, 174, 100, 108, 55]",50,44,23,1791.641,326,50,0.01,0.5,25
SimulatedAnnealing,T50_a0.5_i25,large_02.txt,15,200,5,1234,1230,"[7, 224, 14, 79, 10, 78, 106, 189, 49, 95, 146, 56, 41, 170, 164, 134, 161, 3, 18, 65, 126, 4, 196, 147, 163, 84, 184, 88, 194, 142, 16, 121, 94, 44, 153, 179, 207, 114, 62, 140, 48, 160, 113, 129, 17, 187, 92, 71, 145, 26, 77, 57, 183, 103, 63, 52, 109, 6, 36, 120, 69, 80, 197, 213, 12, 171, 136, 201, 214, 217, 58, 133, 72, 180, 168, 85, 169, 144, 23, 158, 51, 185, 148, 199, 22, 191, 34, 212, 73, 11, 208, 178, 98, 32, 28, 76, 112, 90, 181, 105, 81, 2, 117, 0, 204, 15, 35, 155, 123, 216, 19, 64, 61, 60, 192, 50, 99, 115, 173, 174, 104, 150, 116, 210, 59, 188, 21, 30, 70, 166, 67, 38, 55, 20, 74, 110, 175, 45, 127, 190, 47, 132, 25, 124, 97, 152, 1, 143, 101, 162, 220, 24, 215, 193, 107, 8, 82, 27, 31, 96, 39, 219, 128, 131, 43, 156, 157, 135, 100, 205, 198, 141, 68, 209, 139, 137, 159, 108, 54, 87, 37, 167, 165, 223, 218, 13, 118, 119, 138, 200, 91, 203, 83, 89, 93, 222, 182, 29, 149, 221]",55,24,22,1832.045,326,50,0.01,0.5,25
SimulatedAnnealing,T50_a0.5_i25,large_02.txt,15,200,6,555,1260,"[7, 58, 0, 28, 37, 39, 6, 4, 219, 10, 181, 192, 145, 23, 171, 221, 111, 194, 54, 48, 46, 223, 157, 84, 214, 133, 142, 8, 64, 124, 182, 2, 99, 65, 132, 220, 164, 119, 5, 212, 95, 79, 199, 187, 158, 89, 38, 12, 143, 125, 80, 215, 53, 184, 206, 42, 122, 24, 161, 93, 190, 129, 103, 3, 174, 175, 150, 146, 108, 49, 109, 202, 137, 61, 167, 17, 152, 19, 43, 63, 32, 35, 18, 168, 195, 67, 208, 218, 76, 9, 128, 112, 191, 44, 82, 148, 123, 141, 16, 136, 87, 116, 56, 50, 114, 29, 94, 189, 196, 163, 20, 1, 197, 139, 126, 101, 92, 159, 68, 14, 97, 113, 62, 40, 166, 31, 52, 118, 70, 115, 210, 138, 154, 13, 98, 130, 47, 217, 127, 85, 57, 173, 149, 224, 160, 26, 11, 135, 222, 96, 172, 121, 117, 69, 41, 71, 134, 151, 200, 30, 177, 185, 207, 51, 15, 78, 74, 179, 120, 104, 100, 205, 106, 178, 34, 75, 183, 162, 91, 211, 105, 107, 36, 21, 72, 213, 77, 198, 180, 55, 216, 33, 66, 22, 201, 188, 83, 73, 88, 155]",55,27,22,1814.303,326,50,0.01,0.5,25
SimulatedAnnealing,T50_a0.5_i25,large_02.txt,15,200,7,321,1310,"[204, 155, 9, 206, 104, 56, 3, 64, 13, 60, 83, 194, 184, 5, 129, 134, 40, 1, 66, 17, 4, 100, 146, 34, 22, 53, 123, 108, 141, 102, 189, 50, 93, 90, 30, 72, 73, 150, 111, 58, 44, 43, 110, 197, 209, 118, 98, 74, 212, 193, 188, 221, 163, 57, 200, 15, 152, 136, 23, 54, 95, 106, 154, 0, 157, 139, 202, 149, 80, 196, 124, 205, 121, 36, 14, 171, 20, 215, 128, 223, 84, 167, 144, 71, 67, 166, 213, 219, 115, 159, 112, 12, 178, 79, 190, 8, 70, 172, 220, 127, 116, 39, 208, 6, 122, 156, 105, 103, 82, 81, 181, 113, 126, 137, 24, 143, 179, 38, 131, 46, 114, 224, 173, 211, 125, 217, 203, 169, 135, 33, 130, 76, 41, 168, 55, 2, 147, 192, 31, 186, 175, 52, 117, 101, 42, 183, 176, 180, 165, 120, 21, 132, 198, 62, 7, 48, 218, 78, 96, 32, 86, 191, 19, 185, 99, 25, 91, 65, 140, 161, 88, 201, 89, 187, 75, 119, 216, 182, 109, 195, 210, 28, 97, 18, 11, 92, 158, 69, 29, 199, 16, 162, 142, 177, 94, 145, 85, 133, 49, 138]",57,30,22,1805.912,326,50,0.01,0.5,25
SimulatedAnnealing,T50_a0.5_i25,large_02.txt,15,200,8,808,1340,"[162, 91, 213, 14, 67, 98, 117, 134, 84, 182, 29, 114, 12, 208, 75, 145, 6, 164, 66, 200, 58, 177, 157, 99, 82, 92, 61, 132, 4, 21, 72, 26, 185, 197, 9, 202, 8, 80, 27, 137, 187, 160, 116, 62, 168, 56, 49, 218, 97, 93, 193, 40, 198, 223, 76, 196, 171, 48, 222, 77, 163, 111, 159, 138, 25, 113, 158, 107, 165, 51, 120, 207, 60, 155, 190, 172, 65, 45, 3, 31, 175, 43, 186, 209, 179, 188, 64, 22, 191, 18, 189, 211, 183, 152, 212, 153, 90, 70, 210, 42, 16, 54, 79, 28, 146, 34, 102, 7, 199, 0, 203, 135, 81, 195, 147, 176, 15, 204, 123, 23, 149, 100, 205, 52, 178, 221, 35, 110, 33, 217, 78, 38, 192, 101, 46, 96, 50, 133, 37, 156, 201, 174, 121, 130, 39, 131, 220, 140, 122, 94, 57, 32, 87, 180, 106, 143, 83, 108, 136, 169, 224, 86, 112, 11, 105, 74, 115, 68, 95, 20, 170, 151, 89, 219, 167, 166, 69, 118, 119, 129, 63, 215, 214, 88, 125, 13, 41, 2, 150, 173, 19, 124, 206, 127, 55, 36, 104, 154, 148, 10]",53,31,25,1818.034,326,50,0.01,0.5,25
SimulatedAnnealing,T50_a0.5_i25,large_02.txt,15,200,9,777,1420,"[88, 83, 211, 154, 5, 124, 215, 181, 138, 179, 155, 76, 183, 13, 91, 125, 19, 52, 56, 8, 6, 73, 54, 202, 187, 160, 137, 178, 191, 220, 205, 177, 118, 82, 48, 87, 30, 170, 166, 224, 66, 4, 53, 33, 75, 95, 43, 157, 131, 141, 123, 221, 153, 126, 147, 222, 29, 15, 150, 107, 11, 223, 60, 45, 190, 217, 200, 171, 16, 59, 148, 219, 165, 68, 111, 180, 85, 47, 70, 104, 213, 204, 96, 9, 208, 203, 26, 72, 112, 50, 17, 167, 14, 38, 172, 36, 214, 159, 174, 20, 192, 98, 39, 2, 89, 35, 194, 31, 139, 130, 196, 146, 152, 188, 109, 74, 198, 175, 3, 119, 185, 12, 22, 108, 195, 105, 142, 0, 206, 201, 37, 184, 65, 97, 103, 151, 51, 134, 64, 77, 168, 209, 21, 114, 136, 1, 199, 69, 102, 44, 218, 158, 197, 7, 176, 100, 193, 117, 122, 140, 116, 28, 41, 144, 25, 120, 57, 212, 49, 128, 210, 34, 42, 62, 10, 40, 163, 162, 55, 78, 18, 94, 106, 133, 58, 169, 32, 115, 79, 207, 216, 84, 27, 24, 149, 81, 90, 110, 127, 132]",58,36,24,1792.751,326,50,0.01,0.5,25
SimulatedAnnealing,T50_a0.5_i25,large_02.txt,15,200,10,2024,1380,"[88, 202, 94, 135, 186, 2, 141, 59, 197, 151, 182, 152, 68, 85, 10, 177, 35, 146, 125, 36, 103, 140, 116, 161, 39, 102, 50, 97, 63, 131, 44, 46, 223, 67, 136, 208, 162, 111, 0, 25, 207, 113, 213, 53, 128, 47, 66, 106, 170, 221, 138, 92, 17, 6, 164, 5, 129, 122, 65, 172, 200, 209, 137, 79, 3, 55, 107, 150, 40, 157, 184, 211, 104, 101, 21, 165, 159, 133, 185, 7, 126, 15, 194, 198, 48, 69, 26, 174, 13, 45, 188, 192, 190, 123, 49, 110, 27, 33, 181, 115, 216, 149, 54, 72, 91, 210, 95, 163, 9, 155, 82, 80, 18, 169, 142, 222, 61, 96, 4, 118, 100, 89, 134, 220, 204, 168, 42, 143, 78, 214, 38, 119, 127, 76, 16, 73, 153, 52, 64, 179, 108, 23, 175, 98, 171, 90, 178, 156, 196, 93, 217, 60, 166, 193, 28, 77, 112, 86, 201, 34, 130, 160, 224, 29, 206, 173, 147, 145, 24, 43, 121, 187, 219, 120, 70, 12, 83, 203, 31, 218, 205, 14, 30, 176, 8, 117, 74, 37, 32, 57, 1, 139, 144, 99, 75, 19, 132, 84, 180, 51]",57,31,25,1811.432,326,50,0.01,0.5,25
SimulatedAnnealing,T50_a0.7_i10,large_02.txt,15,200,1,42,1380,"[14, 114, 2, 165, 15, 97, 149, 100, 59, 143, 68, 55, 134, 211, 98, 52, 161, 187, 152, 40, 119, 47, 166, 168, 188, 123, 217, 4, 29, 186, 25, 31, 124, 193, 42, 5, 36, 176, 62, 209, 206, 1, 110, 77, 109, 111, 120, 146, 76, 84, 194, 10, 138, 196, 71, 12, 38, 155, 79, 88, 41, 129, 57, 115, 153, 64, 66, 0, 213, 192, 182, 104, 105, 199, 34, 106, 102, 6, 220, 180, 7, 174, 49, 48, 175, 131, 22, 95, 185, 101, 130, 19, 133, 201, 35, 171, 46, 207, 223, 136, 184, 65, 191, 156, 103, 117, 128, 210, 92, 63, 221, 205, 200, 179, 82, 108, 126, 162, 125, 28, 216, 113, 32, 72, 135, 54, 27, 16, 144, 169, 26, 208, 157, 122, 107, 11, 69, 222, 9, 99, 23, 90, 214, 18, 70, 53, 154, 212, 8, 224, 93, 51, 163, 218, 204, 167, 189, 58, 17, 159, 78, 147, 86, 158, 160, 75, 141, 60, 96, 85, 137, 197, 20, 67, 202, 164, 3, 24, 30, 142, 127, 173, 73, 150, 190, 87, 80, 178, 148, 81, 132, 203, 181, 56, 83, 94, 74, 44, 183, 50]",53,37,24,1333.011,241,50,0.01,0.7,10
SimulatedAnnealing,T50_a0.7_i10,large_02.txt,15,200,2,7,1440,"[128, 221, 14, 193, 168, 110, 102, 164, 86, 155, 105, 160, 5, 165, 172, 108, 18, 40, 58, 205, 67, 135, 185, 101, 77, 132, 46, 140, 170, 71, 188, 57, 211, 162, 13, 127, 38, 91, 149, 195, 6, 182, 82, 112, 25, 79, 4, 69, 70, 206, 124, 19, 115, 220, 15, 136, 65, 64, 39, 41, 122, 175, 157, 0, 30, 33, 151, 210, 116, 90, 107, 111, 98, 88, 217, 29, 158, 120, 53, 83, 84, 55, 47, 35, 12, 224, 215, 100, 133, 97, 7, 152, 125, 216, 202, 150, 27, 89, 213, 99, 126, 45, 190, 2, 44, 199, 49, 50, 183, 198, 37, 130, 222, 75, 1, 178, 21, 113, 173, 24, 143, 94, 186, 191, 22, 218, 166, 68, 145, 153, 139, 92, 184, 10, 28, 85, 42, 208, 223, 212, 66, 181, 169, 9, 114, 156, 8, 134, 154, 138, 20, 129, 176, 209, 93, 159, 177, 192, 187, 80, 219, 118, 72, 52, 43, 119, 200, 16, 144, 106, 207, 48, 163, 180, 104, 26, 74, 174, 214, 142, 34, 141, 121, 194, 76, 201, 3, 78, 11, 59, 137, 56, 203, 147, 17, 204, 81, 161, 96, 31]",59,37,24,1331.111,241,50,0.01,0.7,10
SimulatedAnnealing,T50_a0.7_i10,large_02.txt,15,200,3,13,1440,"[48, 47, 98, 100, 148, 151, 103, 33, 52, 74, 39, 16, 109, 165, 72, 120, 157, 62, 206, 12, 6, 152, 218, 147, 117, 121, 172, 36, 68, 81, 177, 114, 86, 55, 43, 53, 35, 64, 32, 22, 108, 5, 200, 158, 111, 216, 85, 83, 95, 201, 96, 2, 130, 142, 202, 128, 186, 182, 144, 143, 40, 99, 28, 63, 42, 161, 91, 26, 214, 59, 50, 9, 168, 220, 145, 134, 45, 208, 138, 199, 207, 139, 66, 104, 166, 135, 119, 3, 20, 8, 57, 90, 14, 13, 75, 195, 24, 188, 23, 94, 107, 38, 92, 126, 163, 10, 159, 30, 224, 212, 115, 194, 1, 187, 192, 77, 150, 87, 21, 41, 4, 37, 175, 131, 164, 193, 154, 140, 61, 105, 210, 211, 222, 82, 69, 213, 11, 17, 171, 221, 118, 180, 106, 174, 181, 49, 170, 196, 60, 185, 125, 153, 136, 215, 84, 183, 78, 190, 184, 76, 133, 123, 51, 204, 54, 137, 116, 112, 169, 156, 141, 7, 56, 162, 73, 173, 113, 167, 80, 179, 71, 93, 122, 58, 102, 27, 124, 127, 67, 65, 129, 191, 149, 101, 97, 89, 46, 34, 110, 155]",63,31,25,1334.97,241,50,0.01,0.7,10
SimulatedAnnealing,T50_a0.7_i10,large_02.txt,15,200,4,99,1500,"[60, 197, 151, 180, 80, 111, 174, 48, 114, 103, 2, 73, 94, 66, 142, 186, 208, 3, 5, 119, 161, 4, 216, 121, 179, 113, 76, 54, 91, 173, 25, 49, 223, 15, 98, 45, 18, 79, 29, 224, 39, 209, 72, 63, 214, 124, 123, 70, 33, 77, 42, 117, 167, 19, 210, 99, 192, 30, 141, 185, 155, 101, 35, 115, 40, 193, 221, 134, 153, 168, 23, 122, 75, 8, 96, 34, 166, 104, 188, 81, 130, 198, 102, 147, 206, 127, 11, 157, 154, 53, 184, 93, 205, 139, 190, 36, 64, 1, 83, 159, 163, 0, 201, 189, 182, 46, 37, 160, 152, 199, 200, 109, 218, 212, 162, 71, 112, 135, 44, 16, 131, 132, 69, 187, 126, 12, 219, 38, 84, 26, 165, 61, 171, 32, 140, 65, 150, 195, 118, 204, 181, 129, 138, 194, 143, 28, 170, 27, 202, 176, 57, 203, 22, 43, 31, 222, 9, 105, 128, 191, 211, 120, 137, 149, 125, 89, 13, 215, 116, 50, 156, 24, 110, 136, 62, 52, 51, 68, 133, 6, 10, 172, 41, 7, 207, 59, 90, 183, 82, 86, 74, 220, 169, 14, 196, 217, 56, 213, 95, 55]",60,42,24,1378.035,241,50,0.01,0.7,10
SimulatedAnnealing,T50_a0.7_i10,large_02.txt,15,200,5,1234,1300,"[7, 224, 14, 79, 3, 124, 47, 145, 31, 95, 214, 15, 86, 33, 164, 73, 123, 201, 43, 91, 126, 111, 37, 147, 186, 127, 196, 167, 122, 215, 154, 151, 66, 42, 89, 179, 136, 114, 30, 75, 163, 160, 218, 1, 21, 168, 101, 71, 199, 26, 173, 83, 207, 103, 220, 52, 109, 176, 40, 96, 69, 213, 197, 80, 12, 171, 142, 92, 148, 217, 129, 133, 60, 48, 110, 85, 149, 144, 56, 27, 38, 11, 9, 184, 18, 88, 34, 117, 177, 221, 44, 178, 140, 32, 172, 180, 112, 205, 67, 105, 99, 2, 77, 0, 204, 76, 35, 94, 113, 193, 93, 57, 63, 4, 153, 223, 187, 115, 72, 174, 17, 150, 188, 13, 59, 156, 25, 62, 90, 128, 107, 131, 55, 20, 216, 39, 175, 45, 141, 190, 106, 10, 28, 78, 195, 64, 51, 22, 53, 161, 132, 24, 165, 74, 118, 8, 19, 210, 162, 120, 194, 219, 166, 157, 50, 130, 6, 135, 100, 146, 198, 191, 68, 209, 202, 137, 192, 108, 54, 87, 212, 49, 170, 143, 185, 158, 125, 119, 138, 134, 16, 203, 102, 41, 97, 222, 182, 36, 169, 29]",56,26,24,1423.125,241,50,0.01,0.7,10
SimulatedAnnealing,T50_a0.7_i10,large_02.txt,15,200,6,555,1310,"[7, 91, 42, 41, 46, 39, 6, 4, 219, 8, 82, 192, 97, 103, 171, 111, 1, 31, 87, 117, 140, 188, 78, 108, 19, 94, 10, 18, 64, 187, 182, 2, 214, 144, 179, 121, 48, 119, 212, 149, 69, 29, 145, 159, 170, 45, 38, 196, 80, 135, 100, 215, 51, 43, 208, 44, 98, 24, 161, 16, 190, 5, 178, 3, 174, 175, 150, 59, 176, 213, 109, 130, 11, 210, 167, 209, 165, 218, 52, 154, 56, 35, 155, 152, 201, 122, 134, 104, 75, 9, 115, 112, 191, 222, 58, 223, 123, 168, 60, 162, 193, 102, 86, 49, 195, 79, 36, 23, 164, 163, 153, 15, 114, 139, 126, 197, 54, 26, 220, 0, 22, 113, 62, 32, 206, 33, 77, 146, 20, 85, 61, 138, 200, 71, 141, 95, 47, 110, 127, 14, 185, 172, 151, 118, 137, 12, 147, 217, 37, 93, 107, 116, 92, 99, 128, 65, 53, 136, 204, 142, 177, 160, 207, 90, 173, 106, 74, 189, 124, 89, 184, 205, 25, 156, 181, 180, 21, 132, 57, 101, 40, 68, 28, 81, 55, 96, 120, 198, 148, 129, 216, 203, 66, 67, 133, 17, 83, 73, 76, 143]",54,33,22,1377.852,241,50,0.01,0.7,10
SimulatedAnnealing,T50_a0.7_i10,large_02.txt,15,200,7,321,1360,"[104, 79, 9, 177, 4, 56, 196, 34, 13, 84, 64, 194, 82, 5, 52, 134, 45, 201, 88, 65, 182, 165, 158, 110, 22, 153, 113, 215, 141, 102, 154, 50, 183, 83, 30, 59, 11, 12, 111, 100, 27, 43, 121, 24, 146, 192, 0, 176, 20, 108, 188, 162, 128, 163, 203, 15, 103, 136, 23, 127, 95, 190, 53, 60, 16, 139, 174, 149, 69, 202, 124, 205, 41, 36, 157, 10, 97, 172, 3, 133, 181, 147, 178, 75, 86, 199, 218, 208, 29, 159, 72, 150, 87, 44, 37, 8, 70, 129, 220, 51, 54, 214, 155, 2, 152, 123, 107, 145, 116, 81, 222, 19, 189, 115, 197, 143, 67, 38, 131, 93, 114, 224, 184, 106, 161, 217, 151, 77, 126, 33, 130, 132, 58, 171, 55, 62, 57, 169, 122, 186, 137, 74, 99, 179, 25, 46, 170, 80, 42, 90, 21, 166, 198, 212, 7, 140, 160, 78, 96, 32, 210, 40, 207, 185, 14, 120, 112, 17, 73, 91, 66, 216, 156, 135, 71, 119, 200, 6, 109, 195, 221, 28, 98, 18, 63, 167, 219, 204, 68, 211, 101, 61, 142, 180, 213, 118, 85, 187, 49, 125]",64,26,23,1368.774,241,50,0.01,0.7,10
SimulatedAnnealing,T50_a0.7_i10,large_02.txt,15,200,8,808,1410,"[162, 91, 62, 14, 47, 23, 117, 174, 107, 106, 110, 114, 88, 128, 75, 201, 6, 164, 66, 85, 143, 177, 207, 99, 172, 48, 206, 132, 4, 21, 152, 26, 199, 197, 13, 202, 89, 80, 195, 168, 54, 160, 188, 77, 119, 56, 49, 218, 121, 93, 193, 40, 37, 223, 76, 196, 171, 216, 222, 8, 87, 130, 159, 204, 25, 28, 215, 84, 190, 51, 120, 157, 60, 211, 165, 137, 65, 45, 3, 200, 175, 72, 208, 209, 122, 31, 64, 22, 191, 0, 154, 155, 183, 29, 71, 153, 90, 70, 24, 167, 16, 27, 79, 73, 12, 34, 102, 7, 185, 18, 131, 135, 81, 187, 147, 176, 15, 224, 116, 126, 149, 100, 203, 41, 178, 221, 103, 127, 33, 179, 78, 59, 192, 101, 69, 96, 50, 63, 181, 104, 189, 113, 97, 146, 39, 61, 123, 140, 98, 94, 58, 32, 163, 180, 1, 134, 83, 108, 136, 138, 20, 67, 142, 11, 105, 74, 115, 68, 220, 169, 161, 158, 213, 219, 125, 166, 212, 118, 35, 129, 150, 86, 214, 38, 141, 9, 55, 2, 170, 173, 19, 124, 144, 43, 133, 53, 156, 5, 148, 10]",56,35,25,1356.29,241,50,0.01,0.7,10
SimulatedAnnealing,T50_a0.7_i10,large_02.txt,15,200,9,777,1390,"[88, 83, 211, 154, 5, 93, 173, 77, 102, 179, 155, 76, 210, 13, 91, 215, 39, 52, 56, 71, 199, 186, 175, 57, 132, 160, 137, 178, 191, 220, 205, 48, 36, 101, 29, 30, 202, 188, 166, 80, 167, 4, 34, 33, 11, 224, 164, 195, 41, 84, 90, 104, 134, 126, 109, 222, 121, 209, 150, 107, 24, 145, 99, 59, 73, 18, 200, 106, 216, 23, 35, 219, 116, 68, 105, 180, 128, 47, 70, 148, 213, 12, 176, 9, 89, 40, 60, 72, 95, 75, 185, 82, 153, 38, 172, 97, 214, 127, 17, 20, 61, 7, 108, 165, 51, 171, 21, 120, 163, 16, 43, 146, 194, 42, 223, 74, 86, 135, 3, 119, 62, 204, 174, 49, 157, 111, 142, 0, 182, 14, 19, 184, 65, 66, 103, 54, 6, 26, 64, 206, 168, 2, 133, 114, 136, 183, 141, 96, 156, 44, 218, 170, 197, 217, 143, 100, 193, 177, 122, 140, 69, 28, 32, 117, 79, 31, 112, 212, 144, 189, 46, 45, 159, 25, 10, 203, 139, 162, 124, 78, 92, 94, 37, 8, 58, 169, 118, 115, 63, 110, 207, 161, 27, 123, 85, 98, 181, 50, 149, 187]",53,34,26,1323.081,241,50,0.01,0.7,10
SimulatedAnnealing,T50_a0.7_i10,large_02.txt,15,200,10,2024,1410,"[134, 202, 55, 0, 86, 2, 61, 211, 70, 203, 142, 96, 9, 25, 186, 184, 28, 146, 85, 187, 103, 140, 116, 87, 24, 147, 50, 108, 88, 166, 44, 178, 76, 113, 123, 22, 91, 220, 3, 135, 165, 210, 104, 53, 192, 47, 189, 125, 78, 137, 138, 224, 21, 6, 92, 4, 131, 144, 13, 172, 200, 209, 65, 143, 8, 124, 181, 179, 75, 20, 58, 59, 41, 101, 64, 11, 141, 133, 159, 7, 95, 15, 67, 117, 48, 69, 26, 168, 5, 45, 115, 185, 221, 136, 109, 110, 27, 63, 194, 19, 32, 149, 114, 72, 148, 97, 170, 163, 195, 156, 82, 80, 167, 212, 201, 182, 33, 152, 107, 207, 100, 30, 90, 42, 204, 74, 17, 73, 151, 214, 38, 1, 127, 223, 16, 130, 153, 174, 197, 150, 118, 23, 175, 98, 36, 94, 62, 176, 66, 93, 31, 56, 171, 193, 128, 102, 196, 154, 155, 34, 68, 160, 10, 216, 206, 217, 157, 129, 218, 198, 49, 213, 219, 120, 60, 12, 83, 164, 188, 190, 205, 14, 89, 77, 18, 57, 71, 37, 191, 43, 199, 139, 99, 158, 161, 40, 173, 84, 180, 122]",59,34,24,1328.612,241,50,0.01,0.7,10
SimulatedAnnealing,T50_a0.7_i15,large_02.txt,15,200,1,42,1130,"[14, 92, 175, 165, 13, 134, 105, 5, 34, 0, 103, 9, 97, 3, 163, 52, 206, 187, 2, 44, 119, 160, 166, 69, 216, 56, 217, 81, 194, 113, 28, 123, 30, 43, 125, 16, 36, 25, 192, 190, 82, 112, 110, 77, 57, 7, 135, 124, 76, 84, 223, 10, 138, 196, 177, 12, 130, 173, 79, 145, 162, 154, 168, 115, 71, 86, 70, 100, 24, 50, 182, 104, 132, 4, 59, 72, 102, 122, 220, 80, 121, 55, 62, 18, 23, 91, 141, 136, 90, 42, 188, 106, 133, 201, 22, 158, 65, 189, 101, 131, 51, 46, 184, 156, 99, 117, 54, 210, 185, 169, 32, 219, 19, 176, 193, 108, 142, 64, 218, 213, 63, 93, 33, 211, 120, 191, 29, 111, 45, 95, 21, 208, 157, 199, 85, 155, 47, 183, 200, 98, 164, 6, 114, 48, 198, 53, 129, 221, 96, 150, 94, 68, 174, 26, 204, 167, 179, 58, 153, 17, 195, 147, 83, 171, 149, 75, 89, 74, 107, 207, 137, 197, 20, 61, 15, 152, 146, 41, 128, 66, 215, 39, 140, 203, 11, 87, 209, 178, 224, 88, 161, 180, 181, 126, 127, 205, 40, 37, 148, 139]",43,32,19,1997.577,361,50,0.01,0.7,15
SimulatedAnnealing,T50_a0.7_i15,large_02.txt,15,200,2,7,1360,"[158, 95, 3, 200, 87, 160, 13, 14, 65, 118, 27, 21, 5, 88, 172, 219, 171, 40, 187, 136, 92, 57, 170, 98, 6, 131, 194, 176, 167, 71, 179, 44, 109, 189, 104, 197, 8, 36, 91, 19, 102, 37, 50, 16, 190, 106, 90, 69, 70, 132, 42, 39, 32, 18, 165, 20, 135, 182, 86, 156, 46, 175, 206, 0, 121, 221, 80, 12, 75, 79, 107, 29, 169, 43, 195, 61, 208, 120, 53, 83, 84, 196, 166, 35, 125, 51, 159, 100, 133, 97, 7, 49, 127, 54, 89, 74, 112, 149, 213, 99, 59, 204, 140, 2, 30, 164, 64, 185, 183, 220, 152, 130, 31, 224, 218, 146, 215, 168, 173, 199, 143, 198, 186, 191, 22, 81, 150, 101, 137, 139, 11, 33, 47, 10, 209, 85, 17, 113, 223, 212, 124, 157, 38, 108, 114, 210, 161, 134, 154, 138, 28, 129, 202, 63, 93, 122, 177, 103, 119, 151, 82, 56, 78, 162, 72, 145, 41, 94, 105, 23, 216, 48, 147, 180, 60, 26, 55, 174, 188, 142, 207, 4, 193, 141, 76, 201, 34, 192, 45, 217, 184, 25, 66, 163, 9, 214, 67, 111, 203, 58]",49,43,22,1997.58,361,50,0.01,0.7,15
SimulatedAnnealing,T50_a0.7_i15,large_02.txt,15,200,3,13,1330,"[84, 47, 158, 168, 58, 123, 171, 179, 52, 145, 221, 153, 170, 146, 216, 111, 133, 148, 206, 126, 6, 119, 150, 186, 51, 97, 76, 62, 29, 22, 1, 197, 55, 105, 73, 136, 83, 99, 130, 209, 37, 5, 200, 107, 191, 65, 85, 69, 91, 169, 152, 82, 114, 96, 64, 7, 132, 182, 211, 143, 220, 109, 53, 44, 42, 32, 154, 10, 116, 121, 54, 156, 175, 212, 173, 125, 39, 16, 138, 199, 207, 139, 189, 88, 71, 135, 214, 79, 163, 8, 157, 28, 108, 12, 48, 195, 24, 142, 23, 201, 129, 151, 92, 161, 4, 196, 31, 33, 14, 167, 166, 27, 9, 187, 184, 162, 217, 193, 106, 25, 159, 176, 43, 131, 68, 190, 177, 2, 61, 140, 155, 149, 174, 222, 94, 213, 202, 30, 0, 59, 118, 180, 86, 63, 26, 134, 127, 17, 60, 185, 40, 147, 110, 192, 18, 19, 117, 11, 95, 90, 98, 38, 172, 204, 45, 137, 20, 100, 34, 35, 141, 215, 66, 77, 67, 104, 87, 57, 224, 203, 81, 93, 218, 194, 183, 208, 124, 102, 70, 41, 219, 49, 165, 115, 120, 178, 46, 210, 3, 112]",51,32,25,1992.605,361,50,0.01,0.7,15
SimulatedAnnealing,T50_a0.7_i15,large_02.txt,15,200,4,99,1320,"[149, 197, 151, 180, 1, 193, 181, 101, 129, 57, 2, 124, 223, 66, 142, 213, 137, 224, 13, 3, 33, 5, 18, 0, 102, 7, 158, 54, 91, 49, 25, 121, 165, 44, 98, 67, 113, 79, 29, 130, 173, 209, 70, 63, 106, 187, 150, 119, 220, 88, 97, 117, 167, 93, 27, 39, 148, 30, 152, 108, 177, 55, 191, 115, 132, 166, 202, 14, 178, 194, 211, 122, 169, 8, 12, 114, 175, 110, 112, 24, 37, 77, 56, 28, 145, 215, 11, 95, 73, 34, 100, 84, 21, 139, 159, 195, 221, 111, 146, 222, 163, 138, 185, 69, 23, 46, 59, 160, 141, 199, 200, 134, 218, 212, 40, 71, 20, 170, 123, 41, 131, 120, 48, 206, 22, 78, 192, 75, 61, 204, 157, 74, 36, 86, 143, 65, 171, 161, 216, 164, 182, 184, 162, 125, 208, 147, 96, 198, 188, 176, 126, 203, 76, 43, 53, 104, 9, 82, 128, 60, 35, 47, 58, 85, 144, 89, 116, 127, 94, 50, 105, 16, 168, 136, 26, 52, 156, 68, 133, 6, 10, 172, 80, 205, 99, 219, 42, 72, 210, 4, 103, 155, 214, 118, 38, 217, 174, 207, 201, 109]",61,27,22,1998.389,361,50,0.01,0.7,15
SimulatedAnnealing,T50_a0.7_i15,large_02.txt,15,200,5,1234,1170,"[7, 224, 14, 79, 10, 78, 106, 111, 4, 95, 146, 56, 41, 170, 164, 172, 161, 3, 18, 65, 158, 49, 196, 147, 195, 84, 184, 88, 194, 142, 16, 202, 94, 44, 113, 130, 207, 114, 62, 140, 48, 160, 26, 129, 17, 187, 92, 71, 145, 102, 77, 57, 183, 103, 63, 52, 109, 6, 36, 120, 69, 80, 197, 176, 12, 171, 136, 201, 214, 217, 58, 133, 72, 180, 168, 85, 169, 105, 23, 126, 144, 185, 148, 199, 73, 191, 34, 212, 22, 11, 208, 51, 98, 32, 28, 76, 112, 90, 181, 178, 81, 2, 117, 0, 204, 15, 35, 155, 123, 216, 19, 64, 61, 60, 192, 50, 99, 115, 173, 174, 104, 150, 116, 210, 59, 188, 21, 30, 70, 166, 67, 38, 55, 20, 74, 110, 175, 45, 127, 190, 47, 132, 25, 124, 97, 152, 1, 143, 101, 162, 220, 24, 215, 193, 107, 8, 82, 27, 31, 96, 39, 219, 128, 138, 43, 156, 157, 135, 121, 205, 198, 141, 68, 209, 139, 137, 159, 108, 54, 87, 37, 167, 165, 223, 218, 13, 118, 119, 131, 154, 91, 203, 83, 89, 93, 222, 182, 29, 149, 221]",52,23,21,2004.568,361,50,0.01,0.7,15
SimulatedAnnealing,T50_a0.7_i15,large_02.txt,15,200,6,555,1280,"[73, 97, 188, 30, 194, 39, 210, 4, 219, 8, 127, 121, 13, 23, 150, 176, 1, 199, 134, 203, 46, 154, 78, 105, 195, 31, 142, 41, 64, 170, 182, 2, 214, 167, 98, 220, 48, 18, 139, 149, 185, 168, 221, 159, 77, 101, 38, 12, 128, 45, 117, 193, 19, 184, 208, 43, 158, 143, 161, 34, 190, 129, 189, 3, 88, 175, 84, 76, 108, 55, 109, 16, 133, 6, 196, 42, 79, 218, 107, 111, 130, 35, 58, 17, 201, 209, 113, 160, 169, 9, 153, 112, 191, 59, 25, 223, 123, 50, 60, 162, 87, 115, 63, 118, 124, 29, 36, 125, 164, 206, 27, 15, 114, 96, 126, 5, 81, 26, 93, 0, 72, 71, 62, 32, 52, 22, 200, 146, 33, 85, 61, 138, 186, 215, 141, 183, 47, 110, 135, 14, 82, 148, 151, 132, 137, 166, 147, 217, 68, 104, 37, 20, 157, 10, 224, 65, 204, 136, 122, 99, 177, 95, 207, 51, 173, 106, 74, 192, 70, 89, 100, 90, 69, 156, 11, 205, 44, 222, 155, 211, 102, 120, 86, 92, 174, 94, 7, 198, 202, 57, 67, 179, 66, 28, 103, 152, 83, 187, 212, 197]",54,32,21,2063.097,361,50,0.01,0.7,15
SimulatedAnnealing,T50_a0.7_i15,large_02.txt,15,200,7,321,1260,"[204, 155, 103, 4, 212, 56, 3, 40, 13, 175, 83, 101, 168, 11, 42, 134, 58, 9, 27, 65, 76, 126, 146, 45, 22, 105, 61, 193, 141, 102, 165, 50, 46, 34, 30, 209, 197, 154, 216, 47, 41, 43, 135, 5, 1, 118, 44, 223, 20, 162, 217, 221, 163, 128, 200, 12, 152, 136, 23, 116, 29, 190, 53, 67, 93, 139, 199, 149, 69, 182, 124, 205, 77, 36, 87, 73, 97, 172, 51, 210, 68, 167, 144, 75, 98, 179, 218, 219, 207, 159, 59, 202, 82, 104, 201, 8, 70, 129, 151, 153, 170, 214, 99, 2, 63, 123, 196, 145, 110, 176, 89, 19, 187, 137, 133, 143, 60, 38, 131, 194, 114, 224, 121, 39, 161, 188, 203, 208, 206, 33, 107, 111, 222, 150, 55, 213, 84, 192, 164, 186, 115, 57, 96, 180, 15, 183, 122, 140, 169, 120, 21, 166, 198, 62, 17, 80, 125, 78, 16, 106, 112, 66, 171, 185, 14, 25, 37, 7, 117, 195, 88, 215, 157, 132, 71, 119, 130, 6, 109, 95, 113, 74, 48, 18, 26, 92, 100, 64, 148, 191, 31, 108, 142, 0, 211, 52, 85, 173, 49, 35]",57,27,21,1980.219,361,50,0.01,0.7,15
SimulatedAnnealing,T50_a0.7_i15,large_02.txt,15,200,8,808,1310,"[162, 0, 213, 14, 67, 98, 117, 134, 84, 182, 29, 114, 12, 208, 75, 145, 6, 164, 66, 200, 58, 177, 209, 99, 82, 92, 61, 132, 4, 53, 72, 26, 185, 197, 9, 202, 8, 80, 27, 137, 187, 160, 116, 62, 168, 56, 49, 218, 89, 93, 193, 40, 198, 223, 76, 196, 171, 48, 222, 77, 163, 111, 159, 138, 25, 113, 158, 107, 165, 51, 120, 207, 60, 155, 190, 172, 65, 45, 161, 31, 175, 43, 186, 157, 179, 188, 64, 22, 191, 18, 189, 211, 183, 152, 212, 153, 90, 70, 210, 42, 16, 54, 79, 28, 146, 34, 102, 7, 199, 91, 203, 135, 81, 195, 147, 176, 15, 204, 123, 23, 149, 100, 205, 52, 178, 221, 35, 110, 33, 217, 78, 38, 192, 101, 46, 96, 50, 133, 37, 156, 201, 174, 121, 130, 39, 131, 220, 140, 122, 94, 57, 32, 87, 129, 106, 143, 83, 108, 136, 169, 224, 86, 112, 11, 105, 74, 115, 68, 95, 20, 170, 151, 97, 219, 167, 166, 69, 118, 119, 180, 63, 215, 214, 88, 125, 13, 41, 2, 150, 173, 19, 124, 206, 127, 55, 36, 104, 154, 148, 10]",54,29,24,2044.653,361,50,0.01,0.7,15
SimulatedAnnealing,T50_a0.7_i15,large_02.txt,15,200,9,777,1360,"[88, 83, 211, 29, 5, 124, 215, 10, 138, 179, 155, 76, 32, 13, 91, 125, 19, 52, 56, 8, 6, 73, 200, 202, 187, 143, 16, 178, 191, 220, 205, 177, 118, 82, 48, 71, 40, 170, 166, 224, 66, 4, 53, 33, 75, 95, 43, 22, 131, 141, 123, 221, 153, 67, 147, 222, 154, 186, 150, 107, 11, 223, 151, 45, 190, 217, 54, 171, 137, 59, 148, 219, 165, 68, 111, 180, 85, 101, 70, 104, 213, 204, 96, 9, 208, 203, 26, 72, 112, 50, 17, 167, 14, 38, 172, 36, 214, 159, 117, 20, 192, 98, 39, 2, 89, 35, 194, 31, 139, 130, 196, 146, 152, 188, 109, 74, 198, 175, 3, 0, 185, 12, 157, 108, 195, 105, 210, 163, 206, 201, 37, 158, 65, 97, 103, 60, 197, 134, 64, 77, 168, 209, 87, 114, 136, 1, 199, 69, 102, 44, 218, 184, 51, 7, 176, 120, 193, 128, 122, 140, 116, 28, 41, 144, 25, 100, 57, 212, 164, 174, 142, 34, 42, 62, 181, 30, 119, 162, 55, 78, 18, 94, 106, 133, 58, 169, 183, 115, 79, 207, 216, 84, 27, 24, 149, 81, 90, 110, 127, 132]",60,30,23,2022.001,361,50,0.01,0.7,15
SimulatedAnnealing,T50_a0.7_i15,large_02.txt,15,200,10,2024,1420,"[189, 37, 71, 17, 73, 2, 21, 105, 197, 222, 32, 57, 56, 85, 8, 20, 13, 146, 125, 151, 174, 35, 201, 24, 185, 102, 50, 164, 63, 147, 30, 46, 171, 67, 136, 117, 64, 42, 80, 97, 176, 207, 213, 53, 183, 47, 66, 18, 157, 152, 43, 92, 26, 190, 5, 40, 41, 99, 154, 14, 200, 113, 191, 122, 0, 212, 181, 150, 218, 184, 177, 4, 111, 101, 29, 187, 127, 133, 204, 31, 109, 210, 19, 202, 48, 69, 58, 168, 195, 138, 78, 192, 123, 55, 49, 110, 27, 115, 186, 88, 223, 149, 65, 72, 91, 15, 170, 163, 9, 159, 82, 36, 10, 116, 114, 11, 61, 96, 70, 118, 199, 89, 140, 220, 126, 158, 145, 182, 94, 214, 38, 119, 141, 44, 16, 106, 153, 51, 86, 179, 108, 23, 188, 98, 161, 90, 178, 215, 196, 93, 104, 60, 79, 193, 208, 34, 112, 167, 156, 1, 219, 209, 211, 162, 206, 130, 216, 142, 169, 198, 59, 129, 68, 120, 28, 12, 134, 203, 7, 224, 205, 160, 137, 155, 221, 173, 81, 128, 25, 45, 166, 139, 144, 77, 124, 194, 132, 84, 180, 75]",53,39,25,2001.252,361,50,0.01,0.7,15
SimulatedAnnealing,T50_a0.7_i25,large_02.txt,15,200,1,42,1180,"[122, 105, 2, 170, 0, 180, 111, 13, 59, 72, 95, 6, 74, 118, 176, 150, 161, 123, 181, 80, 124, 112, 152, 218, 188, 207, 4, 86, 194, 1, 68, 98, 30, 144, 125, 145, 167, 143, 205, 33, 60, 210, 179, 77, 24, 197, 135, 146, 94, 103, 55, 84, 138, 129, 223, 12, 149, 158, 183, 45, 50, 212, 156, 115, 29, 99, 21, 7, 153, 219, 151, 90, 76, 16, 48, 27, 102, 14, 220, 168, 182, 215, 109, 18, 58, 43, 134, 54, 137, 101, 166, 172, 133, 89, 8, 67, 65, 141, 88, 127, 184, 32, 209, 208, 69, 47, 114, 63, 61, 34, 187, 20, 17, 192, 78, 217, 104, 64, 49, 128, 5, 113, 177, 106, 120, 10, 198, 73, 9, 190, 195, 206, 51, 23, 11, 201, 185, 221, 189, 40, 132, 26, 46, 222, 15, 53, 186, 154, 96, 224, 71, 203, 52, 25, 62, 36, 163, 56, 19, 70, 91, 147, 28, 171, 160, 108, 139, 42, 200, 85, 173, 92, 165, 155, 211, 81, 35, 121, 214, 164, 117, 159, 169, 39, 110, 87, 216, 178, 148, 199, 140, 79, 191, 44, 107, 75, 196, 37, 119, 174]",46,30,21,3342.699,601,50,0.01,0.7,25
SimulatedAnnealing,T50_a0.7_i25,large_02.txt,15,200,2,7,1270,"[3, 11, 90, 184, 149, 147, 221, 164, 166, 136, 9, 67, 5, 101, 172, 159, 40, 38, 187, 32, 85, 193, 111, 181, 122, 146, 213, 109, 141, 114, 203, 108, 125, 103, 13, 143, 150, 71, 0, 78, 6, 191, 26, 93, 116, 31, 124, 52, 96, 185, 217, 39, 76, 223, 70, 170, 20, 182, 171, 138, 163, 175, 200, 195, 155, 33, 95, 41, 75, 177, 118, 117, 46, 199, 59, 58, 83, 69, 126, 224, 84, 35, 140, 51, 127, 8, 196, 68, 49, 81, 197, 16, 211, 106, 174, 160, 22, 104, 202, 47, 210, 220, 178, 77, 44, 158, 153, 92, 183, 204, 112, 180, 222, 86, 145, 131, 120, 48, 134, 198, 23, 173, 54, 4, 152, 50, 98, 156, 219, 192, 130, 2, 87, 25, 176, 99, 42, 14, 15, 212, 167, 80, 169, 61, 66, 94, 132, 56, 154, 201, 12, 129, 28, 215, 190, 36, 128, 74, 91, 45, 151, 102, 214, 19, 113, 218, 188, 64, 37, 208, 206, 168, 7, 29, 209, 115, 179, 216, 1, 142, 207, 21, 43, 144, 162, 161, 24, 27, 97, 133, 123, 194, 189, 119, 34, 139, 88, 72, 89, 55]",46,33,24,3268.083,601,50,0.01,0.7,25
SimulatedAnnealing,T50_a0.7_i25,large_02.txt,15,200,3,13,1120,"[139, 99, 167, 20, 14, 123, 204, 195, 52, 126, 143, 173, 0, 165, 166, 111, 205, 11, 6, 12, 28, 219, 150, 193, 89, 113, 47, 32, 174, 115, 1, 181, 145, 55, 73, 175, 69, 124, 170, 211, 223, 71, 200, 153, 34, 192, 85, 83, 120, 54, 56, 149, 215, 220, 146, 7, 125, 27, 95, 63, 140, 87, 186, 45, 31, 136, 141, 10, 206, 121, 103, 35, 78, 222, 208, 201, 65, 132, 221, 112, 48, 164, 46, 88, 197, 157, 25, 142, 64, 8, 202, 158, 196, 29, 59, 183, 24, 148, 172, 49, 5, 38, 168, 161, 43, 188, 53, 13, 108, 134, 107, 135, 72, 44, 39, 162, 212, 15, 67, 61, 4, 16, 184, 41, 91, 187, 58, 22, 179, 203, 50, 17, 224, 217, 155, 213, 214, 152, 160, 42, 118, 77, 74, 169, 147, 210, 133, 68, 100, 19, 75, 198, 177, 199, 127, 30, 109, 33, 119, 194, 21, 81, 117, 171, 144, 137, 84, 57, 130, 178, 79, 114, 110, 180, 82, 40, 122, 105, 94, 128, 51, 93, 86, 97, 151, 185, 209, 176, 129, 131, 18, 116, 191, 190, 26, 60, 92, 80, 3, 36]",57,15,20,3310.733,601,50,0.01,0.7,25
SimulatedAnnealing,T50_a0.7_i25,large_02.txt,15,200,4,99,1100,"[197, 104, 151, 70, 131, 1, 12, 166, 38, 3, 2, 9, 11, 94, 142, 69, 118, 160, 5, 6, 190, 143, 81, 78, 102, 61, 124, 23, 79, 173, 25, 121, 55, 163, 53, 45, 177, 222, 186, 52, 49, 76, 72, 100, 218, 60, 30, 119, 34, 97, 105, 165, 219, 193, 42, 8, 157, 134, 202, 196, 19, 158, 184, 28, 147, 51, 195, 180, 14, 168, 205, 122, 116, 174, 41, 114, 35, 95, 140, 48, 191, 183, 58, 216, 39, 152, 223, 32, 127, 153, 208, 93, 167, 139, 66, 90, 16, 18, 99, 144, 135, 82, 10, 189, 154, 46, 64, 194, 141, 156, 138, 199, 33, 110, 181, 71, 37, 123, 80, 210, 137, 132, 75, 27, 126, 217, 192, 206, 149, 155, 56, 176, 36, 162, 74, 57, 150, 212, 182, 164, 62, 213, 198, 65, 188, 43, 17, 224, 120, 148, 88, 203, 146, 112, 107, 103, 22, 136, 128, 63, 85, 113, 221, 73, 4, 89, 98, 215, 130, 187, 117, 185, 20, 86, 26, 125, 109, 68, 179, 106, 129, 172, 133, 214, 108, 84, 40, 0, 21, 209, 87, 220, 13, 59, 145, 44, 77, 207, 7, 169]",50,22,19,3304.203,601,50,0.01,0.7,25
SimulatedAnnealing,T50_a0.7_i25,large_02.txt,15,200,5,1234,1160,"[7, 114, 125, 97, 10, 205, 106, 218, 138, 159, 213, 90, 107, 6, 164, 12, 85, 14, 30, 63, 89, 145, 79, 147, 81, 0, 34, 80, 122, 124, 199, 151, 221, 69, 31, 167, 143, 18, 120, 39, 25, 67, 29, 129, 26, 187, 113, 71, 209, 118, 4, 177, 108, 103, 41, 52, 189, 74, 24, 130, 173, 117, 183, 193, 188, 195, 91, 3, 98, 70, 55, 84, 162, 180, 15, 166, 126, 56, 140, 27, 2, 59, 156, 169, 219, 136, 204, 61, 53, 101, 214, 163, 43, 157, 73, 76, 112, 65, 8, 178, 139, 1, 77, 44, 186, 48, 35, 57, 171, 148, 207, 19, 212, 50, 142, 45, 176, 116, 184, 92, 179, 150, 104, 94, 5, 210, 28, 160, 105, 100, 206, 222, 47, 37, 153, 208, 175, 40, 196, 152, 211, 132, 170, 68, 75, 197, 121, 224, 32, 201, 181, 54, 133, 146, 200, 215, 149, 155, 42, 96, 109, 217, 51, 13, 111, 134, 72, 23, 82, 21, 202, 191, 174, 60, 194, 168, 172, 58, 123, 87, 62, 198, 131, 185, 99, 11, 161, 119, 220, 36, 144, 203, 86, 64, 102, 78, 182, 17, 141, 83]",46,26,22,3369.272,601,50,0.01,0.7,25
SimulatedAnnealing,T50_a0.7_i25,large_02.txt,15,200,6,555,1270,"[7, 68, 8, 40, 89, 192, 6, 4, 184, 155, 39, 75, 183, 21, 171, 221, 74, 69, 11, 117, 23, 156, 67, 108, 109, 5, 28, 144, 141, 121, 182, 86, 99, 49, 158, 220, 125, 151, 97, 150, 48, 214, 165, 47, 217, 36, 174, 223, 135, 57, 1, 44, 90, 55, 98, 29, 124, 106, 140, 169, 190, 25, 61, 51, 72, 204, 118, 53, 176, 115, 52, 76, 170, 37, 211, 77, 105, 19, 88, 172, 202, 219, 188, 216, 195, 3, 208, 162, 94, 9, 119, 187, 191, 46, 31, 164, 161, 152, 80, 73, 178, 35, 153, 17, 27, 79, 54, 224, 148, 129, 15, 123, 122, 203, 126, 139, 222, 26, 157, 0, 85, 113, 62, 34, 107, 16, 185, 110, 205, 134, 18, 60, 83, 13, 193, 104, 196, 145, 127, 112, 212, 82, 149, 42, 38, 81, 30, 59, 160, 93, 173, 56, 92, 45, 41, 71, 175, 200, 213, 142, 177, 95, 163, 78, 102, 120, 201, 179, 65, 20, 100, 87, 101, 132, 136, 2, 24, 10, 131, 189, 166, 210, 70, 64, 33, 12, 167, 198, 103, 143, 186, 194, 66, 50, 133, 84, 207, 137, 146, 206]",59,24,22,3312.754,601,50,0.01,0.7,25
SimulatedAnnealing,T50_a0.7_i25,large_02.txt,15,200,7,321,1210,"[141, 123, 9, 53, 73, 56, 181, 35, 13, 5, 83, 183, 4, 207, 94, 134, 113, 199, 211, 48, 75, 128, 146, 100, 22, 86, 61, 193, 96, 148, 161, 79, 169, 90, 71, 135, 11, 12, 127, 185, 85, 43, 24, 23, 174, 189, 99, 74, 214, 117, 202, 217, 102, 57, 200, 175, 176, 133, 180, 167, 42, 170, 212, 203, 188, 109, 218, 149, 69, 63, 132, 108, 77, 36, 87, 208, 20, 116, 105, 45, 137, 215, 205, 6, 67, 165, 41, 38, 210, 159, 209, 154, 55, 178, 191, 136, 70, 54, 40, 47, 197, 166, 150, 2, 152, 156, 93, 103, 213, 129, 17, 120, 198, 124, 91, 143, 44, 51, 131, 31, 46, 224, 177, 49, 60, 173, 179, 206, 121, 33, 216, 187, 88, 25, 15, 1, 144, 153, 3, 151, 115, 145, 72, 101, 158, 30, 66, 140, 68, 82, 21, 52, 110, 157, 59, 194, 7, 78, 16, 122, 112, 163, 126, 186, 14, 64, 37, 65, 19, 0, 220, 201, 89, 106, 195, 138, 219, 221, 196, 80, 27, 28, 168, 18, 164, 92, 10, 104, 29, 34, 32, 162, 142, 119, 160, 111, 98, 223, 190, 192]",46,31,22,3368.167,601,50,0.01,0.7,25
SimulatedAnnealing,T50_a0.7_i25,large_02.txt,15,200,8,808,1170,"[0, 188, 106, 9, 71, 1, 120, 126, 174, 213, 145, 114, 51, 50, 8, 6, 218, 70, 136, 3, 207, 177, 56, 99, 222, 48, 162, 69, 32, 78, 128, 148, 39, 170, 187, 118, 224, 83, 201, 154, 173, 160, 64, 132, 144, 54, 74, 192, 73, 219, 193, 47, 98, 10, 76, 217, 42, 36, 115, 211, 87, 49, 62, 61, 212, 104, 17, 84, 165, 129, 44, 205, 191, 14, 63, 181, 65, 66, 179, 112, 21, 43, 123, 13, 186, 194, 180, 45, 68, 92, 86, 133, 183, 20, 206, 25, 153, 41, 220, 197, 119, 175, 81, 53, 159, 34, 161, 7, 185, 18, 85, 171, 143, 208, 137, 176, 89, 141, 19, 27, 139, 90, 121, 67, 199, 221, 103, 16, 60, 210, 172, 178, 223, 214, 46, 75, 59, 158, 190, 79, 146, 15, 168, 130, 93, 203, 166, 140, 122, 204, 22, 4, 134, 117, 182, 57, 151, 108, 91, 164, 200, 157, 38, 11, 155, 101, 163, 110, 88, 169, 33, 215, 184, 58, 135, 94, 142, 167, 138, 82, 150, 2, 55, 23, 131, 209, 97, 96, 29, 189, 80, 124, 216, 31, 52, 5, 152, 125, 77, 100]",49,26,21,3325.601,601,50,0.01,0.7,25
SimulatedAnnealing,T50_a0.7_i25,large_02.txt,15,200,9,777,1280,"[202, 9, 165, 201, 5, 73, 95, 10, 159, 179, 146, 76, 7, 178, 147, 218, 55, 123, 160, 77, 209, 43, 156, 124, 0, 101, 195, 190, 56, 157, 125, 110, 116, 126, 32, 103, 200, 141, 166, 80, 214, 154, 35, 68, 177, 28, 130, 137, 48, 33, 52, 224, 170, 188, 69, 3, 21, 113, 168, 78, 60, 186, 167, 50, 106, 172, 46, 219, 16, 70, 204, 40, 216, 47, 111, 158, 115, 84, 23, 191, 75, 97, 194, 164, 61, 203, 145, 72, 112, 132, 169, 184, 92, 22, 98, 36, 74, 151, 181, 20, 59, 133, 121, 104, 30, 199, 221, 81, 38, 14, 117, 155, 87, 67, 213, 65, 215, 175, 53, 26, 174, 118, 122, 79, 189, 4, 57, 119, 208, 220, 192, 51, 31, 222, 210, 197, 96, 85, 131, 206, 205, 2, 196, 139, 142, 63, 15, 1, 109, 44, 27, 19, 173, 182, 6, 88, 193, 107, 62, 45, 211, 49, 150, 54, 89, 176, 183, 212, 29, 42, 93, 13, 120, 25, 114, 149, 64, 162, 90, 161, 58, 94, 140, 8, 185, 135, 223, 11, 24, 37, 108, 180, 41, 102, 148, 163, 91, 129, 127, 105]",52,32,22,3370.015,601,50,0.01,0.7,25
SimulatedAnnealing,T50_a0.7_i25,large_02.txt,15,200,10,2024,1210,"[53, 175, 89, 0, 169, 2, 92, 211, 197, 191, 7, 134, 78, 100, 195, 184, 188, 146, 216, 71, 193, 97, 19, 156, 83, 116, 21, 218, 109, 76, 93, 41, 143, 38, 136, 147, 50, 204, 61, 86, 45, 176, 62, 157, 161, 47, 66, 125, 115, 34, 138, 203, 163, 57, 154, 219, 131, 5, 4, 51, 152, 209, 26, 194, 215, 213, 181, 17, 187, 20, 199, 201, 170, 101, 159, 217, 31, 56, 16, 88, 70, 210, 113, 99, 81, 69, 64, 168, 202, 6, 87, 155, 133, 221, 129, 108, 117, 85, 165, 77, 174, 106, 148, 72, 11, 130, 46, 141, 153, 114, 29, 60, 54, 207, 126, 15, 3, 98, 35, 10, 18, 166, 73, 189, 67, 14, 128, 9, 151, 214, 220, 1, 196, 171, 177, 149, 105, 139, 142, 12, 8, 40, 158, 25, 91, 90, 94, 192, 65, 44, 118, 103, 30, 95, 186, 63, 23, 27, 172, 137, 80, 160, 36, 162, 123, 223, 208, 127, 107, 185, 222, 13, 173, 120, 82, 150, 124, 48, 132, 52, 205, 79, 119, 39, 224, 178, 75, 37, 68, 183, 33, 74, 144, 96, 42, 164, 121, 111, 180, 58]",45,30,23,3336.368,601,50,0.01,0.7,25
SimulatedAnnealing,T50_a0.9_i10,large_02.txt,15,200,1,42,1140,"[14, 112, 79, 160, 5, 97, 149, 218, 34, 7, 10, 11, 66, 111, 23, 8, 161, 187, 203, 103, 60, 213, 190, 4, 170, 87, 70, 54, 53, 137, 59, 163, 30, 204, 85, 100, 15, 29, 139, 173, 168, 147, 223, 81, 40, 0, 120, 220, 73, 143, 89, 118, 130, 155, 212, 159, 91, 141, 221, 88, 182, 27, 189, 41, 35, 86, 42, 2, 24, 145, 126, 104, 17, 124, 174, 55, 9, 157, 43, 25, 1, 211, 176, 186, 167, 36, 192, 3, 45, 165, 12, 75, 183, 114, 144, 150, 65, 69, 178, 205, 177, 90, 216, 48, 52, 208, 131, 210, 50, 44, 58, 19, 172, 217, 121, 175, 136, 13, 209, 171, 33, 113, 105, 72, 135, 63, 38, 125, 84, 197, 49, 195, 96, 194, 98, 74, 207, 127, 134, 222, 83, 95, 123, 21, 71, 16, 78, 116, 188, 181, 140, 215, 76, 32, 214, 102, 166, 133, 94, 179, 80, 106, 148, 108, 206, 180, 162, 119, 132, 122, 169, 18, 153, 37, 185, 219, 202, 61, 198, 152, 138, 39, 193, 146, 128, 67, 101, 93, 77, 156, 99, 57, 56, 129, 51, 201, 184, 224, 92, 28]",52,20,21,4506.864,811,50,0.01,0.9,10
SimulatedAnnealing,T50_a0.9_i10,large_02.txt,15,200,2,7,1130,"[3, 84, 82, 208, 109, 205, 14, 60, 218, 100, 140, 67, 20, 9, 211, 161, 5, 163, 172, 77, 85, 49, 209, 54, 75, 194, 73, 181, 37, 173, 148, 156, 22, 76, 182, 167, 16, 27, 168, 143, 210, 64, 93, 188, 164, 33, 139, 24, 123, 200, 98, 121, 95, 223, 187, 12, 63, 19, 45, 118, 216, 107, 81, 180, 136, 221, 72, 4, 186, 52, 203, 130, 201, 29, 141, 89, 149, 96, 94, 71, 195, 35, 175, 55, 127, 80, 196, 6, 151, 178, 199, 32, 184, 105, 11, 92, 128, 171, 0, 152, 158, 124, 65, 1, 115, 26, 108, 144, 142, 174, 91, 74, 222, 103, 70, 69, 62, 79, 122, 198, 7, 59, 117, 162, 126, 53, 42, 61, 219, 116, 192, 66, 157, 83, 102, 224, 39, 114, 21, 212, 134, 110, 169, 214, 137, 87, 58, 40, 154, 132, 145, 179, 17, 176, 125, 18, 112, 99, 51, 13, 31, 138, 101, 170, 15, 207, 213, 2, 8, 220, 90, 46, 43, 191, 88, 104, 165, 166, 113, 86, 217, 30, 190, 150, 25, 155, 129, 57, 202, 135, 10, 204, 34, 146, 147, 120, 160, 106, 193, 50]",53,20,20,4607.528,811,50,0.01,0.9,10
SimulatedAnnealing,T50_a0.9_i10,large_02.txt,15,200,3,13,1140,"[150, 181, 107, 127, 128, 169, 165, 116, 84, 6, 3, 167, 51, 12, 218, 74, 177, 87, 224, 42, 35, 47, 212, 148, 126, 130, 110, 34, 90, 113, 43, 37, 137, 18, 73, 91, 57, 135, 49, 179, 60, 97, 25, 214, 140, 194, 154, 174, 104, 182, 61, 62, 223, 66, 79, 9, 58, 78, 56, 143, 220, 173, 149, 144, 11, 15, 221, 10, 210, 63, 138, 156, 152, 158, 145, 92, 201, 41, 183, 16, 44, 125, 48, 81, 209, 159, 204, 171, 17, 8, 98, 20, 30, 54, 96, 109, 185, 76, 5, 108, 85, 122, 184, 105, 71, 22, 151, 147, 1, 24, 186, 99, 26, 190, 119, 118, 217, 166, 21, 206, 68, 38, 191, 131, 120, 33, 102, 124, 162, 161, 160, 14, 219, 142, 106, 36, 157, 176, 129, 80, 180, 133, 28, 70, 207, 50, 0, 222, 59, 187, 123, 72, 111, 19, 23, 200, 117, 67, 211, 27, 31, 101, 77, 112, 45, 136, 88, 134, 86, 192, 141, 103, 32, 52, 100, 115, 213, 89, 168, 203, 216, 208, 197, 196, 132, 164, 2, 153, 155, 64, 172, 94, 4, 29, 93, 178, 83, 13, 46, 40]",55,17,21,4512.749,811,50,0.01,0.9,10
SimulatedAnnealing,T50_a0.9_i10,large_02.txt,15,200,4,99,1130,"[59, 42, 18, 200, 214, 203, 194, 12, 127, 106, 129, 116, 144, 167, 220, 86, 2, 3, 6, 216, 161, 158, 58, 125, 82, 66, 174, 148, 186, 118, 97, 0, 149, 202, 89, 207, 187, 44, 26, 181, 103, 25, 72, 135, 173, 69, 142, 180, 178, 119, 213, 222, 219, 11, 84, 7, 104, 30, 93, 145, 177, 185, 10, 57, 16, 191, 121, 136, 157, 9, 23, 122, 105, 133, 141, 38, 166, 100, 39, 196, 195, 108, 153, 163, 13, 14, 143, 34, 189, 29, 170, 208, 205, 113, 49, 140, 169, 4, 112, 215, 48, 43, 75, 51, 123, 73, 91, 96, 192, 71, 162, 55, 146, 164, 134, 138, 171, 201, 206, 159, 128, 155, 179, 64, 126, 94, 102, 110, 28, 160, 56, 176, 165, 152, 130, 15, 27, 147, 199, 87, 188, 74, 85, 46, 40, 182, 88, 77, 117, 20, 223, 37, 137, 1, 24, 190, 114, 68, 35, 217, 183, 41, 53, 224, 204, 151, 79, 184, 62, 50, 211, 120, 168, 212, 36, 52, 31, 131, 99, 198, 221, 172, 19, 33, 22, 60, 5, 76, 210, 32, 78, 90, 139, 92, 150, 54, 47, 154, 80, 124]",49,20,22,4553.213,811,50,0.01,0.9,10
SimulatedAnnealing,T50_a0.9_i10,large_02.txt,15,200,5,1234,1110,"[7, 66, 125, 94, 10, 217, 110, 135, 0, 95, 189, 83, 5, 185, 213, 134, 161, 1, 75, 91, 30, 61, 138, 105, 180, 88, 90, 44, 25, 121, 54, 183, 11, 22, 32, 154, 136, 23, 158, 16, 133, 99, 170, 87, 38, 67, 204, 71, 143, 6, 153, 79, 219, 18, 70, 68, 33, 176, 28, 212, 92, 4, 159, 146, 14, 48, 215, 128, 202, 196, 147, 84, 74, 46, 203, 55, 169, 57, 19, 27, 56, 108, 165, 43, 168, 65, 102, 117, 64, 130, 113, 98, 104, 137, 17, 155, 206, 52, 145, 210, 93, 45, 131, 208, 97, 115, 86, 200, 152, 190, 151, 69, 207, 220, 193, 174, 24, 166, 191, 34, 42, 120, 127, 39, 214, 187, 111, 192, 85, 144, 9, 179, 59, 96, 3, 81, 140, 73, 40, 2, 51, 29, 26, 60, 177, 171, 175, 224, 101, 150, 209, 139, 199, 216, 156, 194, 149, 126, 124, 41, 109, 163, 63, 142, 76, 8, 164, 222, 181, 78, 80, 50, 15, 157, 47, 122, 53, 112, 119, 89, 62, 198, 148, 20, 173, 13, 197, 178, 36, 103, 201, 186, 188, 160, 184, 106, 182, 21, 167, 162]",42,23,23,4532.655,811,50,0.01,0.9,10
SimulatedAnnealing,T50_a0.9_i10,large_02.txt,15,200,6,555,1040,"[7, 191, 204, 33, 185, 17, 6, 4, 2, 32, 76, 168, 104, 145, 37, 213, 166, 67, 77, 58, 224, 75, 101, 128, 208, 40, 60, 36, 5, 92, 199, 167, 83, 115, 69, 56, 174, 42, 85, 52, 186, 192, 12, 206, 103, 27, 205, 90, 45, 59, 100, 73, 109, 184, 112, 41, 119, 11, 16, 155, 120, 142, 28, 3, 88, 64, 159, 0, 122, 118, 74, 130, 183, 139, 111, 165, 91, 19, 48, 29, 200, 80, 38, 116, 55, 96, 196, 53, 133, 9, 26, 210, 63, 221, 10, 114, 161, 217, 138, 35, 113, 150, 173, 190, 201, 215, 136, 43, 188, 134, 86, 156, 44, 137, 126, 47, 94, 39, 177, 202, 207, 123, 223, 162, 160, 212, 179, 148, 171, 216, 34, 25, 61, 89, 98, 195, 211, 13, 65, 15, 194, 46, 182, 21, 18, 31, 14, 135, 187, 172, 79, 154, 143, 178, 108, 71, 121, 144, 203, 147, 140, 49, 132, 218, 107, 97, 170, 23, 84, 127, 180, 87, 146, 81, 117, 151, 24, 125, 106, 78, 181, 105, 152, 158, 50, 222, 1, 51, 57, 93, 110, 66, 95, 164, 169, 219, 99, 176, 141, 198]",37,27,20,4549.858,811,50,0.01,0.9,10
SimulatedAnnealing,T50_a0.9_i10,large_02.txt,15,200,7,321,990,"[105, 17, 9, 164, 72, 143, 4, 41, 13, 211, 127, 194, 1, 5, 84, 123, 49, 11, 34, 112, 182, 207, 146, 135, 54, 139, 222, 39, 204, 169, 203, 107, 96, 210, 215, 148, 113, 10, 141, 202, 117, 170, 118, 129, 172, 52, 89, 220, 153, 173, 37, 152, 68, 25, 186, 15, 128, 119, 95, 213, 100, 190, 93, 60, 71, 82, 206, 149, 102, 20, 162, 108, 79, 208, 171, 2, 136, 184, 183, 138, 87, 18, 48, 224, 156, 147, 8, 195, 223, 6, 23, 187, 159, 40, 131, 218, 70, 199, 26, 111, 116, 120, 3, 94, 67, 66, 53, 88, 64, 178, 47, 161, 216, 217, 181, 145, 86, 221, 61, 198, 125, 168, 160, 35, 157, 154, 31, 16, 151, 180, 109, 133, 175, 90, 83, 62, 130, 192, 24, 22, 115, 179, 165, 0, 97, 104, 132, 140, 27, 73, 63, 166, 214, 65, 144, 44, 177, 30, 21, 58, 51, 150, 174, 201, 14, 78, 209, 36, 121, 69, 43, 110, 101, 38, 191, 106, 193, 46, 124, 189, 98, 28, 185, 122, 167, 92, 59, 196, 176, 42, 74, 76, 75, 32, 81, 99, 85, 56, 80, 163]",35,22,21,4520.372,811,50,0.01,0.9,10
SimulatedAnnealing,T50_a0.9_i10,large_02.txt,15,200,8,808,1040,"[11, 5, 44, 121, 56, 75, 6, 195, 142, 9, 150, 201, 156, 72, 3, 34, 69, 2, 66, 13, 77, 16, 207, 116, 15, 48, 138, 62, 40, 172, 67, 78, 223, 17, 187, 119, 157, 109, 134, 188, 159, 212, 94, 184, 149, 21, 60, 180, 80, 220, 194, 210, 219, 104, 112, 95, 222, 173, 151, 93, 108, 35, 107, 224, 163, 113, 137, 110, 81, 217, 46, 54, 0, 14, 185, 22, 65, 189, 176, 84, 158, 49, 82, 122, 213, 39, 61, 215, 64, 86, 214, 51, 200, 25, 10, 31, 90, 70, 186, 182, 143, 168, 148, 26, 18, 29, 136, 7, 196, 42, 36, 98, 167, 33, 174, 58, 162, 131, 123, 199, 20, 140, 169, 47, 12, 106, 52, 1, 92, 166, 85, 117, 221, 32, 161, 164, 50, 179, 114, 120, 218, 63, 27, 204, 102, 154, 205, 45, 135, 101, 91, 126, 71, 97, 83, 37, 76, 177, 8, 103, 41, 68, 127, 152, 155, 74, 197, 38, 30, 133, 146, 79, 170, 28, 99, 203, 55, 23, 193, 129, 144, 175, 111, 147, 141, 209, 73, 87, 160, 191, 24, 124, 57, 19, 139, 198, 145, 118, 178, 100]",40,26,19,4549.324,811,50,0.01,0.9,10
SimulatedAnnealing,T50_a0.9_i10,large_02.txt,15,200,9,777,1140,"[29, 36, 212, 55, 9, 126, 173, 8, 199, 149, 191, 102, 21, 73, 75, 174, 128, 62, 1, 11, 56, 113, 121, 183, 0, 156, 110, 89, 46, 111, 131, 125, 2, 87, 118, 16, 23, 158, 51, 101, 60, 80, 202, 4, 99, 170, 24, 115, 92, 84, 136, 77, 32, 143, 64, 223, 100, 209, 150, 39, 210, 124, 91, 27, 208, 114, 117, 35, 198, 171, 163, 165, 178, 205, 154, 86, 168, 175, 3, 161, 94, 61, 15, 34, 45, 18, 20, 119, 97, 137, 204, 13, 140, 105, 133, 182, 214, 26, 57, 157, 200, 189, 144, 93, 222, 42, 188, 38, 196, 37, 152, 112, 76, 74, 211, 132, 141, 179, 194, 12, 216, 79, 47, 207, 215, 88, 176, 217, 67, 184, 50, 40, 177, 219, 160, 14, 146, 96, 44, 98, 127, 82, 31, 145, 25, 134, 221, 69, 166, 116, 28, 130, 197, 151, 71, 220, 192, 6, 213, 65, 33, 10, 83, 123, 147, 224, 41, 48, 52, 135, 138, 129, 30, 70, 190, 159, 108, 180, 153, 148, 58, 193, 218, 187, 122, 53, 181, 72, 59, 203, 43, 7, 186, 54, 155, 201, 49, 104, 85, 107]",44,22,24,4516.203,811,50,0.01,0.9,10
SimulatedAnnealing,T50_a0.9_i10,large_02.txt,15,200,10,2024,1150,"[124, 8, 148, 0, 221, 143, 177, 198, 147, 185, 91, 95, 160, 137, 13, 184, 35, 53, 133, 38, 77, 65, 211, 196, 58, 206, 112, 105, 179, 121, 21, 46, 69, 158, 5, 75, 36, 172, 3, 151, 68, 215, 94, 195, 107, 150, 175, 187, 28, 25, 22, 109, 103, 74, 86, 138, 134, 224, 118, 203, 30, 63, 214, 223, 6, 165, 19, 159, 10, 149, 212, 139, 72, 101, 220, 197, 114, 204, 200, 79, 100, 161, 97, 57, 47, 55, 39, 122, 218, 43, 102, 64, 99, 153, 156, 20, 117, 15, 166, 87, 136, 213, 111, 2, 24, 217, 104, 88, 9, 96, 194, 119, 82, 201, 4, 141, 76, 181, 12, 41, 152, 98, 188, 7, 11, 14, 170, 85, 81, 173, 61, 142, 126, 129, 48, 210, 16, 120, 205, 59, 110, 115, 80, 163, 178, 90, 84, 192, 45, 56, 89, 199, 49, 193, 40, 171, 27, 93, 71, 1, 113, 209, 208, 169, 190, 219, 186, 155, 51, 60, 162, 183, 32, 17, 176, 145, 70, 54, 31, 191, 132, 131, 42, 108, 140, 23, 125, 37, 128, 34, 154, 50, 189, 167, 67, 207, 106, 157, 92, 66]",41,26,24,4508.347,811,50,0.01,0.9,10
SimulatedAnnealing,T50_a0.9_i15,large_02.txt,15,200,1,42,990,"[14, 142, 214, 182, 195, 152, 42, 36, 165, 0, 31, 69, 24, 8, 92, 22, 84, 186, 153, 13, 129, 102, 62, 187, 160, 196, 183, 43, 190, 57, 94, 174, 99, 110, 59, 175, 197, 95, 23, 200, 82, 45, 60, 11, 132, 159, 81, 141, 161, 2, 67, 145, 16, 155, 144, 12, 1, 149, 88, 5, 192, 181, 205, 41, 26, 202, 105, 78, 173, 224, 38, 29, 98, 7, 189, 188, 125, 103, 120, 151, 111, 21, 212, 32, 185, 117, 193, 75, 118, 55, 30, 218, 64, 112, 48, 113, 65, 213, 128, 89, 176, 164, 207, 135, 209, 220, 166, 35, 177, 115, 148, 63, 191, 126, 6, 131, 139, 108, 130, 4, 140, 222, 217, 216, 167, 71, 154, 9, 158, 58, 80, 208, 53, 33, 114, 163, 172, 51, 123, 101, 83, 143, 76, 90, 150, 169, 56, 133, 66, 37, 54, 87, 201, 25, 184, 44, 68, 85, 121, 39, 124, 73, 219, 179, 137, 134, 70, 199, 97, 122, 146, 96, 138, 127, 52, 171, 215, 211, 147, 204, 162, 49, 34, 20, 136, 206, 18, 28, 77, 106, 116, 119, 40, 210, 198, 19, 178, 157, 194, 61]",36,19,22,7011.973,1216,50,0.01,0.9,15
SimulatedAnnealing,T50_a0.9_i15,large_02.txt,15,200,2,7,1010,"[11, 12, 187, 8, 154, 118, 55, 10, 210, 14, 2, 15, 78, 141, 1, 4, 106, 6, 13, 77, 205, 169, 182, 24, 105, 96, 93, 220, 76, 69, 181, 114, 73, 218, 7, 44, 208, 204, 99, 191, 127, 33, 79, 111, 155, 31, 173, 89, 153, 194, 101, 123, 195, 134, 200, 23, 34, 138, 130, 215, 214, 177, 37, 152, 32, 175, 80, 145, 159, 59, 0, 48, 160, 140, 163, 49, 38, 192, 172, 131, 193, 117, 22, 90, 28, 87, 196, 115, 132, 5, 47, 113, 104, 102, 94, 25, 143, 209, 21, 29, 212, 57, 42, 224, 149, 85, 128, 221, 36, 66, 63, 60, 74, 68, 64, 41, 86, 170, 137, 126, 65, 189, 213, 43, 81, 206, 180, 203, 166, 136, 188, 19, 158, 9, 84, 54, 171, 168, 176, 201, 121, 109, 116, 217, 119, 135, 108, 219, 46, 184, 222, 129, 70, 30, 100, 95, 71, 97, 75, 156, 125, 27, 83, 20, 148, 62, 40, 186, 58, 164, 183, 35, 3, 39, 190, 165, 120, 52, 122, 197, 142, 103, 53, 72, 45, 161, 124, 199, 147, 179, 133, 110, 157, 150, 151, 107, 82, 17, 211, 185]",41,26,17,6940.272,1216,50,0.01,0.9,15
SimulatedAnnealing,T50_a0.9_i15,large_02.txt,15,200,3,13,1050,"[54, 114, 7, 34, 198, 6, 101, 8, 137, 134, 36, 110, 142, 144, 13, 95, 186, 145, 136, 12, 50, 111, 150, 17, 77, 130, 21, 183, 125, 56, 178, 86, 161, 193, 176, 205, 200, 140, 224, 90, 66, 27, 221, 216, 97, 4, 104, 16, 201, 52, 76, 164, 79, 190, 72, 196, 127, 187, 177, 160, 113, 1, 195, 185, 92, 24, 103, 10, 47, 141, 88, 55, 133, 35, 29, 30, 61, 171, 116, 3, 158, 123, 48, 9, 105, 83, 204, 192, 49, 63, 163, 157, 80, 57, 138, 115, 143, 87, 222, 99, 218, 206, 162, 19, 44, 184, 149, 69, 120, 68, 20, 25, 159, 166, 42, 126, 152, 75, 179, 26, 28, 33, 156, 153, 182, 38, 209, 43, 175, 210, 2, 41, 219, 59, 154, 212, 119, 173, 211, 0, 81, 73, 181, 91, 5, 168, 215, 174, 14, 208, 102, 71, 67, 213, 40, 155, 89, 214, 64, 194, 53, 96, 170, 117, 45, 74, 65, 148, 78, 85, 82, 180, 220, 223, 124, 122, 189, 131, 128, 202, 109, 93, 151, 112, 106, 118, 11, 132, 108, 129, 100, 188, 165, 169, 62, 191, 46, 139, 135, 15]",48,15,21,6794.448,1216,50,0.01,0.9,15
SimulatedAnnealing,T50_a0.9_i15,large_02.txt,15,200,4,99,990,"[210, 16, 3, 9, 24, 4, 52, 13, 125, 119, 79, 78, 11, 2, 80, 1, 112, 168, 5, 124, 17, 118, 222, 189, 89, 109, 31, 51, 90, 67, 154, 116, 144, 203, 176, 152, 73, 88, 54, 84, 106, 0, 147, 47, 145, 103, 132, 165, 213, 180, 62, 108, 206, 142, 98, 38, 32, 8, 153, 162, 94, 167, 53, 19, 114, 41, 74, 194, 146, 138, 72, 122, 185, 107, 111, 212, 22, 86, 139, 174, 155, 45, 64, 117, 6, 26, 220, 76, 179, 28, 223, 129, 205, 195, 191, 120, 221, 55, 39, 190, 105, 113, 202, 18, 56, 57, 193, 36, 204, 186, 207, 208, 215, 101, 141, 49, 127, 87, 187, 23, 134, 156, 96, 33, 126, 148, 30, 224, 34, 216, 219, 115, 149, 99, 40, 160, 35, 68, 128, 14, 188, 10, 171, 83, 161, 59, 27, 70, 81, 135, 97, 63, 163, 66, 92, 196, 21, 50, 157, 178, 121, 198, 175, 214, 95, 140, 60, 184, 181, 137, 48, 192, 151, 158, 44, 15, 37, 29, 173, 201, 166, 172, 131, 77, 197, 75, 7, 12, 61, 218, 65, 200, 85, 170, 58, 182, 164, 82, 110, 130]",37,24,19,6724.553,1216,50,0.01,0.9,15
SimulatedAnnealing,T50_a0.9_i15,large_02.txt,15,200,5,1234,970,"[7, 71, 1, 126, 85, 178, 115, 53, 0, 37, 64, 20, 13, 2, 139, 25, 11, 3, 12, 156, 216, 30, 134, 49, 48, 144, 29, 169, 180, 61, 96, 88, 24, 193, 203, 81, 217, 22, 101, 221, 208, 130, 175, 119, 38, 68, 224, 184, 47, 222, 8, 92, 56, 94, 132, 125, 100, 73, 55, 146, 190, 159, 114, 150, 149, 120, 41, 141, 76, 50, 86, 23, 207, 117, 87, 62, 186, 206, 112, 110, 137, 16, 135, 157, 194, 108, 75, 131, 168, 18, 191, 5, 98, 212, 72, 162, 99, 153, 31, 54, 57, 166, 77, 26, 116, 148, 163, 204, 182, 89, 28, 70, 95, 173, 211, 133, 66, 214, 223, 78, 121, 198, 219, 6, 67, 124, 17, 103, 158, 32, 209, 27, 201, 111, 177, 122, 165, 136, 147, 10, 42, 105, 129, 40, 113, 43, 199, 170, 196, 160, 171, 97, 140, 80, 69, 210, 91, 15, 83, 84, 151, 220, 104, 174, 179, 152, 161, 192, 215, 164, 189, 4, 155, 9, 142, 46, 188, 127, 143, 128, 45, 60, 118, 52, 63, 14, 172, 200, 138, 176, 181, 218, 51, 106, 109, 34, 195, 59, 187, 36]",38,21,19,6791.471,1216,50,0.01,0.9,15
SimulatedAnnealing,T50_a0.9_i15,large_02.txt,15,200,6,555,960,"[7, 155, 0, 22, 131, 83, 154, 4, 11, 94, 175, 168, 91, 26, 101, 130, 77, 108, 87, 123, 129, 174, 215, 178, 14, 57, 103, 148, 186, 176, 221, 102, 151, 135, 194, 70, 158, 27, 37, 95, 31, 177, 84, 21, 128, 66, 58, 29, 56, 62, 114, 152, 72, 214, 164, 172, 166, 113, 32, 115, 55, 208, 33, 64, 49, 85, 190, 6, 73, 149, 79, 218, 169, 99, 45, 195, 141, 198, 180, 223, 157, 184, 74, 44, 12, 17, 196, 50, 112, 9, 206, 90, 86, 65, 10, 28, 142, 111, 93, 5, 161, 120, 61, 48, 121, 136, 134, 18, 140, 182, 13, 217, 75, 147, 126, 185, 42, 170, 8, 191, 173, 165, 220, 117, 19, 188, 125, 207, 43, 92, 139, 179, 41, 212, 47, 144, 82, 216, 187, 213, 80, 1, 52, 105, 193, 106, 69, 133, 71, 89, 183, 163, 159, 78, 224, 122, 210, 97, 146, 59, 132, 124, 145, 127, 46, 209, 116, 23, 203, 35, 39, 219, 160, 189, 88, 2, 199, 38, 40, 67, 60, 68, 98, 138, 36, 15, 3, 181, 81, 119, 192, 110, 143, 205, 63, 25, 76, 202, 156, 54]",44,12,20,6776.647,1216,50,0.01,0.9,15
SimulatedAnnealing,T50_a0.9_i15,large_02.txt,15,200,7,321,1010,"[10, 23, 9, 0, 224, 107, 173, 113, 4, 142, 186, 96, 98, 3, 184, 185, 7, 11, 90, 60, 146, 26, 27, 174, 47, 30, 58, 177, 144, 46, 61, 129, 212, 223, 130, 200, 103, 17, 28, 180, 85, 44, 134, 110, 151, 77, 106, 116, 207, 109, 43, 120, 163, 189, 111, 14, 93, 54, 198, 157, 195, 79, 160, 63, 216, 24, 12, 41, 100, 22, 176, 203, 167, 161, 2, 126, 1, 154, 218, 49, 137, 18, 101, 150, 92, 86, 181, 179, 156, 13, 83, 125, 82, 51, 95, 199, 70, 65, 19, 57, 68, 102, 178, 217, 145, 8, 148, 170, 149, 20, 141, 168, 171, 45, 66, 139, 201, 208, 48, 123, 158, 36, 56, 152, 91, 34, 155, 87, 53, 194, 50, 89, 210, 15, 42, 213, 33, 192, 80, 132, 16, 94, 37, 205, 188, 175, 190, 133, 165, 197, 182, 119, 215, 122, 140, 136, 99, 6, 124, 183, 78, 31, 147, 112, 164, 38, 118, 128, 204, 74, 5, 32, 81, 172, 191, 162, 193, 73, 196, 67, 166, 71, 62, 159, 202, 52, 117, 169, 211, 206, 135, 75, 104, 219, 108, 214, 55, 40, 114, 222]",44,19,19,6796.759,1216,50,0.01,0.9,15
SimulatedAnnealing,T50_a0.9_i15,large_02.txt,15,200,8,808,940,"[23, 0, 15, 32, 162, 13, 11, 182, 27, 6, 208, 192, 8, 28, 165, 206, 212, 7, 66, 160, 189, 57, 224, 204, 86, 188, 104, 22, 164, 30, 33, 221, 132, 193, 82, 59, 96, 215, 77, 62, 80, 107, 209, 118, 21, 91, 135, 187, 166, 109, 140, 179, 211, 125, 97, 42, 207, 40, 146, 20, 4, 153, 130, 176, 24, 68, 41, 74, 170, 58, 61, 113, 196, 14, 167, 56, 65, 183, 69, 218, 26, 39, 136, 115, 95, 175, 200, 157, 220, 9, 67, 17, 148, 36, 163, 143, 121, 197, 169, 29, 120, 137, 122, 12, 89, 141, 83, 70, 35, 123, 87, 214, 85, 37, 117, 131, 19, 216, 48, 222, 103, 219, 108, 49, 1, 205, 156, 100, 38, 93, 106, 213, 110, 45, 190, 105, 158, 47, 64, 98, 154, 184, 168, 53, 186, 194, 51, 139, 111, 173, 128, 60, 191, 88, 198, 79, 31, 134, 114, 201, 133, 72, 126, 76, 155, 151, 180, 203, 73, 127, 174, 63, 171, 159, 78, 112, 46, 116, 195, 129, 210, 3, 34, 10, 101, 55, 92, 25, 150, 178, 147, 145, 138, 102, 142, 181, 119, 75, 185, 84]",34,22,19,6982.627,1216,50,0.01,0.9,15
SimulatedAnnealing,T50_a0.9_i15,large_02.txt,15,200,9,777,1100,"[205, 13, 8, 77, 157, 19, 24, 17, 5, 117, 155, 104, 69, 21, 166, 196, 182, 26, 44, 223, 149, 142, 120, 53, 136, 72, 217, 135, 118, 81, 98, 105, 209, 79, 9, 56, 100, 156, 16, 126, 152, 84, 86, 46, 186, 201, 139, 0, 208, 220, 11, 148, 210, 215, 49, 219, 154, 66, 213, 108, 191, 124, 51, 102, 58, 80, 15, 60, 111, 179, 199, 36, 119, 39, 140, 54, 192, 29, 42, 40, 47, 134, 91, 183, 189, 224, 71, 207, 145, 176, 95, 143, 175, 193, 115, 48, 73, 171, 92, 167, 212, 173, 129, 87, 123, 52, 61, 106, 4, 114, 33, 146, 197, 94, 204, 76, 151, 185, 165, 203, 35, 27, 121, 6, 122, 12, 137, 180, 190, 50, 133, 82, 127, 89, 109, 64, 28, 2, 23, 101, 168, 70, 194, 177, 159, 200, 83, 10, 153, 144, 85, 62, 67, 198, 103, 222, 160, 128, 206, 41, 164, 32, 45, 116, 110, 214, 1, 30, 161, 22, 75, 132, 18, 187, 170, 14, 174, 96, 169, 20, 211, 181, 65, 150, 3, 68, 131, 221, 125, 78, 147, 57, 163, 130, 112, 138, 90, 59, 195, 141]",36,24,25,6827.98,1216,50,0.01,0.9,15
SimulatedAnnealing,T50_a0.9_i15,large_02.txt,15,200,10,2024,1020,"[61, 11, 182, 2, 10, 185, 223, 51, 216, 173, 88, 9, 13, 36, 85, 8, 221, 165, 136, 72, 129, 148, 174, 189, 184, 147, 116, 212, 62, 38, 102, 15, 26, 31, 24, 133, 120, 45, 42, 57, 215, 99, 122, 113, 193, 86, 66, 168, 18, 37, 125, 139, 80, 39, 172, 60, 59, 144, 35, 14, 200, 123, 112, 143, 138, 16, 22, 115, 180, 50, 25, 23, 32, 1, 155, 111, 127, 28, 87, 44, 79, 29, 203, 56, 222, 190, 206, 150, 5, 46, 121, 176, 149, 166, 68, 110, 126, 94, 164, 158, 220, 192, 101, 160, 119, 124, 93, 211, 218, 171, 177, 197, 43, 78, 73, 196, 106, 179, 70, 0, 170, 153, 181, 157, 134, 17, 114, 108, 141, 30, 167, 69, 195, 208, 183, 187, 198, 76, 95, 188, 152, 3, 117, 163, 100, 90, 33, 146, 194, 118, 109, 178, 186, 97, 175, 74, 12, 92, 54, 64, 151, 20, 191, 130, 204, 21, 209, 213, 156, 4, 98, 58, 67, 210, 128, 162, 81, 104, 137, 105, 201, 199, 27, 53, 107, 135, 169, 34, 219, 224, 6, 83, 82, 7, 202, 132, 205, 40, 217, 48]",46,14,21,6919.72,1216,50,0.01,0.9,15
SimulatedAnnealing,T50_a0.9_i25,large_02.txt,15,200,1,42,910,"[19, 181, 117, 9, 152, 3, 77, 132, 8, 211, 11, 1, 174, 23, 6, 2, 195, 35, 7, 107, 68, 40, 171, 18, 210, 76, 199, 192, 134, 28, 180, 202, 221, 218, 123, 90, 33, 176, 143, 69, 104, 175, 130, 79, 116, 66, 185, 201, 85, 170, 39, 166, 118, 157, 156, 12, 137, 217, 161, 154, 187, 45, 189, 215, 37, 133, 50, 14, 41, 75, 30, 13, 51, 131, 140, 15, 100, 88, 110, 178, 128, 70, 190, 168, 182, 17, 196, 129, 101, 112, 184, 127, 194, 164, 206, 21, 106, 44, 186, 159, 74, 115, 73, 150, 108, 25, 42, 99, 89, 173, 155, 213, 32, 148, 97, 10, 59, 0, 111, 86, 214, 84, 169, 120, 207, 63, 62, 38, 87, 55, 144, 5, 24, 36, 43, 136, 188, 162, 147, 72, 197, 138, 58, 105, 151, 205, 142, 47, 208, 219, 216, 146, 139, 122, 53, 31, 103, 54, 83, 96, 16, 109, 160, 65, 141, 22, 114, 183, 223, 125, 56, 191, 209, 113, 204, 93, 177, 49, 203, 222, 81, 82, 165, 27, 135, 224, 4, 145, 193, 29, 158, 57, 167, 149, 48, 95, 212, 61, 91, 52]",32,25,17,11447.017,2026,50,0.01,0.9,25
SimulatedAnnealing,T50_a0.9_i25,large_02.txt,15,200,2,7,870,"[18, 1, 52, 188, 147, 9, 8, 5, 179, 123, 142, 34, 2, 61, 4, 7, 11, 84, 178, 14, 106, 39, 6, 53, 210, 95, 192, 209, 115, 92, 201, 212, 214, 113, 66, 140, 20, 137, 160, 63, 3, 224, 125, 64, 27, 208, 187, 87, 35, 169, 97, 215, 157, 119, 219, 10, 108, 50, 51, 62, 56, 12, 132, 101, 173, 133, 148, 211, 163, 161, 88, 94, 135, 122, 204, 114, 126, 220, 67, 49, 205, 15, 44, 16, 136, 29, 189, 96, 30, 54, 33, 82, 58, 199, 102, 77, 156, 70, 100, 197, 43, 153, 207, 0, 129, 74, 146, 171, 24, 222, 124, 167, 186, 213, 89, 93, 181, 144, 170, 73, 42, 149, 104, 91, 71, 165, 21, 32, 45, 60, 134, 46, 158, 195, 83, 80, 72, 117, 78, 103, 172, 176, 121, 13, 177, 59, 130, 131, 141, 145, 159, 110, 191, 48, 81, 151, 190, 31, 193, 120, 47, 76, 116, 183, 174, 128, 25, 99, 40, 68, 175, 217, 162, 41, 65, 36, 19, 98, 112, 57, 203, 218, 105, 22, 107, 38, 127, 206, 28, 26, 166, 75, 184, 194, 198, 90, 155, 185, 164, 139]",36,17,17,11258.53,2026,50,0.01,0.9,25
SimulatedAnnealing,T50_a0.9_i25,large_02.txt,15,200,3,13,870,"[0, 207, 150, 11, 2, 24, 215, 170, 199, 13, 12, 160, 9, 14, 95, 45, 151, 152, 162, 4, 30, 84, 87, 33, 143, 97, 46, 203, 144, 186, 5, 78, 106, 55, 169, 50, 146, 178, 71, 107, 176, 19, 191, 122, 1, 98, 193, 93, 148, 70, 86, 3, 194, 157, 89, 6, 172, 190, 212, 221, 179, 43, 200, 117, 56, 218, 139, 16, 153, 119, 41, 155, 62, 79, 26, 35, 81, 201, 64, 126, 100, 211, 94, 202, 164, 32, 138, 52, 161, 10, 102, 115, 123, 101, 17, 135, 177, 49, 175, 103, 92, 141, 72, 174, 158, 68, 108, 54, 180, 104, 130, 110, 196, 220, 7, 99, 27, 8, 214, 113, 154, 204, 75, 149, 82, 60, 58, 131, 128, 73, 156, 216, 197, 90, 145, 76, 67, 65, 134, 18, 166, 147, 142, 85, 61, 133, 44, 88, 224, 105, 116, 173, 53, 109, 36, 38, 183, 112, 192, 187, 184, 40, 189, 57, 77, 127, 28, 48, 140, 21, 25, 51, 208, 124, 91, 171, 217, 222, 163, 96, 165, 182, 205, 63, 15, 22, 111, 206, 209, 185, 66, 29, 167, 59, 198, 136, 129, 210, 181, 213]",40,11,18,11399.808,2026,50,0.01,0.9,25
SimulatedAnnealing,T50_a0.9_i25,large_02.txt,15,200,4,99,810,"[70, 71, 135, 53, 86, 36, 89, 5, 205, 3, 209, 2, 49, 155, 1, 4, 0, 22, 13, 164, 64, 125, 147, 47, 112, 220, 121, 137, 211, 111, 82, 146, 72, 57, 152, 180, 154, 120, 48, 215, 206, 214, 198, 6, 123, 42, 35, 159, 127, 195, 114, 143, 222, 66, 172, 54, 113, 38, 90, 44, 177, 32, 196, 189, 162, 187, 76, 11, 73, 52, 21, 80, 37, 10, 28, 29, 207, 46, 148, 169, 7, 75, 61, 126, 223, 217, 194, 94, 204, 116, 145, 105, 178, 168, 14, 181, 19, 218, 41, 119, 163, 15, 167, 131, 210, 138, 136, 173, 192, 91, 176, 50, 101, 108, 55, 98, 191, 140, 93, 56, 95, 40, 77, 128, 27, 92, 107, 219, 184, 100, 12, 78, 221, 175, 18, 104, 33, 151, 174, 166, 34, 110, 69, 203, 25, 161, 17, 122, 59, 149, 74, 8, 97, 157, 83, 24, 186, 142, 87, 60, 190, 216, 103, 68, 20, 156, 63, 183, 188, 16, 208, 124, 185, 30, 106, 224, 115, 133, 179, 200, 201, 171, 88, 129, 158, 141, 9, 96, 170, 62, 199, 197, 81, 102, 150, 84, 26, 118, 58, 213]",33,14,17,11426.897,2026,50,0.01,0.9,25
SimulatedAnnealing,T50_a0.9_i25,large_02.txt,15,200,5,1234,870,"[7, 64, 4, 115, 213, 172, 89, 6, 134, 2, 94, 65, 18, 72, 51, 196, 9, 5, 169, 11, 17, 163, 125, 111, 14, 85, 86, 88, 90, 50, 61, 173, 108, 83, 100, 107, 121, 39, 151, 109, 38, 47, 32, 185, 118, 217, 133, 57, 101, 223, 145, 211, 148, 206, 140, 215, 81, 56, 147, 66, 146, 8, 192, 29, 138, 98, 216, 3, 176, 19, 0, 73, 175, 10, 144, 87, 52, 96, 25, 137, 214, 150, 113, 208, 92, 59, 164, 45, 105, 13, 210, 221, 191, 12, 27, 49, 179, 160, 69, 110, 93, 15, 97, 103, 78, 119, 124, 166, 132, 120, 143, 153, 204, 162, 135, 31, 205, 82, 152, 199, 20, 63, 44, 21, 43, 201, 79, 68, 156, 80, 154, 128, 53, 174, 67, 219, 136, 106, 123, 202, 178, 139, 207, 84, 181, 40, 198, 194, 171, 33, 187, 158, 218, 60, 159, 126, 155, 141, 22, 75, 41, 224, 104, 180, 183, 112, 200, 114, 30, 1, 184, 209, 170, 167, 127, 142, 222, 70, 116, 190, 177, 149, 168, 35, 58, 26, 131, 54, 37, 130, 129, 195, 28, 182, 203, 188, 42, 212, 117, 24]",39,12,18,11390.858,2026,50,0.01,0.9,25
SimulatedAnnealing,T50_a0.9_i25,large_02.txt,15,200,6,555,880,"[80, 135, 14, 66, 6, 199, 10, 86, 13, 8, 166, 4, 11, 29, 138, 134, 3, 45, 0, 7, 205, 167, 164, 5, 215, 47, 171, 23, 75, 46, 180, 129, 152, 154, 189, 122, 218, 15, 25, 172, 136, 175, 195, 187, 98, 222, 210, 93, 198, 61, 182, 169, 28, 191, 196, 18, 208, 141, 65, 36, 12, 179, 106, 105, 1, 128, 192, 95, 100, 153, 49, 32, 19, 159, 131, 30, 123, 109, 194, 221, 165, 64, 130, 163, 139, 177, 181, 41, 88, 73, 223, 207, 85, 31, 43, 2, 27, 213, 78, 155, 22, 44, 140, 79, 151, 83, 174, 62, 117, 157, 76, 26, 212, 173, 82, 91, 145, 54, 58, 214, 204, 149, 102, 111, 81, 97, 108, 20, 35, 219, 190, 51, 118, 185, 37, 87, 9, 57, 186, 150, 144, 52, 72, 125, 146, 107, 124, 89, 99, 77, 112, 71, 42, 203, 74, 197, 84, 183, 94, 120, 50, 55, 137, 59, 209, 113, 92, 38, 39, 48, 56, 147, 184, 168, 200, 217, 143, 161, 101, 34, 224, 132, 70, 67, 69, 115, 21, 201, 193, 119, 170, 211, 60, 68, 90, 24, 133, 127, 103, 16]",37,15,18,11430.381,2026,50,0.01,0.9,25
SimulatedAnnealing,T50_a0.9_i25,large_02.txt,15,200,7,321,870,"[9, 105, 150, 8, 161, 128, 74, 0, 171, 11, 201, 3, 5, 12, 4, 101, 95, 63, 13, 18, 88, 89, 217, 114, 215, 45, 78, 181, 53, 145, 25, 204, 212, 107, 187, 64, 164, 193, 71, 83, 139, 121, 26, 218, 59, 76, 184, 130, 43, 106, 81, 167, 124, 33, 28, 173, 135, 180, 156, 30, 220, 104, 119, 21, 136, 35, 98, 168, 141, 69, 200, 27, 169, 224, 198, 219, 126, 60, 144, 102, 57, 1, 34, 92, 155, 182, 111, 143, 65, 6, 38, 15, 170, 7, 10, 52, 199, 118, 110, 58, 112, 82, 47, 120, 190, 32, 174, 62, 222, 16, 17, 29, 42, 148, 223, 195, 125, 72, 75, 175, 70, 214, 172, 178, 154, 146, 203, 189, 77, 80, 131, 68, 99, 123, 183, 192, 158, 94, 153, 209, 138, 132, 176, 210, 185, 96, 177, 191, 127, 162, 36, 194, 122, 216, 115, 116, 113, 49, 54, 159, 149, 39, 166, 66, 100, 86, 179, 205, 93, 50, 151, 196, 221, 55, 163, 129, 142, 134, 19, 140, 14, 207, 103, 37, 31, 2, 40, 41, 46, 23, 91, 108, 51, 165, 97, 157, 84, 90, 137, 44]",40,13,17,11433.247,2026,50,0.01,0.9,25
SimulatedAnnealing,T50_a0.9_i25,large_02.txt,15,200,8,808,950,"[135, 142, 2, 100, 219, 3, 134, 8, 117, 5, 164, 1, 196, 168, 61, 90, 6, 7, 14, 11, 127, 152, 33, 154, 73, 122, 213, 187, 197, 182, 21, 208, 150, 48, 56, 149, 180, 165, 37, 140, 222, 79, 199, 217, 92, 125, 192, 44, 76, 93, 190, 105, 63, 12, 174, 66, 27, 195, 126, 112, 160, 49, 25, 35, 94, 30, 98, 13, 161, 65, 43, 169, 58, 19, 159, 157, 162, 167, 31, 210, 136, 211, 116, 57, 179, 155, 145, 40, 18, 216, 20, 85, 178, 9, 64, 83, 193, 46, 50, 175, 146, 45, 133, 124, 158, 97, 128, 141, 62, 69, 87, 39, 22, 104, 82, 189, 153, 32, 78, 184, 223, 148, 218, 88, 102, 113, 36, 67, 114, 77, 131, 107, 214, 181, 60, 71, 120, 91, 51, 194, 191, 16, 4, 28, 17, 15, 170, 119, 53, 151, 54, 202, 185, 42, 220, 96, 144, 224, 89, 173, 111, 26, 109, 171, 132, 75, 221, 200, 41, 186, 38, 121, 177, 205, 201, 123, 72, 129, 203, 188, 143, 209, 29, 59, 55, 137, 86, 23, 130, 47, 52, 139, 198, 10, 147, 110, 99, 95, 115, 101]",42,17,18,11347.072,2026,50,0.01,0.9,25
SimulatedAnnealing,T50_a0.9_i25,large_02.txt,15,200,9,777,850,"[82, 10, 216, 103, 1, 220, 214, 168, 15, 12, 120, 46, 6, 13, 208, 114, 2, 175, 200, 141, 23, 90, 41, 158, 69, 47, 116, 31, 186, 81, 151, 45, 32, 0, 211, 123, 9, 42, 126, 171, 215, 97, 50, 124, 95, 217, 195, 194, 160, 156, 119, 110, 39, 164, 91, 3, 125, 224, 179, 4, 189, 21, 43, 130, 196, 213, 176, 14, 85, 76, 212, 60, 152, 11, 205, 146, 203, 170, 56, 108, 22, 7, 93, 53, 121, 145, 165, 74, 198, 134, 202, 62, 222, 27, 52, 37, 135, 94, 128, 183, 129, 143, 105, 178, 218, 88, 107, 30, 221, 86, 36, 49, 149, 72, 29, 106, 100, 64, 185, 102, 162, 153, 87, 51, 140, 219, 147, 113, 89, 148, 112, 44, 204, 28, 19, 34, 169, 66, 163, 161, 180, 67, 199, 96, 40, 25, 139, 16, 207, 59, 73, 80, 201, 157, 131, 104, 122, 57, 20, 167, 111, 71, 63, 55, 192, 48, 17, 83, 101, 184, 68, 138, 137, 187, 84, 118, 70, 5, 190, 181, 223, 210, 142, 197, 193, 127, 8, 154, 191, 78, 38, 92, 174, 35, 33, 18, 132, 159, 188, 172]",35,14,18,11383.375,2026,50,0.01,0.9,25
SimulatedAnnealing,T50_a0.9_i25,large_02.txt,15,200,10,2024,880,"[210, 8, 2, 115, 204, 106, 14, 6, 52, 209, 154, 89, 186, 11, 66, 170, 56, 3, 7, 13, 217, 43, 69, 68, 211, 152, 199, 200, 34, 98, 81, 172, 87, 113, 130, 77, 193, 175, 112, 48, 67, 220, 126, 124, 191, 224, 30, 53, 88, 114, 104, 171, 201, 100, 58, 76, 168, 223, 208, 181, 122, 144, 131, 117, 107, 218, 198, 215, 26, 185, 94, 44, 29, 12, 32, 79, 183, 108, 177, 149, 42, 19, 164, 60, 47, 116, 46, 59, 78, 0, 214, 167, 63, 119, 110, 33, 163, 36, 123, 28, 138, 187, 161, 4, 222, 159, 219, 203, 178, 71, 196, 176, 145, 41, 184, 103, 141, 73, 202, 92, 158, 136, 80, 189, 139, 37, 134, 120, 16, 111, 18, 10, 140, 84, 85, 5, 205, 157, 148, 21, 45, 83, 121, 213, 194, 143, 96, 97, 153, 221, 22, 9, 105, 50, 127, 133, 65, 160, 86, 57, 216, 195, 49, 125, 64, 146, 156, 90, 20, 197, 174, 173, 137, 179, 72, 95, 38, 147, 166, 169, 31, 62, 118, 39, 151, 23, 162, 1, 128, 150, 142, 206, 165, 55, 40, 180, 17, 192, 25, 190]",36,18,17,11348.455,2026,50,0.01,0.9,25
SimulatedAnnealing,T100_a0.5_i10,large_02.txt,15,200,1,42,1450,"[14, 114, 2, 165, 45, 97, 80, 180, 59, 143, 112, 57, 134, 211, 98, 52, 161, 187, 152, 29, 119, 47, 104, 168, 188, 123, 217, 221, 194, 105, 218, 31, 177, 193, 42, 5, 36, 172, 148, 206, 129, 1, 87, 77, 109, 111, 135, 146, 76, 84, 61, 10, 138, 196, 118, 12, 204, 101, 79, 145, 44, 124, 78, 115, 153, 64, 21, 0, 214, 192, 182, 166, 89, 199, 34, 106, 102, 215, 220, 32, 7, 174, 181, 48, 175, 108, 22, 95, 185, 155, 130, 19, 133, 201, 176, 171, 65, 209, 223, 70, 184, 46, 54, 156, 103, 117, 128, 210, 28, 169, 159, 33, 200, 56, 82, 219, 142, 162, 125, 131, 216, 113, 151, 72, 120, 191, 27, 16, 144, 190, 26, 208, 157, 122, 83, 149, 69, 88, 9, 3, 23, 90, 43, 18, 68, 53, 154, 212, 8, 93, 116, 51, 140, 25, 38, 167, 179, 58, 86, 4, 49, 147, 222, 158, 160, 75, 141, 60, 96, 85, 137, 198, 20, 67, 202, 164, 91, 24, 30, 39, 127, 173, 73, 203, 63, 110, 92, 178, 99, 81, 71, 150, 62, 207, 107, 94, 74, 37, 183, 50]",60,37,24,811.221,141,100,0.01,0.5,10
SimulatedAnnealing,T100_a0.5_i10,large_02.txt,15,200,2,7,1560,"[116, 221, 208, 121, 1, 22, 102, 149, 91, 94, 128, 160, 5, 165, 172, 219, 18, 150, 58, 205, 167, 220, 170, 107, 77, 132, 166, 37, 41, 71, 99, 111, 211, 103, 13, 153, 190, 189, 110, 203, 6, 182, 50, 112, 25, 79, 12, 69, 70, 47, 171, 19, 144, 32, 81, 118, 40, 64, 115, 66, 122, 175, 218, 0, 155, 33, 124, 207, 80, 168, 108, 185, 63, 88, 129, 29, 158, 191, 109, 83, 84, 55, 206, 35, 181, 51, 113, 100, 133, 97, 7, 152, 125, 216, 202, 27, 117, 89, 213, 179, 21, 45, 56, 2, 44, 164, 49, 54, 90, 198, 131, 130, 222, 224, 4, 123, 215, 135, 173, 85, 143, 60, 186, 120, 188, 157, 8, 156, 146, 195, 139, 126, 178, 10, 28, 217, 197, 145, 223, 212, 23, 101, 169, 9, 114, 87, 92, 134, 154, 193, 20, 137, 176, 209, 93, 159, 177, 192, 119, 98, 53, 136, 72, 52, 43, 194, 96, 16, 140, 106, 61, 48, 163, 180, 174, 26, 46, 148, 204, 78, 34, 30, 138, 184, 76, 201, 3, 142, 11, 59, 15, 38, 104, 147, 24, 214, 67, 161, 57, 62]",67,41,24,835.807,141,100,0.01,0.5,10
SimulatedAnnealing,T100_a0.5_i10,large_02.txt,15,200,3,13,1530,"[13, 47, 148, 100, 98, 151, 203, 33, 52, 126, 63, 106, 5, 30, 72, 120, 7, 62, 206, 68, 20, 119, 110, 191, 50, 224, 149, 22, 12, 95, 1, 197, 86, 55, 43, 31, 129, 32, 36, 19, 18, 109, 200, 81, 214, 34, 85, 26, 103, 201, 96, 2, 84, 142, 202, 128, 205, 182, 144, 143, 40, 60, 53, 116, 42, 220, 57, 83, 46, 121, 146, 9, 160, 38, 145, 15, 39, 16, 138, 199, 207, 139, 56, 104, 92, 135, 184, 79, 6, 8, 157, 28, 14, 154, 75, 195, 24, 76, 23, 166, 107, 123, 165, 161, 163, 90, 10, 223, 48, 82, 101, 190, 108, 187, 176, 134, 150, 193, 21, 88, 159, 37, 210, 131, 183, 179, 130, 89, 61, 105, 41, 158, 219, 155, 94, 213, 11, 17, 0, 221, 118, 180, 140, 174, 181, 49, 198, 196, 87, 185, 125, 153, 218, 215, 71, 172, 117, 122, 152, 188, 133, 212, 51, 204, 54, 137, 175, 112, 169, 156, 141, 114, 66, 162, 73, 173, 113, 167, 80, 4, 177, 93, 164, 194, 77, 208, 124, 132, 91, 65, 35, 111, 136, 115, 97, 178, 147, 70, 3, 222]",67,38,24,811.49,141,100,0.01,0.5,10
SimulatedAnnealing,T100_a0.5_i10,large_02.txt,15,200,4,99,1480,"[79, 64, 83, 156, 202, 166, 63, 17, 34, 67, 2, 73, 85, 162, 5, 144, 208, 3, 38, 62, 125, 82, 7, 87, 163, 135, 39, 44, 60, 173, 25, 94, 58, 41, 100, 37, 187, 203, 29, 106, 81, 177, 28, 158, 15, 61, 113, 119, 103, 77, 59, 151, 167, 185, 196, 213, 70, 30, 179, 221, 154, 16, 191, 26, 107, 72, 45, 91, 86, 180, 211, 122, 170, 209, 127, 217, 51, 146, 168, 57, 110, 56, 182, 88, 116, 50, 11, 152, 31, 53, 186, 111, 96, 139, 216, 27, 219, 1, 74, 190, 47, 84, 201, 189, 23, 46, 105, 169, 141, 149, 188, 102, 205, 212, 97, 71, 112, 137, 123, 210, 131, 132, 157, 43, 48, 109, 224, 104, 159, 164, 165, 160, 90, 183, 214, 65, 134, 195, 14, 204, 181, 133, 138, 194, 223, 161, 130, 36, 93, 176, 4, 69, 121, 18, 68, 215, 9, 206, 128, 22, 0, 24, 117, 199, 33, 89, 13, 171, 98, 198, 140, 193, 20, 136, 92, 52, 108, 145, 142, 49, 10, 172, 80, 120, 207, 222, 101, 153, 21, 19, 32, 220, 124, 118, 35, 54, 174, 155, 95, 55]",64,34,25,793.845,141,100,0.01,0.5,10
SimulatedAnnealing,T100_a0.5_i10,large_02.txt,15,200,5,1234,1440,"[7, 224, 14, 79, 10, 110, 47, 177, 186, 95, 214, 76, 192, 215, 164, 102, 139, 3, 197, 91, 143, 72, 2, 147, 163, 4, 208, 0, 122, 33, 154, 151, 94, 81, 41, 179, 136, 169, 30, 140, 196, 160, 69, 129, 17, 162, 101, 5, 73, 26, 173, 52, 183, 103, 114, 83, 109, 184, 159, 170, 108, 213, 190, 80, 12, 137, 142, 92, 189, 131, 58, 133, 40, 48, 124, 166, 149, 112, 181, 27, 49, 11, 9, 50, 55, 152, 34, 117, 60, 157, 121, 178, 111, 32, 218, 138, 204, 207, 67, 105, 99, 155, 77, 211, 132, 15, 35, 37, 113, 193, 168, 57, 61, 66, 6, 223, 134, 115, 25, 217, 116, 150, 29, 210, 59, 120, 74, 87, 75, 128, 107, 188, 176, 20, 165, 39, 175, 45, 141, 70, 106, 201, 38, 78, 195, 125, 153, 205, 53, 161, 185, 24, 156, 216, 127, 8, 19, 13, 42, 96, 44, 36, 85, 221, 18, 130, 219, 135, 202, 51, 167, 191, 174, 209, 100, 171, 86, 144, 54, 62, 212, 148, 68, 31, 172, 158, 21, 119, 180, 146, 16, 97, 64, 89, 203, 22, 182, 1, 220, 90]",64,32,24,816.481,141,100,0.01,0.5,10
SimulatedAnnealing,T100_a0.5_i10,large_02.txt,15,200,6,555,1540,"[203, 19, 188, 30, 46, 39, 6, 4, 219, 128, 197, 192, 178, 23, 171, 221, 166, 31, 193, 117, 21, 223, 78, 16, 224, 105, 34, 27, 64, 187, 182, 2, 99, 211, 146, 25, 48, 119, 139, 217, 95, 79, 213, 159, 170, 89, 38, 196, 97, 160, 43, 215, 134, 184, 206, 42, 121, 24, 161, 77, 190, 5, 214, 3, 174, 175, 150, 59, 108, 88, 109, 130, 133, 210, 131, 44, 141, 218, 120, 154, 32, 35, 76, 205, 201, 67, 208, 93, 202, 9, 176, 112, 191, 222, 156, 162, 173, 152, 60, 22, 87, 124, 86, 49, 195, 29, 36, 103, 164, 163, 153, 123, 116, 96, 126, 129, 92, 26, 18, 0, 111, 113, 62, 40, 90, 33, 7, 118, 70, 115, 61, 138, 200, 13, 165, 55, 47, 110, 127, 85, 57, 106, 149, 179, 157, 12, 147, 135, 148, 104, 107, 56, 54, 28, 41, 71, 53, 136, 204, 69, 177, 185, 207, 51, 15, 172, 74, 189, 1, 20, 100, 168, 101, 158, 14, 81, 73, 132, 91, 167, 142, 68, 169, 180, 137, 212, 52, 198, 37, 82, 216, 194, 66, 75, 11, 17, 83, 140, 199, 155]",57,47,25,794.606,141,100,0.01,0.5,10
SimulatedAnnealing,T100_a0.5_i10,large_02.txt,15,200,7,321,1470,"[104, 155, 9, 206, 98, 222, 3, 105, 13, 175, 83, 194, 82, 5, 52, 134, 45, 103, 66, 65, 6, 19, 146, 178, 22, 153, 113, 215, 141, 102, 10, 50, 183, 90, 30, 59, 11, 156, 111, 99, 27, 43, 77, 197, 1, 169, 0, 220, 87, 101, 188, 162, 163, 145, 203, 15, 201, 224, 23, 108, 95, 190, 117, 60, 16, 139, 174, 149, 69, 112, 124, 205, 160, 36, 157, 154, 20, 129, 51, 133, 181, 167, 123, 75, 48, 39, 164, 199, 86, 159, 72, 202, 73, 79, 37, 213, 70, 172, 74, 127, 54, 166, 158, 2, 152, 122, 107, 40, 138, 81, 56, 76, 126, 115, 24, 143, 67, 38, 131, 93, 114, 136, 184, 179, 161, 217, 165, 8, 34, 33, 130, 132, 58, 171, 55, 62, 147, 192, 116, 186, 137, 57, 53, 106, 211, 44, 170, 80, 42, 120, 21, 214, 198, 4, 7, 140, 150, 78, 96, 32, 210, 128, 207, 185, 14, 35, 26, 17, 121, 91, 88, 216, 89, 135, 71, 119, 200, 182, 109, 46, 61, 28, 142, 18, 173, 92, 219, 204, 29, 218, 148, 221, 212, 64, 94, 118, 85, 187, 49, 125]",71,30,23,815.087,141,100,0.01,0.5,10
SimulatedAnnealing,T100_a0.5_i10,large_02.txt,15,200,8,808,1510,"[162, 91, 134, 14, 67, 126, 80, 174, 107, 106, 110, 114, 127, 128, 75, 131, 6, 18, 66, 170, 207, 177, 143, 99, 172, 43, 163, 132, 166, 21, 167, 26, 199, 186, 13, 116, 89, 180, 27, 38, 193, 85, 188, 77, 49, 179, 25, 46, 121, 219, 54, 92, 37, 223, 56, 196, 40, 72, 88, 8, 69, 30, 159, 113, 215, 28, 168, 84, 165, 217, 120, 41, 61, 211, 190, 181, 65, 45, 3, 29, 48, 20, 151, 209, 213, 31, 64, 22, 191, 198, 154, 155, 183, 73, 206, 153, 90, 70, 24, 86, 16, 195, 214, 44, 222, 34, 95, 7, 185, 0, 109, 187, 102, 189, 147, 176, 15, 224, 202, 118, 71, 100, 52, 157, 178, 221, 103, 152, 33, 122, 78, 59, 218, 82, 94, 96, 50, 63, 137, 79, 201, 62, 58, 130, 93, 203, 175, 140, 111, 139, 1, 4, 87, 117, 182, 104, 184, 108, 142, 138, 216, 47, 97, 11, 105, 74, 12, 98, 220, 169, 161, 136, 76, 39, 125, 32, 212, 173, 35, 129, 145, 210, 204, 42, 141, 9, 55, 2, 150, 160, 19, 124, 144, 51, 197, 53, 23, 5, 148, 10]",58,41,26,780.493,141,100,0.01,0.5,10
SimulatedAnnealing,T100_a0.5_i10,large_02.txt,15,200,9,777,1550,"[88, 83, 165, 154, 5, 93, 173, 221, 156, 179, 155, 76, 46, 182, 3, 215, 39, 52, 56, 151, 132, 186, 7, 30, 6, 160, 137, 178, 191, 220, 205, 177, 66, 101, 48, 170, 202, 117, 166, 80, 2, 4, 34, 33, 11, 224, 181, 195, 64, 146, 188, 95, 201, 126, 123, 222, 121, 82, 150, 107, 23, 24, 99, 217, 190, 18, 193, 90, 133, 60, 35, 219, 116, 68, 111, 180, 200, 47, 70, 77, 213, 12, 125, 183, 59, 40, 21, 72, 51, 75, 19, 128, 138, 38, 172, 97, 214, 164, 105, 20, 134, 208, 49, 211, 110, 106, 113, 120, 163, 130, 62, 84, 152, 42, 223, 74, 17, 175, 91, 119, 185, 204, 174, 108, 157, 198, 131, 187, 13, 14, 87, 184, 65, 36, 103, 54, 199, 140, 142, 206, 168, 167, 29, 114, 136, 1, 9, 69, 102, 44, 218, 158, 197, 81, 189, 100, 216, 176, 122, 45, 96, 28, 41, 144, 196, 31, 112, 212, 43, 209, 210, 50, 127, 25, 10, 203, 139, 162, 61, 78, 92, 94, 37, 8, 58, 169, 32, 115, 79, 89, 207, 161, 27, 109, 149, 98, 171, 53, 85, 0]",60,43,26,781.365,141,100,0.01,0.5,10
SimulatedAnnealing,T100_a0.5_i10,large_02.txt,15,200,10,2024,1480,"[189, 216, 71, 157, 73, 2, 194, 171, 3, 222, 78, 96, 195, 81, 18, 184, 164, 146, 125, 166, 137, 67, 116, 135, 24, 59, 199, 65, 21, 133, 202, 46, 76, 85, 144, 35, 91, 42, 23, 136, 165, 155, 75, 98, 217, 47, 112, 138, 97, 53, 99, 39, 206, 6, 92, 70, 131, 103, 192, 215, 140, 196, 124, 193, 54, 68, 22, 179, 57, 20, 162, 134, 181, 101, 64, 11, 26, 120, 159, 7, 145, 151, 108, 15, 48, 69, 141, 186, 220, 45, 88, 154, 221, 77, 49, 110, 27, 63, 74, 115, 32, 149, 178, 72, 158, 25, 170, 130, 224, 127, 51, 80, 191, 201, 17, 143, 163, 185, 5, 114, 100, 89, 128, 107, 204, 168, 50, 182, 16, 214, 38, 8, 55, 177, 208, 61, 153, 82, 13, 150, 126, 0, 175, 213, 36, 183, 94, 172, 1, 90, 118, 60, 41, 174, 28, 102, 104, 210, 122, 34, 4, 14, 10, 117, 58, 123, 111, 132, 169, 198, 109, 19, 207, 84, 197, 12, 83, 219, 31, 190, 205, 160, 30, 209, 105, 44, 212, 37, 167, 121, 119, 106, 87, 52, 187, 86, 33, 176, 180, 203]",65,31,26,808.583,141,100,0.01,0.5,10
SimulatedAnnealing,T100_a0.5_i15,large_02.txt,15,200,1,42,1390,"[122, 112, 2, 90, 13, 10, 31, 114, 59, 100, 95, 6, 135, 73, 176, 44, 161, 187, 142, 55, 5, 149, 104, 168, 188, 49, 217, 191, 194, 139, 105, 85, 124, 178, 125, 119, 36, 143, 195, 15, 126, 92, 116, 77, 109, 222, 134, 146, 76, 84, 29, 97, 138, 196, 106, 12, 38, 72, 79, 27, 98, 82, 17, 115, 153, 64, 21, 7, 189, 162, 159, 165, 89, 53, 34, 129, 136, 213, 220, 32, 68, 174, 181, 48, 131, 91, 22, 166, 69, 155, 130, 19, 45, 201, 8, 171, 39, 117, 216, 121, 51, 65, 43, 214, 172, 47, 163, 210, 86, 28, 4, 0, 123, 108, 193, 56, 152, 173, 42, 206, 57, 113, 180, 183, 120, 54, 93, 16, 144, 102, 103, 208, 157, 14, 140, 127, 185, 88, 9, 40, 23, 63, 221, 18, 218, 199, 154, 212, 41, 224, 145, 184, 167, 25, 204, 83, 11, 58, 3, 177, 78, 205, 80, 158, 160, 75, 141, 74, 96, 111, 137, 67, 20, 118, 202, 164, 35, 24, 30, 182, 215, 156, 62, 175, 190, 87, 209, 170, 148, 81, 71, 203, 46, 207, 107, 94, 179, 70, 61, 50]",55,42,21,1193.691,211,100,0.01,0.5,15
SimulatedAnnealing,T100_a0.5_i15,large_02.txt,15,200,2,7,1450,"[116, 221, 208, 193, 178, 22, 102, 220, 65, 155, 128, 67, 5, 165, 172, 219, 68, 107, 126, 32, 16, 111, 61, 157, 77, 132, 170, 37, 86, 71, 99, 91, 211, 125, 13, 197, 150, 189, 0, 57, 6, 105, 50, 112, 190, 168, 90, 69, 70, 47, 43, 206, 129, 205, 81, 118, 135, 182, 115, 66, 122, 175, 113, 110, 195, 33, 73, 14, 75, 79, 108, 166, 117, 88, 60, 174, 158, 120, 53, 83, 84, 55, 18, 35, 3, 51, 215, 100, 133, 97, 7, 152, 162, 94, 85, 27, 89, 17, 213, 179, 21, 188, 183, 2, 44, 148, 49, 41, 184, 198, 64, 130, 222, 224, 218, 164, 20, 15, 173, 106, 143, 28, 186, 191, 45, 144, 40, 156, 159, 217, 139, 92, 141, 10, 36, 210, 42, 187, 223, 212, 103, 39, 26, 9, 114, 96, 8, 134, 154, 138, 12, 137, 176, 63, 93, 124, 177, 136, 181, 1, 109, 192, 185, 52, 216, 194, 104, 74, 140, 95, 101, 209, 163, 180, 149, 87, 54, 29, 204, 142, 34, 30, 121, 131, 76, 201, 38, 78, 11, 59, 200, 25, 19, 147, 24, 214, 160, 161, 203, 31]",59,36,25,1201.861,211,100,0.01,0.5,15
SimulatedAnnealing,T100_a0.5_i15,large_02.txt,15,200,3,13,1400,"[84, 47, 148, 40, 58, 123, 171, 223, 52, 145, 63, 106, 120, 172, 216, 111, 98, 158, 206, 95, 6, 119, 150, 186, 97, 75, 19, 36, 29, 22, 1, 197, 140, 105, 73, 31, 69, 170, 130, 209, 44, 5, 200, 107, 191, 65, 85, 83, 62, 169, 152, 2, 174, 79, 92, 7, 132, 182, 211, 143, 220, 109, 53, 160, 42, 32, 166, 10, 214, 121, 146, 35, 168, 212, 173, 96, 39, 16, 138, 199, 207, 139, 56, 88, 129, 135, 76, 82, 11, 8, 157, 28, 108, 12, 48, 195, 24, 196, 23, 134, 81, 151, 64, 161, 4, 153, 122, 33, 14, 179, 9, 27, 13, 187, 176, 162, 217, 193, 21, 25, 159, 87, 68, 131, 183, 190, 177, 89, 61, 55, 155, 149, 215, 222, 94, 213, 20, 30, 0, 221, 118, 180, 86, 126, 103, 201, 128, 184, 60, 185, 125, 147, 110, 192, 67, 17, 117, 163, 72, 90, 133, 38, 51, 204, 45, 137, 78, 112, 34, 156, 141, 114, 66, 77, 189, 104, 101, 57, 224, 203, 71, 93, 218, 194, 144, 208, 124, 127, 70, 41, 219, 49, 165, 115, 99, 178, 46, 210, 3, 100]",63,27,25,1215.277,211,100,0.01,0.5,15
SimulatedAnnealing,T100_a0.5_i15,large_02.txt,15,200,4,99,1500,"[175, 143, 141, 29, 1, 51, 174, 15, 207, 67, 208, 73, 42, 162, 129, 57, 2, 3, 182, 154, 125, 82, 7, 87, 163, 0, 76, 19, 60, 40, 25, 168, 140, 45, 97, 37, 216, 130, 218, 199, 173, 177, 103, 158, 100, 61, 113, 41, 33, 77, 151, 83, 167, 185, 196, 99, 178, 30, 155, 20, 62, 135, 13, 115, 6, 8, 22, 91, 197, 180, 198, 122, 75, 108, 150, 217, 166, 104, 153, 39, 157, 101, 165, 88, 36, 50, 11, 179, 26, 53, 186, 93, 96, 139, 159, 27, 200, 54, 34, 190, 161, 176, 201, 189, 23, 46, 212, 124, 222, 149, 156, 102, 205, 81, 66, 71, 112, 28, 123, 210, 131, 132, 192, 18, 48, 12, 98, 38, 68, 204, 138, 160, 152, 183, 56, 65, 134, 195, 14, 164, 181, 133, 114, 194, 209, 147, 170, 116, 202, 214, 224, 203, 16, 43, 17, 4, 9, 206, 128, 191, 35, 32, 215, 223, 69, 89, 94, 171, 95, 127, 84, 193, 63, 136, 92, 52, 44, 144, 142, 49, 105, 172, 80, 120, 187, 59, 24, 5, 21, 31, 109, 220, 169, 118, 146, 111, 70, 213, 79, 55]",64,36,25,1193.229,211,100,0.01,0.5,15
SimulatedAnnealing,T100_a0.5_i15,large_02.txt,15,200,5,1234,1300,"[7, 224, 14, 79, 3, 110, 47, 81, 31, 95, 214, 15, 192, 215, 164, 102, 124, 10, 43, 91, 156, 121, 155, 147, 163, 127, 196, 167, 122, 33, 154, 151, 76, 148, 89, 179, 142, 114, 30, 140, 186, 160, 46, 1, 153, 168, 120, 71, 150, 26, 173, 83, 183, 103, 220, 52, 109, 184, 159, 101, 108, 213, 197, 80, 12, 137, 136, 92, 189, 217, 206, 133, 40, 48, 205, 166, 149, 144, 67, 78, 38, 11, 9, 176, 18, 125, 34, 117, 177, 185, 44, 178, 123, 98, 21, 180, 69, 207, 35, 219, 61, 2, 77, 0, 116, 132, 181, 60, 113, 193, 162, 57, 65, 4, 202, 146, 134, 115, 72, 174, 187, 73, 188, 13, 59, 126, 74, 87, 200, 128, 107, 29, 55, 20, 25, 39, 175, 45, 141, 190, 106, 201, 28, 210, 172, 152, 51, 143, 53, 223, 222, 24, 165, 216, 118, 8, 19, 27, 42, 96, 195, 66, 85, 90, 161, 130, 88, 135, 100, 50, 105, 191, 68, 209, 139, 171, 86, 112, 54, 62, 212, 49, 131, 22, 93, 158, 58, 119, 138, 194, 16, 203, 64, 41, 97, 17, 182, 36, 169, 221]",44,40,23,1180.542,211,100,0.01,0.5,15
SimulatedAnnealing,T100_a0.5_i15,large_02.txt,15,200,6,555,1410,"[203, 50, 188, 30, 2, 39, 6, 4, 219, 11, 129, 192, 178, 23, 102, 221, 166, 31, 193, 159, 46, 151, 78, 16, 224, 25, 56, 27, 64, 187, 182, 21, 99, 167, 146, 114, 48, 119, 139, 110, 95, 79, 212, 220, 170, 89, 38, 26, 111, 160, 120, 215, 115, 184, 128, 42, 57, 24, 161, 101, 190, 5, 103, 3, 174, 175, 150, 59, 144, 88, 109, 124, 133, 61, 131, 44, 141, 218, 43, 200, 36, 35, 143, 168, 195, 67, 208, 93, 202, 9, 176, 112, 191, 222, 137, 132, 173, 152, 60, 22, 87, 206, 86, 49, 83, 171, 52, 189, 164, 163, 153, 123, 116, 7, 126, 197, 77, 65, 18, 0, 80, 113, 47, 40, 90, 19, 96, 118, 70, 134, 210, 138, 154, 13, 186, 55, 62, 217, 127, 85, 121, 82, 149, 179, 156, 12, 147, 135, 17, 20, 106, 98, 92, 28, 41, 71, 53, 136, 204, 69, 177, 185, 207, 51, 15, 172, 74, 214, 1, 104, 199, 205, 54, 158, 94, 81, 29, 162, 91, 211, 142, 68, 169, 180, 125, 213, 32, 198, 37, 107, 216, 194, 66, 75, 45, 148, 201, 140, 84, 155]",57,38,23,1175.944,211,100,0.01,0.5,15
SimulatedAnnealing,T100_a0.5_i15,large_02.txt,15,200,7,321,1390,"[104, 79, 9, 177, 4, 56, 196, 34, 13, 165, 64, 194, 82, 5, 52, 134, 45, 201, 88, 65, 6, 84, 146, 110, 22, 153, 113, 215, 141, 102, 154, 50, 183, 83, 30, 59, 11, 12, 111, 100, 27, 43, 121, 24, 1, 169, 0, 74, 20, 108, 188, 162, 128, 163, 203, 15, 103, 136, 23, 127, 95, 190, 53, 60, 16, 139, 174, 149, 69, 202, 124, 205, 41, 36, 157, 10, 97, 172, 3, 133, 181, 147, 178, 75, 68, 39, 218, 208, 29, 159, 72, 150, 87, 44, 37, 199, 70, 129, 220, 51, 54, 166, 155, 2, 152, 123, 107, 145, 116, 81, 222, 19, 189, 115, 197, 143, 67, 38, 131, 93, 114, 224, 184, 106, 161, 217, 151, 8, 126, 33, 130, 132, 58, 171, 55, 62, 57, 192, 122, 186, 137, 176, 99, 179, 25, 46, 170, 80, 42, 120, 21, 214, 198, 212, 7, 140, 160, 78, 96, 32, 210, 40, 207, 185, 14, 90, 112, 17, 73, 91, 66, 216, 156, 135, 71, 119, 200, 182, 109, 195, 221, 28, 98, 18, 173, 167, 219, 204, 86, 211, 101, 61, 142, 180, 94, 118, 85, 187, 49, 125]",68,25,23,1210.113,211,100,0.01,0.5,15
SimulatedAnnealing,T100_a0.5_i15,large_02.txt,15,200,8,808,1400,"[11, 91, 134, 14, 47, 126, 80, 62, 107, 106, 198, 114, 184, 128, 127, 95, 6, 73, 66, 61, 207, 177, 215, 154, 165, 173, 84, 8, 175, 21, 72, 26, 199, 133, 13, 116, 89, 180, 63, 38, 189, 166, 86, 77, 171, 179, 25, 192, 121, 39, 135, 92, 37, 223, 76, 196, 41, 203, 216, 217, 69, 139, 222, 138, 197, 28, 112, 71, 143, 104, 120, 158, 88, 211, 190, 181, 205, 45, 3, 20, 40, 51, 57, 209, 213, 31, 64, 2, 191, 0, 65, 49, 183, 149, 206, 29, 90, 70, 24, 157, 98, 27, 68, 44, 159, 174, 81, 7, 185, 18, 109, 187, 102, 54, 147, 176, 15, 136, 193, 118, 163, 100, 186, 94, 178, 221, 103, 23, 33, 122, 82, 59, 218, 101, 55, 96, 50, 195, 137, 156, 115, 146, 155, 161, 93, 194, 202, 140, 111, 60, 1, 4, 22, 117, 188, 113, 83, 108, 142, 110, 43, 201, 172, 162, 105, 74, 12, 16, 220, 169, 130, 204, 56, 219, 125, 32, 212, 42, 35, 129, 152, 210, 79, 75, 48, 9, 131, 87, 150, 167, 123, 124, 144, 67, 119, 53, 145, 5, 148, 10]",51,41,24,1206.257,211,100,0.01,0.5,15
SimulatedAnnealing,T100_a0.5_i15,large_02.txt,15,200,9,777,1510,"[88, 83, 211, 154, 5, 93, 173, 129, 102, 179, 155, 76, 46, 182, 91, 215, 39, 52, 56, 113, 199, 186, 175, 29, 132, 160, 137, 71, 191, 220, 205, 77, 66, 194, 158, 30, 24, 188, 166, 80, 167, 4, 34, 33, 87, 224, 90, 195, 142, 84, 190, 104, 201, 126, 109, 222, 121, 15, 150, 107, 202, 145, 99, 81, 73, 217, 200, 171, 60, 23, 35, 219, 116, 68, 105, 180, 128, 47, 70, 177, 63, 12, 176, 183, 125, 40, 216, 72, 51, 75, 62, 82, 153, 38, 172, 97, 214, 127, 17, 20, 61, 7, 108, 165, 95, 106, 21, 120, 163, 130, 43, 146, 152, 42, 223, 74, 86, 135, 3, 119, 185, 204, 174, 192, 157, 111, 41, 0, 13, 14, 19, 184, 65, 36, 103, 54, 6, 138, 64, 206, 168, 2, 193, 114, 136, 1, 141, 69, 156, 44, 218, 170, 197, 18, 49, 100, 148, 48, 122, 140, 96, 28, 26, 117, 79, 31, 112, 212, 178, 189, 210, 45, 159, 25, 10, 203, 139, 162, 124, 78, 92, 94, 37, 8, 58, 169, 118, 115, 57, 53, 207, 161, 27, 123, 149, 98, 181, 50, 85, 187]",60,37,27,1178.083,211,100,0.01,0.5,15
SimulatedAnnealing,T100_a0.5_i15,large_02.txt,15,200,10,2024,1490,"[189, 216, 71, 67, 194, 2, 192, 171, 46, 222, 142, 96, 85, 81, 65, 184, 164, 146, 138, 56, 113, 154, 116, 128, 24, 186, 185, 124, 224, 166, 212, 1, 177, 147, 77, 188, 91, 42, 22, 135, 165, 208, 109, 213, 30, 47, 123, 125, 223, 99, 87, 218, 18, 6, 207, 4, 217, 103, 200, 215, 51, 196, 137, 73, 23, 3, 121, 150, 40, 144, 157, 13, 55, 101, 64, 11, 141, 204, 195, 7, 131, 210, 108, 202, 48, 57, 26, 74, 220, 45, 187, 25, 134, 15, 49, 110, 27, 63, 104, 115, 32, 129, 33, 72, 145, 95, 90, 130, 176, 155, 82, 54, 191, 201, 106, 143, 50, 221, 5, 162, 173, 44, 66, 211, 105, 168, 39, 182, 178, 79, 38, 119, 80, 76, 16, 163, 153, 52, 161, 179, 53, 118, 175, 98, 36, 183, 94, 172, 34, 93, 59, 60, 41, 174, 197, 107, 100, 151, 209, 9, 68, 160, 10, 70, 206, 0, 148, 156, 17, 198, 102, 19, 35, 88, 28, 12, 83, 219, 31, 190, 205, 14, 89, 127, 214, 43, 117, 112, 158, 21, 170, 199, 126, 169, 111, 86, 132, 84, 180, 139]",62,35,26,1194.282,211,100,0.01,0.5,15
SimulatedAnnealing,T100_a0.5_i25,large_02.txt,15,200,1,42,1240,"[122, 66, 2, 7, 45, 129, 9, 5, 34, 6, 96, 11, 124, 43, 176, 193, 161, 187, 152, 53, 119, 160, 91, 168, 188, 211, 217, 191, 194, 60, 218, 140, 132, 55, 125, 24, 145, 21, 8, 163, 114, 118, 110, 77, 85, 213, 135, 146, 76, 84, 94, 115, 138, 1, 186, 12, 130, 67, 52, 36, 164, 16, 156, 10, 100, 64, 93, 90, 20, 192, 158, 104, 89, 215, 59, 183, 190, 14, 220, 86, 105, 166, 46, 205, 175, 131, 134, 63, 185, 155, 204, 19, 28, 136, 13, 171, 148, 224, 61, 72, 51, 39, 107, 23, 103, 47, 150, 210, 50, 169, 201, 0, 40, 219, 82, 56, 142, 173, 26, 159, 37, 108, 203, 106, 221, 54, 199, 154, 144, 165, 127, 208, 178, 79, 197, 4, 111, 88, 27, 65, 97, 196, 41, 18, 184, 70, 83, 212, 95, 174, 49, 68, 143, 25, 30, 42, 74, 109, 172, 180, 133, 181, 80, 182, 149, 75, 101, 22, 177, 31, 121, 202, 207, 62, 48, 92, 35, 33, 222, 206, 112, 153, 195, 214, 102, 87, 209, 151, 81, 29, 71, 57, 78, 15, 120, 126, 179, 128, 141, 162]",65,19,20,2007.403,351,100,0.01,0.5,25
SimulatedAnnealing,T100_a0.5_i25,large_02.txt,15,200,2,7,1320,"[216, 111, 208, 162, 87, 172, 102, 198, 157, 80, 128, 154, 5, 193, 22, 219, 11, 23, 12, 118, 50, 65, 126, 84, 77, 132, 187, 37, 185, 71, 45, 42, 125, 121, 13, 116, 150, 189, 110, 19, 6, 52, 167, 86, 190, 168, 90, 58, 70, 179, 148, 94, 39, 16, 165, 8, 46, 182, 135, 105, 144, 175, 73, 123, 28, 117, 151, 3, 0, 69, 108, 18, 57, 61, 195, 149, 91, 222, 54, 115, 68, 55, 29, 36, 127, 210, 211, 100, 49, 97, 7, 152, 196, 106, 202, 33, 27, 31, 203, 47, 188, 99, 183, 191, 89, 59, 81, 41, 184, 220, 51, 130, 221, 143, 17, 75, 166, 64, 173, 85, 112, 207, 62, 133, 21, 119, 200, 224, 181, 88, 139, 60, 44, 10, 4, 96, 178, 145, 104, 212, 43, 98, 169, 9, 114, 1, 170, 122, 66, 138, 32, 137, 205, 174, 93, 159, 177, 14, 40, 72, 109, 199, 160, 56, 197, 218, 156, 74, 113, 171, 92, 209, 147, 180, 38, 26, 82, 120, 204, 142, 136, 30, 95, 131, 76, 201, 146, 78, 15, 217, 124, 34, 48, 163, 153, 107, 20, 161, 213, 53]",54,32,23,2032.529,351,100,0.01,0.5,25
SimulatedAnnealing,T100_a0.5_i25,large_02.txt,15,200,3,13,1290,"[210, 106, 58, 168, 148, 123, 171, 223, 52, 12, 63, 190, 97, 133, 216, 111, 68, 101, 206, 138, 180, 119, 150, 188, 85, 113, 30, 47, 29, 103, 1, 154, 88, 105, 73, 136, 135, 99, 98, 209, 59, 5, 200, 107, 191, 65, 145, 69, 91, 169, 26, 220, 215, 82, 64, 7, 96, 182, 211, 143, 62, 164, 53, 54, 42, 32, 166, 10, 24, 121, 43, 35, 55, 212, 173, 125, 39, 70, 129, 199, 50, 139, 56, 140, 224, 83, 201, 79, 218, 8, 157, 28, 108, 84, 48, 195, 214, 196, 160, 76, 81, 151, 202, 161, 4, 153, 179, 33, 14, 147, 9, 27, 13, 115, 175, 162, 217, 193, 71, 60, 159, 87, 23, 131, 183, 36, 177, 2, 67, 167, 155, 120, 174, 222, 6, 213, 186, 17, 0, 126, 118, 94, 80, 221, 18, 134, 127, 205, 25, 185, 78, 15, 109, 192, 158, 19, 117, 11, 72, 90, 44, 38, 181, 204, 45, 137, 51, 112, 34, 156, 141, 114, 66, 77, 172, 104, 100, 57, 95, 203, 21, 93, 163, 194, 144, 208, 124, 31, 74, 41, 219, 49, 165, 187, 110, 178, 46, 128, 3, 149]",58,23,24,2003.012,351,100,0.01,0.5,25
SimulatedAnnealing,T100_a0.5_i25,large_02.txt,15,200,4,99,1340,"[60, 65, 100, 13, 1, 0, 79, 155, 217, 109, 195, 61, 57, 162, 129, 51, 208, 3, 209, 114, 125, 82, 30, 87, 194, 44, 5, 15, 130, 215, 25, 76, 179, 163, 197, 37, 187, 216, 188, 224, 69, 218, 17, 158, 221, 160, 113, 70, 7, 77, 94, 83, 167, 22, 119, 120, 177, 4, 68, 97, 62, 135, 55, 115, 147, 150, 64, 91, 178, 10, 23, 122, 185, 148, 32, 84, 193, 104, 123, 198, 75, 153, 138, 161, 213, 50, 11, 34, 168, 53, 173, 93, 182, 139, 159, 36, 200, 164, 124, 190, 143, 176, 101, 106, 219, 46, 81, 169, 141, 149, 156, 29, 205, 212, 6, 71, 128, 170, 103, 21, 33, 132, 9, 43, 48, 12, 98, 146, 72, 204, 112, 73, 222, 183, 86, 152, 134, 40, 118, 54, 181, 133, 126, 63, 85, 88, 137, 95, 202, 214, 199, 117, 26, 66, 41, 19, 192, 206, 165, 16, 78, 2, 189, 223, 102, 89, 140, 171, 191, 174, 20, 8, 180, 136, 92, 52, 107, 145, 142, 49, 105, 172, 80, 116, 207, 59, 28, 56, 210, 31, 58, 220, 45, 14, 121, 111, 127, 99, 201, 24]",56,32,23,1947.564,351,100,0.01,0.5,25
SimulatedAnnealing,T100_a0.5_i25,large_02.txt,15,200,5,1234,1260,"[7, 224, 177, 79, 10, 153, 106, 188, 62, 187, 113, 201, 164, 215, 41, 156, 176, 3, 18, 91, 142, 4, 196, 46, 163, 220, 57, 93, 59, 33, 15, 199, 94, 221, 21, 8, 136, 114, 130, 150, 48, 160, 39, 179, 165, 12, 53, 71, 194, 216, 101, 83, 66, 149, 64, 52, 109, 80, 159, 171, 108, 19, 6, 213, 69, 61, 217, 14, 168, 1, 58, 148, 155, 180, 40, 166, 190, 219, 181, 27, 16, 11, 147, 50, 211, 125, 34, 141, 145, 32, 44, 120, 99, 157, 195, 76, 17, 200, 35, 112, 29, 222, 77, 0, 124, 178, 67, 43, 214, 193, 206, 205, 60, 54, 197, 223, 95, 115, 167, 68, 100, 73, 104, 116, 122, 198, 137, 31, 185, 128, 24, 92, 55, 20, 74, 207, 175, 45, 127, 78, 47, 132, 26, 110, 172, 70, 51, 22, 102, 162, 208, 90, 173, 146, 183, 105, 103, 158, 88, 96, 151, 139, 204, 210, 152, 30, 28, 135, 85, 98, 23, 191, 174, 209, 189, 184, 86, 144, 123, 87, 212, 49, 131, 81, 170, 13, 111, 119, 138, 134, 169, 203, 75, 89, 97, 5, 182, 36, 25, 38]",49,31,23,1946.637,351,100,0.01,0.5,25
SimulatedAnnealing,T100_a0.5_i25,large_02.txt,15,200,6,555,1300,"[7, 63, 44, 175, 46, 39, 14, 4, 219, 25, 82, 192, 156, 201, 119, 221, 117, 194, 208, 164, 21, 223, 101, 11, 71, 94, 69, 8, 64, 109, 182, 2, 99, 26, 190, 121, 165, 97, 87, 154, 95, 79, 29, 206, 167, 137, 38, 168, 114, 58, 130, 166, 53, 211, 187, 42, 57, 155, 161, 174, 83, 129, 80, 3, 68, 51, 150, 48, 108, 49, 61, 85, 34, 149, 198, 209, 50, 132, 52, 218, 41, 35, 12, 183, 195, 0, 215, 159, 72, 9, 203, 112, 191, 222, 16, 185, 173, 169, 60, 136, 213, 45, 86, 98, 120, 176, 36, 55, 210, 163, 10, 1, 31, 96, 126, 5, 77, 102, 193, 135, 158, 113, 200, 32, 90, 116, 128, 118, 204, 202, 170, 125, 196, 143, 181, 19, 47, 110, 127, 6, 30, 123, 184, 179, 145, 115, 147, 67, 224, 93, 107, 56, 92, 23, 40, 65, 134, 146, 214, 142, 177, 160, 188, 152, 15, 106, 74, 27, 153, 89, 100, 205, 78, 178, 122, 37, 111, 162, 91, 212, 171, 199, 24, 180, 20, 139, 43, 59, 81, 141, 216, 33, 66, 186, 133, 148, 75, 73, 76, 13]",48,34,24,1938.283,351,100,0.01,0.5,25
SimulatedAnnealing,T100_a0.5_i25,large_02.txt,15,200,7,321,1390,"[104, 118, 9, 222, 145, 56, 3, 47, 13, 211, 58, 194, 82, 5, 52, 134, 202, 179, 207, 17, 30, 63, 146, 101, 22, 187, 61, 215, 111, 102, 203, 50, 192, 90, 182, 59, 93, 177, 132, 100, 156, 154, 136, 197, 148, 213, 41, 74, 97, 69, 188, 77, 14, 57, 200, 15, 183, 196, 198, 127, 123, 190, 53, 60, 16, 189, 174, 149, 108, 161, 124, 205, 208, 36, 157, 10, 20, 172, 11, 133, 181, 167, 178, 83, 98, 186, 218, 120, 130, 159, 43, 105, 168, 79, 37, 8, 70, 34, 220, 116, 54, 214, 19, 2, 152, 44, 107, 135, 87, 81, 165, 110, 158, 137, 24, 143, 67, 38, 131, 141, 114, 224, 184, 103, 151, 217, 95, 76, 121, 33, 29, 199, 75, 147, 55, 62, 144, 46, 26, 12, 115, 176, 117, 99, 106, 48, 122, 80, 169, 0, 21, 166, 23, 4, 7, 140, 129, 150, 96, 32, 210, 163, 66, 185, 128, 35, 209, 65, 25, 91, 112, 216, 89, 42, 71, 119, 201, 6, 109, 195, 113, 28, 72, 18, 68, 92, 219, 204, 86, 170, 125, 221, 180, 40, 94, 193, 85, 223, 49, 138]",60,33,23,1935.788,351,100,0.01,0.5,25
SimulatedAnnealing,T100_a0.5_i25,large_02.txt,15,200,8,808,1230,"[11, 91, 134, 14, 157, 144, 80, 109, 107, 82, 26, 143, 71, 128, 192, 88, 6, 52, 66, 20, 207, 67, 148, 99, 217, 159, 147, 25, 61, 1, 104, 158, 199, 15, 13, 116, 126, 180, 118, 149, 194, 45, 184, 77, 72, 179, 111, 202, 58, 160, 54, 204, 110, 97, 12, 196, 46, 167, 62, 205, 201, 222, 182, 59, 188, 174, 168, 84, 50, 2, 120, 115, 112, 211, 193, 181, 130, 171, 195, 197, 41, 40, 200, 224, 122, 48, 220, 30, 191, 0, 177, 105, 153, 56, 206, 187, 93, 70, 24, 4, 16, 189, 214, 7, 146, 34, 37, 64, 185, 18, 19, 183, 106, 73, 38, 176, 42, 119, 123, 75, 163, 100, 198, 113, 178, 221, 103, 223, 33, 213, 133, 74, 131, 137, 43, 90, 57, 127, 95, 156, 10, 142, 29, 135, 94, 86, 216, 140, 92, 162, 101, 96, 114, 117, 154, 28, 215, 44, 87, 121, 136, 47, 170, 139, 155, 68, 76, 98, 8, 169, 172, 60, 165, 39, 83, 32, 63, 102, 51, 129, 152, 210, 69, 36, 49, 9, 55, 22, 150, 173, 219, 124, 89, 164, 141, 5, 145, 53, 151, 23]",52,25,23,1926.445,351,100,0.01,0.5,25
SimulatedAnnealing,T100_a0.5_i25,large_02.txt,15,200,9,777,1350,"[142, 64, 165, 77, 5, 67, 173, 190, 159, 179, 155, 76, 29, 192, 91, 131, 75, 73, 1, 154, 132, 143, 181, 172, 90, 160, 10, 178, 191, 220, 96, 145, 120, 101, 134, 156, 12, 43, 26, 210, 16, 4, 141, 33, 11, 224, 22, 130, 2, 84, 111, 139, 189, 126, 49, 68, 37, 175, 150, 107, 170, 223, 110, 87, 213, 78, 194, 35, 8, 60, 97, 219, 136, 40, 105, 180, 135, 205, 25, 161, 69, 153, 215, 66, 128, 14, 218, 0, 42, 166, 19, 108, 201, 38, 34, 36, 52, 74, 174, 137, 212, 163, 23, 211, 206, 171, 80, 89, 140, 7, 62, 146, 196, 100, 124, 221, 217, 182, 54, 209, 185, 63, 17, 94, 109, 123, 214, 32, 13, 47, 3, 184, 82, 30, 199, 39, 6, 113, 198, 222, 168, 200, 118, 48, 186, 59, 129, 103, 207, 44, 169, 158, 102, 157, 167, 65, 216, 115, 122, 45, 176, 177, 53, 144, 106, 151, 85, 98, 152, 18, 188, 9, 95, 70, 51, 148, 127, 57, 50, 197, 92, 116, 138, 56, 81, 114, 72, 193, 164, 86, 147, 125, 27, 195, 202, 133, 119, 28, 149, 187]",48,37,25,1921.959,351,100,0.01,0.5,25
SimulatedAnnealing,T100_a0.5_i25,large_02.txt,15,200,10,2024,1330,"[119, 211, 113, 22, 9, 2, 192, 171, 30, 52, 55, 96, 195, 10, 125, 86, 18, 152, 40, 184, 63, 78, 37, 67, 24, 186, 199, 220, 73, 131, 158, 1, 76, 94, 144, 209, 91, 42, 68, 140, 57, 65, 139, 98, 97, 47, 34, 23, 157, 33, 108, 95, 137, 6, 15, 5, 136, 44, 25, 154, 80, 100, 203, 138, 54, 217, 121, 179, 166, 127, 58, 105, 48, 101, 117, 19, 32, 133, 221, 41, 145, 151, 104, 16, 56, 69, 13, 170, 200, 150, 223, 172, 188, 0, 49, 110, 43, 75, 155, 115, 134, 149, 27, 72, 167, 99, 88, 130, 224, 120, 50, 143, 3, 180, 17, 182, 163, 185, 114, 162, 212, 89, 70, 107, 204, 168, 181, 129, 178, 59, 38, 102, 74, 85, 177, 193, 153, 222, 66, 29, 14, 194, 122, 213, 36, 183, 90, 215, 20, 93, 175, 218, 7, 174, 126, 103, 123, 210, 39, 77, 21, 208, 214, 64, 206, 202, 190, 176, 118, 45, 189, 11, 35, 84, 28, 12, 83, 219, 31, 124, 205, 160, 46, 53, 216, 146, 92, 112, 141, 51, 148, 135, 62, 82, 198, 196, 132, 156, 201, 71]",53,34,23,1929.396,351,100,0.01,0.5,25
SimulatedAnnealing,T100_a0.7_i10,large_02.txt,15,200,1,42,1300,"[122, 91, 2, 163, 45, 192, 41, 95, 207, 221, 96, 47, 42, 34, 176, 150, 178, 187, 152, 101, 90, 111, 142, 149, 188, 85, 217, 191, 194, 139, 68, 71, 128, 93, 125, 5, 36, 172, 3, 123, 173, 43, 110, 77, 109, 38, 135, 146, 180, 84, 92, 10, 138, 196, 83, 12, 197, 79, 198, 145, 98, 124, 48, 115, 27, 76, 214, 0, 20, 57, 166, 165, 154, 199, 59, 106, 190, 215, 53, 81, 105, 174, 30, 28, 164, 131, 22, 155, 69, 8, 130, 19, 133, 201, 9, 171, 44, 100, 64, 103, 184, 65, 222, 208, 137, 73, 161, 210, 219, 169, 4, 6, 23, 56, 82, 32, 104, 162, 134, 132, 216, 108, 223, 62, 120, 54, 72, 16, 144, 63, 13, 156, 97, 14, 140, 136, 209, 88, 153, 39, 118, 86, 66, 18, 218, 70, 89, 212, 177, 224, 78, 51, 170, 11, 204, 33, 179, 58, 7, 94, 143, 181, 80, 182, 160, 205, 141, 60, 46, 31, 127, 117, 193, 67, 202, 49, 35, 24, 151, 129, 213, 114, 75, 52, 102, 87, 185, 167, 148, 40, 157, 203, 168, 159, 107, 126, 74, 206, 183, 50]",55,29,23,1428.174,261,100,0.01,0.7,10
SimulatedAnnealing,T100_a0.7_i10,large_02.txt,15,200,2,7,1370,"[12, 216, 208, 193, 178, 211, 102, 149, 65, 155, 89, 160, 5, 81, 53, 119, 1, 107, 72, 126, 215, 159, 61, 98, 77, 132, 115, 73, 86, 71, 99, 91, 191, 93, 13, 197, 25, 176, 110, 57, 6, 105, 50, 112, 190, 168, 90, 69, 70, 43, 221, 39, 129, 32, 165, 56, 23, 182, 166, 156, 122, 175, 157, 111, 60, 15, 167, 14, 75, 79, 82, 170, 48, 88, 30, 174, 158, 22, 172, 83, 62, 55, 18, 35, 224, 164, 196, 100, 133, 97, 7, 152, 125, 95, 202, 27, 128, 16, 213, 47, 45, 188, 136, 2, 44, 198, 106, 41, 184, 51, 64, 130, 222, 4, 40, 220, 20, 214, 173, 85, 143, 3, 186, 120, 21, 144, 37, 195, 127, 59, 139, 92, 141, 200, 207, 210, 42, 187, 223, 212, 58, 206, 169, 9, 114, 10, 8, 134, 154, 138, 28, 137, 31, 63, 162, 124, 177, 192, 181, 116, 109, 118, 185, 52, 49, 194, 104, 74, 140, 171, 101, 209, 163, 180, 148, 26, 38, 29, 204, 142, 34, 219, 80, 108, 205, 201, 146, 78, 117, 217, 145, 150, 19, 147, 46, 135, 67, 161, 203, 54]",58,33,23,1495.642,261,100,0.01,0.7,10
SimulatedAnnealing,T100_a0.7_i10,large_02.txt,15,200,3,13,1370,"[84, 47, 58, 40, 148, 123, 171, 223, 52, 145, 63, 106, 120, 64, 216, 111, 98, 109, 25, 95, 6, 119, 150, 186, 97, 75, 17, 36, 154, 22, 1, 197, 140, 105, 73, 31, 69, 99, 130, 209, 37, 5, 200, 107, 191, 65, 85, 83, 91, 169, 152, 2, 215, 79, 92, 7, 132, 182, 211, 143, 62, 158, 53, 160, 42, 32, 166, 10, 214, 121, 54, 35, 168, 212, 173, 44, 39, 16, 138, 201, 207, 139, 56, 88, 129, 135, 76, 82, 11, 8, 157, 28, 108, 12, 48, 195, 24, 196, 23, 134, 81, 151, 172, 161, 4, 153, 122, 33, 14, 179, 9, 27, 13, 187, 176, 162, 217, 193, 21, 206, 159, 87, 43, 131, 183, 190, 177, 220, 61, 55, 155, 149, 174, 222, 94, 213, 20, 30, 0, 221, 118, 180, 86, 126, 26, 199, 128, 184, 60, 185, 96, 147, 110, 192, 67, 19, 117, 163, 72, 90, 133, 38, 51, 204, 45, 137, 78, 112, 34, 156, 141, 114, 66, 77, 189, 104, 101, 57, 224, 203, 71, 93, 218, 194, 144, 208, 124, 127, 70, 41, 219, 49, 165, 115, 170, 178, 46, 210, 3, 100]",63,24,25,1512.219,261,100,0.01,0.7,10
SimulatedAnnealing,T100_a0.7_i10,large_02.txt,15,200,4,99,1350,"[60, 143, 141, 71, 1, 6, 75, 49, 104, 67, 208, 204, 42, 162, 129, 13, 186, 3, 163, 154, 125, 82, 7, 87, 17, 0, 47, 19, 175, 168, 25, 114, 58, 108, 97, 37, 91, 219, 213, 199, 218, 72, 4, 158, 144, 61, 113, 41, 69, 77, 217, 195, 167, 185, 196, 211, 179, 30, 157, 15, 62, 135, 191, 115, 145, 8, 45, 136, 178, 180, 198, 122, 170, 38, 150, 222, 166, 215, 126, 39, 173, 79, 138, 88, 36, 50, 11, 155, 44, 86, 2, 93, 96, 139, 159, 27, 200, 164, 46, 190, 109, 176, 201, 189, 80, 197, 105, 169, 151, 149, 156, 102, 205, 110, 66, 29, 112, 137, 212, 210, 131, 132, 192, 147, 48, 12, 98, 146, 28, 20, 165, 160, 90, 183, 221, 65, 134, 83, 188, 54, 182, 133, 193, 194, 209, 161, 85, 116, 202, 214, 224, 99, 73, 43, 26, 84, 9, 206, 128, 10, 203, 56, 181, 223, 33, 89, 140, 171, 95, 174, 153, 53, 152, 187, 92, 107, 63, 216, 142, 22, 81, 172, 23, 120, 207, 59, 177, 5, 21, 31, 40, 220, 124, 118, 34, 111, 127, 51, 70, 55]",52,35,24,1475.033,261,100,0.01,0.7,10
SimulatedAnnealing,T100_a0.7_i10,large_02.txt,15,200,5,1234,1340,"[7, 224, 14, 79, 10, 78, 47, 189, 42, 95, 123, 132, 41, 215, 164, 75, 161, 3, 18, 91, 126, 4, 37, 147, 163, 127, 199, 49, 122, 33, 154, 121, 94, 44, 153, 179, 142, 114, 30, 140, 168, 160, 146, 129, 17, 187, 201, 71, 145, 26, 173, 83, 183, 103, 117, 52, 109, 176, 36, 120, 69, 213, 197, 80, 12, 171, 136, 92, 214, 196, 58, 133, 40, 180, 48, 85, 169, 144, 67, 158, 51, 185, 9, 184, 223, 125, 34, 212, 73, 157, 208, 178, 98, 32, 28, 76, 112, 90, 181, 105, 81, 2, 77, 0, 204, 15, 35, 155, 113, 193, 19, 64, 61, 1, 192, 50, 99, 115, 72, 174, 104, 150, 116, 210, 59, 188, 21, 62, 70, 128, 23, 38, 55, 20, 74, 110, 175, 45, 84, 190, 106, 56, 25, 124, 195, 152, 205, 143, 101, 162, 207, 24, 170, 216, 107, 8, 82, 27, 31, 96, 202, 219, 166, 131, 43, 156, 6, 135, 100, 60, 198, 191, 68, 209, 139, 137, 86, 108, 54, 87, 217, 167, 165, 22, 218, 13, 118, 119, 138, 200, 65, 203, 57, 89, 93, 222, 182, 29, 149, 221]",60,28,23,1457.196,261,100,0.01,0.7,10
SimulatedAnnealing,T100_a0.7_i10,large_02.txt,15,200,6,555,1390,"[7, 50, 44, 30, 180, 39, 6, 4, 219, 8, 166, 120, 145, 58, 171, 221, 94, 31, 87, 196, 21, 151, 78, 176, 19, 27, 69, 22, 64, 187, 182, 2, 99, 63, 146, 202, 48, 88, 193, 200, 95, 79, 26, 188, 220, 89, 38, 194, 97, 135, 190, 215, 37, 184, 206, 42, 121, 102, 161, 101, 83, 5, 212, 3, 174, 175, 150, 59, 108, 55, 109, 66, 133, 61, 143, 35, 141, 218, 43, 36, 32, 223, 155, 168, 195, 192, 208, 104, 114, 9, 203, 112, 191, 222, 54, 132, 123, 152, 60, 137, 23, 98, 86, 84, 105, 158, 163, 189, 81, 115, 153, 173, 116, 139, 126, 197, 92, 159, 18, 0, 56, 144, 47, 40, 90, 33, 16, 118, 70, 134, 210, 138, 154, 13, 165, 130, 62, 217, 127, 85, 160, 172, 149, 179, 72, 12, 147, 57, 186, 201, 82, 111, 128, 28, 41, 71, 53, 136, 204, 49, 177, 185, 207, 51, 15, 106, 74, 214, 113, 20, 156, 205, 25, 181, 14, 45, 29, 162, 91, 211, 142, 68, 169, 46, 122, 73, 52, 198, 148, 107, 216, 170, 119, 164, 93, 17, 11, 140, 75, 125]",62,31,23,1442.174,261,100,0.01,0.7,10
SimulatedAnnealing,T100_a0.7_i10,large_02.txt,15,200,7,321,1370,"[104, 122, 9, 206, 44, 56, 3, 105, 13, 60, 83, 194, 168, 5, 52, 41, 45, 103, 66, 17, 182, 19, 173, 178, 22, 153, 61, 215, 141, 102, 203, 50, 192, 90, 30, 72, 11, 151, 176, 40, 134, 43, 126, 197, 1, 213, 100, 145, 97, 108, 188, 221, 163, 57, 196, 15, 189, 208, 23, 127, 95, 190, 53, 211, 16, 139, 174, 149, 69, 112, 124, 205, 160, 36, 157, 10, 20, 172, 0, 150, 73, 167, 99, 58, 98, 39, 218, 106, 200, 159, 59, 84, 82, 79, 209, 12, 70, 129, 220, 116, 54, 214, 175, 4, 152, 156, 107, 135, 110, 81, 222, 111, 158, 137, 24, 143, 67, 38, 131, 31, 114, 165, 184, 179, 161, 217, 154, 8, 34, 33, 130, 132, 75, 148, 55, 62, 144, 46, 140, 186, 115, 74, 101, 87, 117, 183, 164, 26, 169, 25, 21, 166, 198, 2, 7, 47, 125, 170, 96, 78, 210, 201, 207, 185, 80, 120, 37, 65, 121, 91, 88, 224, 89, 42, 71, 119, 191, 6, 109, 195, 113, 28, 64, 18, 63, 92, 219, 204, 86, 199, 123, 162, 142, 14, 94, 118, 85, 223, 49, 138]",58,33,23,1509.91,261,100,0.01,0.7,10
SimulatedAnnealing,T100_a0.7_i10,large_02.txt,15,200,8,808,1410,"[162, 91, 89, 14, 201, 144, 117, 190, 107, 198, 160, 114, 67, 68, 75, 115, 6, 116, 66, 46, 205, 177, 207, 99, 38, 48, 202, 25, 4, 21, 72, 26, 199, 182, 13, 204, 134, 84, 118, 165, 54, 166, 92, 77, 142, 56, 49, 170, 97, 219, 194, 40, 35, 20, 76, 196, 171, 98, 222, 8, 69, 44, 187, 110, 188, 28, 168, 42, 130, 51, 120, 157, 200, 211, 164, 137, 36, 45, 3, 132, 65, 172, 128, 209, 179, 93, 64, 2, 191, 0, 210, 155, 183, 127, 218, 153, 90, 70, 24, 63, 16, 223, 214, 88, 216, 34, 58, 7, 185, 82, 19, 135, 81, 189, 147, 176, 15, 224, 149, 27, 151, 100, 52, 41, 178, 221, 103, 30, 33, 143, 61, 167, 163, 101, 152, 60, 50, 17, 181, 104, 106, 146, 59, 80, 23, 203, 215, 140, 111, 94, 1, 217, 87, 180, 71, 113, 74, 108, 139, 121, 119, 47, 85, 11, 105, 83, 12, 95, 174, 169, 32, 158, 213, 122, 125, 175, 212, 195, 37, 18, 150, 86, 79, 208, 141, 9, 131, 22, 145, 173, 112, 124, 39, 43, 133, 53, 156, 5, 148, 10]",60,31,25,1452.854,261,100,0.01,0.7,10
SimulatedAnnealing,T100_a0.7_i10,large_02.txt,15,200,9,777,1370,"[88, 83, 211, 154, 5, 93, 173, 189, 17, 139, 146, 76, 9, 182, 91, 215, 19, 52, 56, 101, 199, 138, 59, 202, 132, 160, 137, 178, 191, 220, 205, 129, 118, 82, 48, 30, 29, 188, 55, 80, 60, 4, 53, 33, 87, 224, 181, 195, 140, 84, 122, 133, 14, 123, 126, 222, 121, 113, 150, 107, 63, 24, 166, 50, 92, 217, 190, 171, 26, 54, 106, 219, 38, 68, 105, 180, 42, 47, 70, 77, 94, 12, 221, 183, 208, 203, 64, 72, 51, 75, 71, 61, 153, 116, 172, 97, 36, 159, 110, 20, 192, 81, 108, 165, 89, 40, 2, 120, 163, 130, 169, 155, 152, 67, 223, 74, 57, 175, 66, 216, 27, 204, 174, 39, 157, 111, 41, 0, 13, 201, 37, 184, 65, 214, 103, 86, 6, 141, 145, 206, 168, 209, 90, 114, 136, 1, 46, 69, 102, 135, 218, 158, 197, 7, 186, 104, 193, 170, 85, 78, 11, 28, 131, 144, 164, 31, 112, 45, 198, 128, 210, 34, 15, 62, 10, 95, 179, 162, 167, 142, 18, 151, 96, 8, 58, 125, 32, 115, 79, 194, 212, 161, 185, 109, 149, 98, 119, 22, 127, 187]",57,28,26,1467.389,261,100,0.01,0.7,10
SimulatedAnnealing,T100_a0.7_i10,large_02.txt,15,200,10,2024,1240,"[92, 102, 71, 22, 73, 2, 59, 171, 3, 222, 43, 96, 9, 208, 10, 184, 164, 146, 125, 51, 103, 200, 116, 64, 24, 78, 221, 60, 88, 187, 202, 46, 76, 108, 144, 35, 91, 42, 94, 223, 127, 165, 75, 98, 113, 47, 34, 130, 81, 23, 138, 215, 13, 6, 62, 40, 214, 199, 203, 172, 16, 80, 137, 87, 95, 70, 121, 150, 4, 20, 25, 148, 157, 101, 217, 11, 155, 15, 159, 201, 93, 49, 86, 211, 48, 56, 26, 188, 72, 45, 180, 154, 176, 77, 151, 110, 27, 63, 191, 115, 193, 149, 36, 5, 29, 162, 104, 163, 195, 128, 82, 169, 58, 190, 17, 182, 61, 185, 220, 114, 100, 89, 85, 181, 204, 168, 158, 143, 21, 120, 38, 107, 31, 126, 55, 152, 153, 52, 69, 179, 54, 0, 118, 213, 67, 183, 111, 192, 112, 90, 175, 124, 41, 174, 135, 132, 197, 210, 39, 66, 68, 160, 65, 50, 206, 123, 166, 156, 139, 37, 109, 14, 219, 224, 28, 12, 83, 207, 140, 218, 18, 19, 30, 57, 1, 44, 99, 136, 32, 79, 198, 106, 145, 8, 133, 209, 7, 84, 33, 122]",50,30,22,1454.744,261,100,0.01,0.7,10
SimulatedAnnealing,T100_a0.7_i15,large_02.txt,15,200,1,42,1300,"[122, 66, 2, 7, 45, 129, 9, 193, 34, 100, 96, 6, 124, 62, 176, 41, 95, 79, 130, 88, 119, 160, 104, 17, 188, 222, 217, 116, 194, 131, 218, 153, 180, 85, 125, 216, 145, 140, 101, 99, 152, 52, 167, 77, 48, 197, 135, 146, 76, 84, 94, 10, 138, 196, 200, 12, 204, 67, 203, 36, 164, 16, 184, 115, 202, 172, 21, 90, 24, 56, 187, 165, 134, 168, 59, 4, 190, 199, 220, 211, 105, 166, 69, 33, 175, 93, 158, 28, 189, 155, 114, 19, 133, 136, 8, 171, 148, 224, 61, 72, 51, 39, 169, 23, 118, 47, 150, 210, 50, 18, 30, 0, 25, 192, 82, 46, 98, 186, 117, 159, 68, 108, 29, 106, 120, 221, 78, 154, 144, 63, 127, 208, 157, 14, 107, 54, 111, 183, 185, 65, 97, 32, 15, 89, 73, 70, 110, 143, 178, 174, 181, 213, 170, 86, 123, 42, 74, 223, 103, 109, 128, 147, 80, 182, 149, 205, 91, 60, 121, 31, 219, 13, 207, 141, 53, 92, 35, 20, 132, 26, 112, 173, 75, 156, 11, 87, 209, 113, 81, 40, 49, 195, 37, 151, 83, 126, 179, 44, 215, 162]",58,30,21,2180.342,391,100,0.01,0.7,15
SimulatedAnnealing,T100_a0.7_i15,large_02.txt,15,200,2,7,1360,"[29, 200, 208, 23, 87, 21, 44, 164, 118, 72, 17, 67, 5, 0, 172, 219, 206, 49, 187, 186, 139, 131, 170, 113, 77, 103, 155, 183, 185, 71, 47, 51, 112, 121, 13, 197, 171, 176, 30, 57, 6, 46, 12, 211, 92, 161, 3, 58, 70, 54, 144, 39, 129, 74, 165, 115, 102, 182, 162, 124, 157, 175, 146, 220, 109, 178, 105, 1, 75, 79, 55, 38, 179, 160, 195, 117, 158, 191, 53, 83, 65, 108, 169, 35, 196, 166, 125, 85, 73, 97, 7, 101, 33, 106, 119, 221, 128, 136, 152, 99, 149, 216, 11, 134, 48, 150, 81, 41, 184, 43, 148, 204, 123, 135, 93, 24, 215, 168, 173, 224, 143, 60, 153, 120, 22, 31, 82, 66, 14, 192, 2, 141, 218, 94, 4, 217, 15, 145, 223, 212, 18, 203, 19, 9, 114, 80, 126, 56, 154, 198, 20, 137, 199, 63, 190, 122, 147, 59, 40, 207, 37, 25, 84, 52, 188, 194, 132, 69, 140, 138, 86, 209, 159, 180, 32, 26, 64, 90, 130, 142, 34, 110, 111, 96, 205, 201, 42, 91, 45, 89, 16, 27, 78, 177, 181, 214, 163, 8, 127, 174]",58,28,25,2176.62,391,100,0.01,0.7,15
SimulatedAnnealing,T100_a0.7_i15,large_02.txt,15,200,3,13,1290,"[40, 47, 49, 168, 105, 215, 171, 175, 52, 126, 63, 191, 196, 136, 152, 111, 167, 11, 162, 12, 158, 174, 150, 74, 89, 141, 19, 115, 224, 95, 90, 198, 87, 55, 73, 33, 96, 99, 97, 20, 44, 5, 200, 184, 106, 57, 85, 10, 78, 54, 156, 2, 148, 206, 203, 7, 132, 182, 28, 143, 220, 124, 31, 107, 51, 66, 75, 123, 214, 30, 50, 35, 177, 222, 145, 208, 92, 16, 138, 112, 207, 42, 56, 140, 9, 117, 166, 82, 6, 8, 157, 121, 14, 201, 64, 195, 24, 188, 23, 179, 218, 110, 172, 161, 79, 153, 205, 109, 1, 212, 193, 27, 81, 190, 181, 32, 217, 102, 129, 135, 43, 69, 170, 131, 80, 192, 25, 68, 4, 210, 77, 120, 219, 149, 165, 213, 70, 29, 127, 202, 118, 180, 223, 173, 83, 58, 183, 144, 60, 185, 125, 0, 94, 101, 15, 62, 84, 122, 119, 76, 133, 38, 147, 204, 45, 65, 178, 199, 34, 159, 211, 114, 137, 142, 13, 104, 113, 22, 59, 163, 100, 93, 187, 194, 151, 98, 91, 139, 48, 41, 176, 155, 186, 71, 17, 36, 46, 169, 3, 18]",54,27,24,2145.249,391,100,0.01,0.7,15
SimulatedAnnealing,T100_a0.7_i15,large_02.txt,15,200,4,99,1340,"[60, 94, 141, 15, 1, 193, 59, 143, 224, 213, 186, 79, 57, 4, 129, 110, 130, 3, 182, 187, 195, 19, 7, 17, 197, 44, 18, 82, 108, 173, 25, 147, 155, 185, 97, 150, 146, 215, 188, 55, 218, 67, 12, 172, 219, 160, 125, 221, 199, 112, 74, 113, 167, 63, 100, 0, 168, 30, 179, 106, 62, 2, 16, 115, 66, 207, 26, 223, 144, 85, 198, 122, 23, 178, 163, 220, 166, 119, 134, 42, 152, 72, 73, 161, 136, 50, 11, 9, 104, 53, 138, 93, 162, 139, 211, 210, 200, 164, 45, 184, 116, 10, 22, 209, 131, 46, 212, 124, 151, 149, 156, 29, 205, 154, 6, 71, 77, 111, 117, 38, 153, 132, 78, 5, 148, 101, 98, 194, 47, 204, 165, 214, 90, 31, 86, 65, 140, 83, 14, 54, 181, 142, 157, 180, 75, 88, 133, 27, 202, 13, 203, 33, 190, 43, 34, 206, 192, 109, 128, 216, 123, 135, 41, 191, 35, 89, 217, 171, 95, 127, 177, 51, 20, 81, 92, 52, 107, 145, 137, 49, 105, 158, 169, 58, 8, 70, 159, 76, 21, 183, 80, 84, 102, 118, 126, 170, 174, 99, 201, 40]",58,28,24,2167.517,391,100,0.01,0.7,15
SimulatedAnnealing,T100_a0.7_i15,large_02.txt,15,200,5,1234,1250,"[7, 224, 14, 79, 10, 23, 42, 148, 0, 95, 171, 31, 41, 8, 199, 155, 176, 3, 45, 185, 12, 98, 196, 147, 193, 141, 34, 58, 59, 33, 11, 202, 221, 81, 80, 179, 136, 139, 130, 140, 186, 160, 113, 129, 61, 69, 120, 71, 158, 66, 173, 92, 216, 103, 145, 52, 208, 50, 159, 126, 217, 19, 192, 168, 153, 194, 57, 177, 210, 2, 167, 133, 121, 142, 207, 166, 169, 112, 100, 110, 105, 154, 137, 184, 119, 191, 164, 117, 134, 106, 44, 16, 156, 94, 32, 48, 108, 200, 77, 74, 36, 215, 67, 198, 39, 15, 35, 101, 214, 163, 183, 64, 60, 21, 65, 223, 170, 115, 72, 213, 190, 150, 104, 187, 122, 125, 114, 62, 40, 128, 218, 188, 211, 99, 89, 76, 175, 73, 127, 78, 47, 124, 172, 27, 26, 82, 51, 22, 24, 162, 1, 90, 220, 146, 181, 4, 149, 180, 93, 96, 189, 17, 212, 138, 152, 30, 49, 135, 204, 46, 63, 205, 174, 209, 157, 132, 86, 144, 38, 87, 85, 83, 131, 13, 206, 143, 161, 219, 84, 29, 91, 203, 222, 28, 97, 5, 182, 56, 25, 116]",56,25,22,2179.765,391,100,0.01,0.7,15
SimulatedAnnealing,T100_a0.7_i15,large_02.txt,15,200,6,555,1330,"[7, 112, 0, 103, 46, 39, 6, 4, 188, 32, 106, 111, 14, 183, 149, 157, 166, 31, 9, 139, 140, 223, 101, 83, 72, 117, 56, 8, 64, 79, 182, 93, 38, 53, 55, 224, 92, 97, 28, 197, 95, 129, 221, 164, 130, 17, 99, 134, 98, 122, 202, 215, 116, 184, 206, 42, 163, 145, 161, 67, 11, 5, 119, 3, 153, 178, 73, 59, 108, 102, 30, 138, 36, 61, 131, 209, 50, 132, 52, 181, 27, 189, 200, 205, 195, 219, 212, 162, 114, 87, 203, 201, 191, 222, 71, 218, 173, 18, 69, 21, 193, 94, 169, 84, 43, 29, 41, 1, 105, 104, 22, 123, 179, 96, 126, 142, 180, 172, 89, 13, 120, 48, 62, 125, 90, 25, 194, 118, 127, 146, 68, 124, 192, 58, 141, 44, 133, 113, 12, 35, 51, 82, 144, 214, 158, 23, 147, 135, 196, 170, 107, 75, 45, 168, 40, 65, 156, 217, 204, 34, 177, 160, 207, 76, 143, 165, 74, 208, 88, 70, 185, 186, 100, 37, 10, 175, 20, 159, 91, 78, 15, 210, 86, 77, 137, 213, 49, 198, 81, 136, 216, 26, 66, 190, 109, 148, 176, 152, 80, 155]",54,35,22,2168.887,391,100,0.01,0.7,15
SimulatedAnnealing,T100_a0.7_i15,large_02.txt,15,200,7,321,1370,"[40, 118, 9, 51, 145, 56, 3, 47, 13, 211, 58, 212, 82, 5, 52, 134, 141, 135, 210, 71, 30, 63, 146, 31, 22, 197, 61, 215, 111, 102, 95, 155, 192, 90, 182, 59, 93, 177, 42, 100, 98, 154, 136, 187, 148, 213, 41, 74, 97, 221, 96, 77, 14, 57, 200, 15, 39, 196, 198, 127, 101, 163, 53, 60, 214, 66, 202, 149, 108, 161, 124, 205, 208, 36, 157, 10, 20, 172, 11, 133, 181, 167, 178, 121, 156, 103, 218, 120, 162, 159, 7, 105, 168, 79, 206, 8, 24, 34, 220, 116, 54, 183, 150, 2, 152, 44, 107, 179, 87, 81, 207, 110, 158, 190, 126, 143, 67, 38, 131, 188, 35, 224, 191, 186, 125, 217, 203, 88, 83, 33, 29, 199, 75, 147, 55, 4, 144, 46, 26, 28, 115, 176, 117, 99, 106, 91, 122, 80, 169, 0, 21, 166, 23, 62, 43, 140, 129, 132, 16, 32, 37, 137, 189, 185, 128, 78, 130, 65, 25, 151, 112, 216, 89, 174, 17, 119, 84, 6, 109, 195, 113, 12, 72, 18, 68, 92, 219, 104, 86, 170, 48, 69, 180, 204, 94, 193, 85, 223, 49, 138]",60,31,23,2150.73,391,100,0.01,0.7,15
SimulatedAnnealing,T100_a0.7_i15,large_02.txt,15,200,8,808,1220,"[11, 91, 53, 14, 204, 144, 80, 109, 107, 1, 26, 143, 71, 128, 192, 88, 6, 52, 66, 20, 207, 67, 148, 99, 217, 159, 147, 25, 61, 82, 104, 158, 199, 186, 13, 116, 126, 180, 118, 149, 194, 45, 184, 77, 216, 209, 111, 102, 58, 160, 54, 157, 110, 97, 12, 196, 46, 167, 62, 203, 201, 220, 182, 59, 188, 174, 195, 84, 50, 2, 120, 115, 112, 211, 193, 181, 130, 171, 168, 197, 41, 40, 200, 224, 122, 48, 222, 30, 191, 0, 177, 105, 153, 56, 206, 187, 93, 70, 24, 4, 16, 189, 214, 7, 146, 34, 37, 64, 185, 18, 19, 183, 106, 73, 38, 176, 42, 119, 123, 75, 163, 100, 198, 47, 178, 221, 103, 223, 33, 213, 133, 74, 131, 137, 43, 124, 57, 127, 95, 156, 10, 89, 29, 162, 94, 86, 141, 140, 92, 135, 101, 96, 114, 117, 154, 28, 215, 44, 65, 121, 136, 113, 170, 139, 155, 68, 76, 98, 8, 169, 172, 60, 165, 39, 83, 32, 63, 202, 208, 129, 152, 210, 69, 36, 49, 9, 15, 22, 150, 173, 219, 90, 142, 164, 72, 5, 145, 134, 151, 23]",51,27,22,2230.461,391,100,0.01,0.7,15
SimulatedAnnealing,T100_a0.7_i15,large_02.txt,15,200,9,777,1360,"[128, 181, 212, 110, 5, 123, 173, 201, 102, 11, 155, 76, 215, 18, 91, 158, 87, 164, 56, 9, 132, 196, 175, 198, 53, 160, 10, 62, 191, 77, 205, 125, 118, 101, 52, 2, 58, 93, 59, 28, 179, 214, 142, 73, 89, 45, 177, 211, 131, 84, 148, 104, 70, 19, 67, 3, 121, 82, 150, 95, 202, 223, 7, 194, 134, 33, 109, 35, 16, 23, 186, 219, 38, 40, 12, 180, 135, 81, 34, 187, 97, 26, 129, 141, 157, 108, 60, 0, 49, 47, 20, 165, 79, 116, 25, 36, 69, 139, 17, 31, 111, 182, 51, 88, 39, 171, 156, 130, 163, 75, 43, 146, 37, 203, 99, 74, 217, 133, 54, 8, 71, 63, 122, 209, 195, 105, 64, 161, 13, 94, 4, 166, 137, 114, 153, 29, 176, 96, 222, 55, 221, 167, 113, 24, 120, 1, 46, 200, 199, 44, 218, 48, 197, 72, 143, 65, 154, 115, 80, 224, 83, 86, 98, 144, 169, 138, 85, 15, 204, 78, 210, 6, 42, 140, 21, 14, 107, 216, 61, 207, 92, 136, 90, 149, 57, 170, 103, 193, 106, 168, 147, 159, 27, 126, 119, 151, 189, 22, 112, 32]",56,34,23,2165.056,391,100,0.01,0.7,15
SimulatedAnnealing,T100_a0.7_i15,large_02.txt,15,200,10,2024,1250,"[63, 76, 172, 94, 9, 2, 39, 113, 30, 156, 125, 67, 180, 157, 134, 86, 164, 152, 40, 171, 85, 56, 116, 22, 123, 186, 199, 118, 73, 200, 43, 101, 195, 104, 144, 110, 160, 24, 142, 139, 205, 65, 140, 98, 218, 47, 202, 25, 31, 201, 92, 95, 13, 6, 219, 166, 214, 103, 10, 154, 177, 216, 137, 143, 78, 3, 121, 165, 77, 129, 4, 122, 181, 112, 220, 59, 203, 133, 191, 23, 145, 109, 108, 16, 35, 69, 49, 179, 72, 124, 90, 215, 217, 159, 14, 96, 126, 46, 198, 115, 55, 149, 27, 5, 167, 210, 75, 51, 224, 162, 50, 196, 120, 60, 17, 182, 163, 185, 62, 114, 36, 89, 42, 107, 204, 168, 158, 170, 178, 79, 64, 102, 119, 61, 147, 193, 19, 222, 70, 29, 26, 194, 175, 213, 128, 183, 155, 71, 15, 93, 106, 81, 41, 44, 28, 8, 34, 192, 169, 0, 150, 130, 54, 117, 206, 141, 223, 176, 87, 21, 153, 91, 136, 84, 197, 12, 83, 174, 11, 190, 57, 208, 188, 53, 105, 146, 212, 37, 32, 173, 184, 135, 66, 82, 38, 20, 221, 138, 33, 187]",53,24,24,2176.014,391,100,0.01,0.7,15
SimulatedAnnealing,T100_a0.7_i25,large_02.txt,15,200,1,42,1190,"[178, 149, 2, 89, 8, 157, 222, 10, 102, 34, 26, 120, 105, 116, 176, 99, 144, 50, 122, 31, 17, 216, 97, 23, 46, 142, 93, 121, 194, 4, 75, 94, 164, 58, 166, 153, 65, 29, 44, 61, 174, 67, 54, 77, 145, 48, 42, 6, 76, 210, 92, 115, 138, 196, 218, 12, 73, 147, 106, 185, 98, 150, 132, 169, 199, 45, 21, 7, 20, 113, 126, 104, 37, 55, 38, 47, 190, 224, 71, 86, 175, 72, 137, 195, 43, 62, 201, 165, 156, 221, 223, 19, 82, 152, 9, 171, 40, 39, 168, 125, 51, 192, 140, 1, 63, 5, 15, 131, 202, 84, 66, 219, 59, 74, 18, 36, 11, 64, 197, 24, 22, 203, 214, 127, 135, 3, 163, 111, 204, 136, 177, 184, 187, 0, 27, 79, 110, 183, 91, 56, 107, 148, 52, 95, 186, 180, 112, 212, 215, 69, 124, 134, 114, 25, 78, 14, 189, 119, 179, 109, 83, 139, 133, 182, 160, 60, 96, 88, 154, 220, 49, 117, 123, 217, 80, 141, 68, 16, 30, 159, 129, 173, 143, 155, 167, 33, 209, 53, 81, 28, 211, 181, 100, 90, 193, 213, 158, 101, 208, 161]",49,28,21,3712.805,651,100,0.01,0.7,25
SimulatedAnnealing,T100_a0.7_i25,large_02.txt,15,200,2,7,1140,"[184, 54, 12, 35, 86, 91, 126, 5, 60, 152, 45, 201, 220, 127, 120, 199, 9, 23, 187, 38, 203, 33, 32, 89, 58, 82, 155, 11, 3, 132, 205, 124, 112, 159, 13, 118, 214, 94, 161, 40, 174, 26, 77, 123, 190, 172, 136, 83, 19, 207, 28, 221, 129, 142, 165, 215, 209, 182, 73, 34, 76, 175, 68, 42, 213, 217, 70, 41, 75, 147, 170, 169, 25, 181, 30, 149, 158, 69, 2, 185, 101, 27, 148, 56, 121, 218, 85, 99, 49, 97, 202, 116, 178, 36, 176, 16, 211, 139, 103, 164, 191, 109, 204, 1, 167, 66, 157, 115, 122, 29, 160, 43, 156, 198, 51, 186, 50, 168, 46, 96, 8, 0, 153, 194, 92, 88, 87, 224, 141, 48, 130, 219, 39, 10, 98, 133, 44, 145, 223, 212, 128, 18, 84, 105, 114, 138, 107, 59, 150, 74, 188, 125, 21, 193, 206, 7, 177, 108, 57, 4, 216, 6, 31, 64, 180, 53, 22, 72, 140, 171, 210, 200, 163, 62, 24, 104, 146, 67, 119, 78, 222, 195, 117, 20, 137, 37, 154, 208, 135, 81, 90, 102, 14, 131, 111, 166, 15, 80, 189, 55]",51,15,24,3613.664,651,100,0.01,0.7,25
SimulatedAnnealing,T100_a0.7_i25,large_02.txt,15,200,3,13,1120,"[139, 47, 91, 20, 14, 151, 204, 12, 52, 175, 127, 153, 22, 4, 49, 81, 133, 155, 135, 13, 123, 152, 217, 136, 169, 146, 198, 77, 159, 95, 29, 142, 89, 36, 73, 26, 69, 141, 199, 163, 218, 5, 200, 82, 34, 98, 85, 74, 28, 208, 140, 149, 101, 189, 6, 7, 84, 33, 67, 57, 100, 38, 23, 48, 186, 161, 25, 10, 43, 157, 70, 35, 197, 201, 145, 19, 37, 111, 216, 44, 207, 68, 31, 21, 224, 105, 223, 66, 50, 8, 131, 176, 166, 187, 59, 18, 214, 107, 115, 134, 109, 178, 181, 219, 205, 64, 11, 132, 110, 190, 83, 27, 65, 143, 17, 80, 150, 220, 165, 210, 15, 16, 179, 103, 108, 147, 79, 124, 61, 173, 55, 30, 116, 212, 72, 78, 148, 113, 0, 87, 118, 9, 56, 215, 32, 97, 183, 221, 125, 195, 203, 39, 168, 156, 106, 121, 129, 185, 54, 192, 88, 164, 24, 128, 45, 137, 222, 196, 172, 75, 99, 71, 206, 180, 170, 60, 117, 62, 114, 126, 94, 93, 158, 194, 184, 171, 2, 40, 130, 41, 112, 51, 188, 182, 102, 202, 46, 1, 3, 76]",47,25,20,3567.814,651,100,0.01,0.7,25
SimulatedAnnealing,T100_a0.7_i25,large_02.txt,15,200,4,99,1230,"[116, 97, 160, 193, 176, 78, 89, 182, 108, 67, 58, 219, 153, 6, 4, 31, 11, 167, 179, 223, 190, 147, 206, 46, 149, 107, 70, 27, 208, 65, 16, 148, 120, 199, 220, 37, 88, 166, 118, 69, 7, 25, 1, 217, 215, 212, 113, 172, 140, 133, 104, 83, 222, 216, 32, 13, 204, 38, 207, 181, 57, 8, 34, 9, 124, 90, 218, 156, 178, 123, 74, 122, 17, 44, 151, 136, 26, 61, 94, 109, 85, 56, 184, 18, 87, 171, 75, 45, 105, 203, 80, 100, 96, 139, 143, 59, 98, 10, 77, 146, 128, 200, 15, 180, 51, 91, 157, 158, 152, 141, 137, 144, 164, 81, 213, 125, 63, 202, 93, 21, 101, 86, 173, 5, 48, 12, 84, 183, 24, 188, 194, 214, 22, 119, 159, 138, 55, 29, 14, 209, 163, 224, 60, 169, 71, 19, 145, 54, 111, 39, 66, 155, 103, 135, 196, 106, 192, 30, 40, 130, 110, 72, 175, 132, 33, 95, 62, 165, 99, 114, 150, 42, 112, 2, 92, 47, 28, 197, 64, 49, 50, 195, 205, 211, 115, 36, 191, 102, 210, 0, 129, 161, 154, 185, 162, 174, 177, 198, 201, 35]",44,31,24,3653.247,651,100,0.01,0.7,25
SimulatedAnnealing,T100_a0.7_i25,large_02.txt,15,200,5,1234,1210,"[7, 73, 49, 177, 100, 36, 14, 131, 126, 112, 105, 10, 11, 205, 41, 0, 99, 208, 184, 34, 206, 111, 194, 62, 31, 23, 130, 207, 196, 33, 159, 53, 104, 202, 96, 127, 173, 3, 54, 39, 190, 4, 28, 1, 61, 118, 120, 197, 164, 94, 6, 186, 26, 9, 80, 52, 193, 60, 47, 217, 35, 161, 113, 29, 149, 18, 91, 180, 189, 37, 13, 98, 141, 132, 135, 219, 140, 198, 153, 101, 200, 8, 163, 40, 50, 68, 185, 66, 44, 157, 144, 168, 155, 138, 5, 19, 38, 143, 89, 162, 59, 124, 121, 142, 154, 165, 158, 171, 15, 152, 81, 32, 93, 43, 67, 70, 117, 119, 72, 174, 97, 22, 20, 210, 122, 88, 27, 87, 45, 176, 65, 192, 209, 114, 170, 182, 213, 146, 95, 136, 108, 76, 92, 110, 17, 178, 12, 84, 123, 74, 199, 2, 75, 48, 64, 212, 214, 128, 51, 216, 133, 221, 188, 166, 107, 148, 129, 79, 139, 21, 85, 106, 90, 195, 167, 77, 56, 63, 187, 145, 82, 83, 179, 30, 218, 150, 137, 46, 42, 134, 181, 203, 224, 71, 201, 222, 160, 24, 169, 57]",47,30,22,3557.871,651,100,0.01,0.7,25
SimulatedAnnealing,T100_a0.7_i25,large_02.txt,15,200,6,555,1250,"[18, 114, 13, 175, 2, 163, 152, 184, 12, 94, 128, 104, 72, 3, 25, 125, 166, 16, 9, 48, 47, 174, 171, 221, 85, 100, 176, 8, 30, 131, 27, 116, 220, 202, 173, 204, 170, 119, 11, 89, 38, 59, 148, 196, 205, 122, 81, 41, 73, 160, 105, 203, 52, 124, 147, 4, 110, 54, 78, 199, 190, 108, 91, 74, 22, 90, 76, 7, 86, 217, 155, 138, 153, 154, 63, 19, 162, 198, 80, 165, 56, 75, 135, 201, 195, 6, 208, 17, 180, 120, 98, 112, 88, 222, 186, 93, 193, 141, 62, 144, 102, 206, 157, 224, 211, 29, 58, 189, 164, 134, 15, 123, 55, 140, 39, 70, 87, 99, 45, 0, 28, 115, 139, 32, 111, 181, 179, 51, 83, 49, 67, 60, 61, 142, 177, 14, 21, 191, 127, 146, 57, 185, 149, 68, 130, 188, 143, 212, 150, 192, 169, 20, 182, 64, 167, 65, 113, 209, 207, 97, 46, 34, 117, 129, 95, 36, 145, 31, 1, 118, 121, 151, 103, 136, 71, 178, 187, 214, 101, 106, 96, 210, 50, 77, 26, 194, 172, 132, 37, 79, 183, 156, 213, 168, 33, 215, 23, 159, 43, 24]",55,28,21,3566.347,651,100,0.01,0.7,25
SimulatedAnnealing,T100_a0.7_i25,large_02.txt,15,200,7,321,1200,"[204, 12, 133, 3, 180, 56, 4, 50, 13, 187, 190, 109, 2, 5, 144, 71, 143, 9, 66, 65, 124, 160, 48, 32, 27, 24, 221, 73, 206, 104, 157, 80, 87, 23, 217, 121, 199, 123, 210, 45, 164, 151, 35, 61, 139, 98, 88, 173, 161, 213, 39, 22, 193, 220, 191, 154, 107, 68, 198, 146, 140, 132, 189, 84, 188, 141, 200, 149, 81, 8, 78, 69, 150, 120, 28, 202, 179, 15, 47, 153, 207, 79, 108, 156, 176, 54, 185, 10, 174, 60, 203, 112, 201, 82, 37, 30, 36, 119, 83, 42, 29, 167, 142, 11, 172, 58, 43, 192, 175, 184, 100, 103, 110, 111, 197, 223, 44, 38, 53, 93, 134, 25, 171, 20, 0, 91, 125, 178, 72, 74, 216, 46, 75, 212, 137, 101, 16, 163, 59, 170, 115, 159, 169, 106, 97, 183, 49, 1, 130, 52, 21, 145, 19, 17, 113, 165, 40, 138, 148, 182, 57, 64, 86, 99, 128, 31, 92, 62, 76, 70, 26, 14, 129, 222, 195, 34, 194, 6, 196, 95, 136, 209, 63, 18, 118, 218, 219, 122, 105, 214, 152, 211, 186, 116, 158, 135, 127, 7, 89, 215]",52,30,19,3621.632,651,100,0.01,0.7,25
SimulatedAnnealing,T100_a0.7_i25,large_02.txt,15,200,8,808,1230,"[11, 203, 205, 14, 34, 194, 59, 171, 51, 162, 111, 215, 84, 195, 12, 8, 201, 146, 66, 198, 90, 177, 98, 136, 67, 158, 71, 74, 175, 28, 210, 6, 77, 52, 123, 68, 93, 180, 75, 113, 31, 115, 124, 143, 87, 1, 25, 196, 173, 218, 86, 69, 202, 35, 204, 189, 208, 63, 3, 15, 79, 224, 170, 169, 168, 151, 220, 37, 199, 55, 127, 47, 130, 92, 27, 9, 65, 45, 176, 159, 36, 145, 16, 137, 193, 102, 185, 2, 161, 18, 33, 72, 95, 23, 62, 153, 181, 125, 142, 58, 109, 88, 184, 121, 114, 120, 94, 7, 179, 149, 207, 85, 214, 107, 219, 172, 89, 126, 147, 43, 140, 217, 157, 119, 50, 221, 103, 19, 0, 41, 108, 139, 200, 82, 160, 213, 30, 106, 192, 32, 164, 73, 117, 78, 4, 99, 128, 21, 166, 70, 61, 178, 222, 112, 49, 129, 182, 118, 144, 212, 80, 104, 122, 83, 155, 191, 91, 216, 134, 29, 54, 165, 132, 39, 174, 186, 38, 148, 183, 167, 64, 110, 141, 223, 187, 209, 20, 135, 26, 13, 133, 163, 105, 56, 131, 53, 156, 5, 101, 96]",47,28,24,3624.053,651,100,0.01,0.7,25
SimulatedAnnealing,T100_a0.7_i25,large_02.txt,15,200,9,777,1170,"[6, 1, 61, 121, 5, 86, 28, 157, 203, 57, 90, 122, 9, 55, 171, 206, 182, 3, 196, 101, 136, 85, 162, 126, 191, 218, 109, 30, 120, 220, 24, 125, 31, 141, 172, 129, 15, 74, 18, 199, 179, 221, 36, 88, 92, 149, 87, 65, 147, 84, 201, 111, 189, 95, 154, 68, 204, 175, 54, 10, 23, 223, 190, 100, 103, 133, 131, 140, 164, 81, 89, 219, 78, 45, 105, 47, 135, 40, 25, 97, 48, 63, 43, 139, 165, 93, 29, 49, 152, 42, 46, 156, 170, 119, 96, 216, 4, 98, 34, 33, 117, 127, 200, 144, 27, 35, 108, 79, 169, 44, 71, 107, 16, 14, 72, 32, 197, 128, 150, 51, 187, 177, 112, 224, 195, 214, 64, 193, 215, 75, 208, 123, 163, 110, 222, 52, 41, 77, 173, 130, 168, 160, 13, 198, 21, 186, 158, 82, 212, 59, 22, 142, 159, 207, 143, 104, 185, 12, 192, 2, 176, 180, 80, 151, 118, 0, 17, 56, 58, 137, 188, 26, 38, 70, 145, 73, 134, 153, 184, 181, 132, 202, 211, 8, 67, 114, 116, 113, 209, 146, 20, 167, 115, 205, 178, 194, 91, 53, 7, 210]",37,34,23,3645.689,651,100,0.01,0.7,25
SimulatedAnnealing,T100_a0.7_i25,large_02.txt,15,200,10,2024,1190,"[68, 209, 187, 128, 57, 2, 14, 188, 17, 74, 199, 19, 11, 111, 40, 62, 167, 152, 37, 9, 34, 177, 50, 27, 24, 4, 115, 142, 151, 165, 154, 102, 82, 28, 144, 196, 121, 170, 134, 211, 52, 146, 81, 98, 171, 156, 0, 192, 46, 103, 181, 90, 163, 10, 25, 12, 217, 147, 175, 71, 80, 127, 109, 117, 78, 85, 198, 182, 136, 112, 70, 13, 204, 101, 64, 94, 32, 133, 193, 7, 76, 124, 104, 168, 48, 69, 26, 29, 6, 180, 135, 210, 190, 77, 157, 110, 39, 176, 92, 203, 41, 149, 75, 179, 140, 3, 18, 197, 216, 160, 36, 224, 100, 155, 15, 130, 60, 43, 42, 5, 164, 174, 173, 87, 221, 138, 159, 143, 86, 33, 59, 119, 107, 55, 108, 61, 169, 222, 137, 189, 1, 72, 67, 213, 122, 183, 63, 66, 178, 93, 44, 116, 30, 141, 207, 58, 123, 35, 172, 21, 202, 215, 158, 150, 206, 129, 51, 218, 65, 45, 126, 212, 89, 114, 132, 99, 195, 91, 31, 105, 220, 201, 118, 208, 223, 194, 73, 125, 191, 185, 88, 83, 106, 96, 49, 162, 205, 120, 38, 166]",52,21,23,3664.022,651,100,0.01,0.7,25
SimulatedAnnealing,T100_a0.9_i10,large_02.txt,15,200,1,42,1030,"[122, 147, 2, 166, 182, 178, 54, 9, 13, 8, 93, 64, 5, 17, 97, 172, 101, 34, 184, 151, 26, 140, 152, 160, 4, 85, 100, 185, 86, 1, 84, 142, 149, 87, 90, 41, 52, 15, 50, 71, 18, 148, 223, 141, 88, 38, 133, 28, 206, 180, 124, 205, 111, 16, 63, 12, 199, 70, 191, 103, 105, 123, 57, 222, 154, 20, 55, 7, 24, 120, 92, 113, 116, 0, 118, 215, 79, 56, 128, 139, 19, 219, 144, 62, 67, 36, 32, 135, 156, 40, 112, 21, 194, 143, 11, 42, 65, 216, 74, 155, 163, 115, 69, 171, 49, 186, 158, 106, 72, 48, 209, 59, 202, 200, 138, 150, 119, 31, 204, 168, 193, 125, 181, 213, 14, 175, 80, 203, 73, 157, 43, 195, 196, 127, 47, 145, 210, 10, 108, 165, 162, 107, 45, 117, 61, 187, 164, 221, 170, 224, 98, 51, 183, 153, 188, 58, 212, 159, 3, 109, 126, 102, 82, 46, 66, 89, 167, 44, 33, 179, 169, 95, 96, 60, 146, 208, 37, 131, 29, 211, 76, 173, 190, 214, 78, 217, 25, 189, 81, 161, 220, 218, 91, 6, 83, 192, 177, 129, 68, 77]",38,27,19,4876.058,881,100,0.01,0.9,10
SimulatedAnnealing,T100_a0.9_i10,large_02.txt,15,200,2,7,1090,"[9, 11, 54, 26, 152, 167, 96, 55, 219, 0, 123, 3, 2, 159, 50, 39, 194, 59, 187, 64, 34, 18, 173, 160, 213, 190, 192, 44, 72, 180, 135, 131, 106, 63, 143, 151, 12, 83, 79, 45, 75, 98, 80, 60, 142, 52, 224, 36, 19, 25, 124, 147, 208, 58, 217, 14, 186, 182, 158, 149, 91, 22, 162, 88, 148, 38, 57, 10, 16, 183, 115, 191, 61, 127, 214, 138, 65, 188, 40, 29, 203, 41, 84, 145, 70, 51, 89, 43, 49, 8, 73, 119, 85, 175, 114, 56, 201, 195, 21, 150, 110, 6, 128, 1, 184, 82, 126, 222, 202, 109, 87, 168, 33, 178, 207, 197, 95, 48, 198, 157, 78, 100, 132, 133, 112, 117, 121, 125, 163, 116, 177, 210, 90, 141, 71, 32, 118, 13, 164, 212, 62, 161, 211, 130, 77, 86, 189, 155, 215, 169, 47, 144, 105, 46, 140, 199, 92, 4, 94, 204, 69, 154, 170, 134, 107, 20, 28, 27, 196, 171, 7, 5, 209, 30, 102, 104, 81, 174, 68, 76, 122, 113, 146, 185, 42, 220, 165, 136, 74, 179, 99, 218, 103, 181, 200, 216, 93, 206, 223, 17]",44,29,18,4847.279,881,100,0.01,0.9,10
SimulatedAnnealing,T100_a0.9_i10,large_02.txt,15,200,3,13,960,"[127, 219, 145, 46, 14, 107, 3, 76, 52, 110, 9, 224, 8, 205, 115, 179, 202, 147, 6, 13, 57, 102, 72, 109, 190, 18, 121, 54, 88, 37, 41, 181, 163, 182, 61, 80, 45, 130, 199, 174, 93, 217, 216, 81, 152, 204, 85, 176, 136, 218, 140, 82, 215, 222, 168, 7, 146, 183, 78, 175, 10, 19, 133, 23, 0, 105, 209, 12, 53, 187, 148, 35, 128, 125, 100, 166, 11, 111, 203, 106, 34, 55, 160, 180, 153, 197, 69, 150, 20, 97, 200, 15, 103, 43, 2, 213, 214, 134, 4, 101, 99, 135, 193, 208, 90, 157, 155, 33, 154, 201, 196, 141, 36, 137, 126, 32, 169, 220, 83, 210, 195, 95, 86, 149, 91, 143, 62, 189, 67, 161, 28, 79, 5, 212, 151, 39, 112, 129, 117, 113, 118, 206, 16, 221, 26, 17, 42, 188, 25, 77, 64, 132, 24, 30, 116, 49, 70, 211, 92, 194, 31, 74, 21, 171, 68, 75, 89, 1, 94, 192, 40, 27, 185, 162, 58, 59, 144, 173, 139, 138, 170, 123, 198, 73, 172, 178, 60, 65, 84, 131, 156, 159, 158, 47, 51, 22, 104, 29, 63, 66]",47,11,19,4850.605,881,100,0.01,0.9,10
SimulatedAnnealing,T100_a0.9_i10,large_02.txt,15,200,4,99,1130,"[47, 6, 105, 134, 140, 177, 12, 151, 201, 67, 166, 1, 11, 154, 4, 43, 99, 3, 191, 15, 218, 146, 58, 163, 121, 162, 36, 59, 60, 148, 211, 139, 44, 133, 98, 83, 132, 209, 153, 193, 5, 198, 203, 221, 219, 100, 159, 149, 79, 17, 2, 157, 126, 10, 20, 217, 141, 109, 181, 95, 111, 212, 168, 128, 125, 207, 96, 18, 178, 8, 19, 123, 161, 9, 114, 144, 222, 28, 122, 167, 115, 119, 49, 81, 176, 205, 223, 116, 108, 40, 97, 93, 180, 183, 55, 86, 118, 54, 110, 138, 63, 22, 21, 91, 113, 189, 131, 216, 160, 68, 188, 24, 117, 89, 66, 72, 202, 102, 170, 124, 182, 120, 41, 26, 224, 56, 69, 50, 213, 107, 199, 214, 165, 34, 71, 65, 46, 130, 14, 75, 184, 150, 92, 112, 85, 39, 73, 30, 76, 187, 27, 42, 23, 164, 16, 137, 192, 88, 101, 0, 195, 173, 33, 215, 62, 52, 143, 74, 197, 194, 127, 70, 186, 147, 156, 45, 80, 200, 185, 48, 208, 64, 25, 196, 152, 171, 32, 136, 210, 31, 87, 204, 179, 7, 155, 84, 145, 78, 142, 169]",42,29,21,4872.775,881,100,0.01,0.9,10
SimulatedAnnealing,T100_a0.9_i10,large_02.txt,15,200,5,1234,1110,"[7, 70, 99, 178, 26, 66, 29, 151, 0, 95, 213, 193, 195, 59, 8, 153, 161, 5, 38, 12, 77, 94, 210, 127, 17, 46, 89, 53, 171, 192, 207, 208, 140, 11, 115, 156, 142, 90, 162, 139, 129, 56, 68, 42, 175, 124, 9, 49, 88, 168, 16, 177, 110, 219, 159, 160, 109, 1, 21, 138, 118, 19, 72, 47, 3, 190, 204, 44, 69, 194, 143, 98, 155, 157, 63, 112, 91, 218, 61, 201, 163, 30, 84, 149, 23, 93, 35, 83, 81, 6, 120, 152, 184, 216, 116, 10, 185, 215, 186, 101, 76, 217, 34, 137, 136, 13, 117, 37, 24, 67, 97, 2, 197, 96, 179, 14, 187, 196, 106, 27, 50, 126, 20, 15, 130, 141, 100, 121, 165, 199, 22, 169, 119, 174, 18, 147, 41, 146, 211, 60, 128, 71, 78, 105, 145, 176, 36, 31, 104, 107, 206, 158, 108, 74, 191, 154, 103, 180, 123, 164, 131, 135, 167, 150, 39, 87, 202, 205, 181, 198, 214, 45, 144, 52, 134, 166, 32, 85, 51, 224, 40, 33, 122, 82, 188, 58, 57, 4, 54, 79, 148, 203, 111, 75, 172, 222, 182, 65, 133, 212]",50,17,22,4911.262,881,100,0.01,0.9,10
SimulatedAnnealing,T100_a0.9_i10,large_02.txt,15,200,6,555,1110,"[194, 68, 13, 33, 2, 184, 152, 60, 219, 150, 220, 217, 218, 103, 14, 196, 183, 16, 9, 7, 201, 169, 203, 100, 85, 38, 191, 58, 158, 83, 108, 23, 130, 89, 134, 74, 10, 148, 173, 1, 145, 63, 159, 197, 28, 65, 81, 29, 5, 34, 112, 215, 82, 132, 153, 4, 114, 221, 76, 224, 120, 125, 147, 189, 164, 163, 119, 3, 101, 162, 80, 75, 35, 8, 91, 209, 154, 44, 43, 15, 116, 12, 54, 165, 193, 138, 208, 79, 137, 41, 49, 157, 102, 124, 182, 31, 222, 187, 155, 25, 212, 172, 90, 143, 180, 59, 24, 20, 117, 181, 17, 39, 46, 50, 6, 77, 192, 104, 151, 0, 140, 47, 62, 32, 136, 61, 11, 118, 202, 127, 96, 27, 87, 73, 110, 195, 128, 205, 70, 129, 160, 149, 174, 166, 161, 71, 206, 99, 36, 170, 93, 57, 123, 188, 94, 18, 97, 69, 78, 45, 223, 105, 98, 168, 214, 213, 64, 179, 109, 210, 171, 115, 175, 141, 216, 53, 135, 122, 146, 67, 22, 207, 131, 113, 30, 139, 72, 211, 37, 185, 190, 55, 86, 26, 204, 126, 51, 95, 199, 84]",49,22,20,4910.699,881,100,0.01,0.9,10
SimulatedAnnealing,T100_a0.9_i10,large_02.txt,15,200,7,321,1060,"[20, 62, 9, 0, 95, 222, 3, 55, 6, 11, 7, 210, 117, 176, 147, 123, 158, 143, 172, 39, 152, 19, 146, 16, 52, 26, 38, 72, 28, 27, 199, 135, 101, 98, 32, 142, 8, 88, 175, 174, 84, 83, 49, 159, 195, 70, 99, 177, 44, 184, 155, 145, 89, 92, 42, 179, 178, 205, 94, 182, 114, 108, 164, 120, 102, 141, 124, 1, 69, 186, 167, 61, 24, 212, 157, 154, 73, 34, 218, 196, 97, 18, 116, 93, 67, 103, 54, 137, 37, 22, 23, 170, 133, 202, 197, 220, 173, 194, 43, 193, 134, 129, 130, 4, 64, 191, 224, 104, 149, 106, 187, 57, 171, 50, 119, 207, 45, 127, 160, 71, 82, 150, 192, 111, 30, 85, 21, 122, 91, 161, 206, 168, 58, 163, 46, 40, 47, 29, 80, 68, 115, 2, 200, 219, 126, 90, 77, 214, 59, 166, 190, 14, 131, 112, 156, 216, 74, 118, 162, 183, 56, 81, 204, 63, 76, 66, 198, 36, 140, 31, 181, 87, 148, 75, 189, 12, 138, 109, 132, 125, 113, 209, 5, 79, 53, 201, 10, 139, 223, 180, 215, 203, 105, 41, 121, 25, 15, 33, 136, 213]",46,22,19,4936.876,881,100,0.01,0.9,10
SimulatedAnnealing,T100_a0.9_i10,large_02.txt,15,200,8,808,1120,"[6, 0, 5, 137, 133, 51, 117, 183, 104, 212, 122, 114, 197, 56, 14, 3, 83, 13, 1, 7, 12, 29, 90, 87, 82, 163, 71, 170, 214, 198, 164, 9, 60, 118, 146, 26, 93, 112, 27, 48, 194, 102, 161, 165, 153, 106, 36, 196, 128, 25, 78, 141, 79, 222, 134, 213, 208, 172, 167, 195, 205, 136, 99, 31, 67, 200, 140, 11, 89, 191, 30, 86, 142, 182, 211, 175, 65, 186, 179, 159, 21, 202, 190, 15, 74, 92, 189, 2, 69, 113, 154, 127, 95, 10, 64, 115, 66, 70, 107, 20, 207, 88, 188, 45, 201, 145, 101, 166, 59, 129, 19, 98, 55, 63, 46, 120, 192, 210, 96, 33, 158, 44, 42, 119, 50, 34, 132, 17, 171, 162, 131, 143, 35, 149, 75, 216, 123, 54, 204, 39, 206, 57, 94, 203, 4, 38, 108, 103, 37, 178, 105, 28, 224, 223, 160, 18, 76, 168, 32, 169, 126, 116, 72, 176, 155, 130, 110, 125, 217, 152, 23, 61, 193, 138, 40, 109, 91, 22, 80, 209, 173, 180, 221, 84, 139, 124, 53, 41, 150, 111, 174, 47, 97, 184, 177, 58, 156, 220, 77, 68]",48,26,19,5055.261,881,100,0.01,0.9,10
SimulatedAnnealing,T100_a0.9_i10,large_02.txt,15,200,9,777,1100,"[18, 70, 189, 220, 5, 108, 11, 73, 116, 122, 7, 38, 37, 3, 35, 12, 6, 1, 176, 101, 82, 103, 183, 195, 158, 111, 31, 171, 27, 134, 96, 121, 51, 97, 77, 148, 114, 95, 192, 57, 179, 24, 203, 84, 66, 146, 194, 56, 63, 184, 139, 72, 98, 67, 23, 212, 46, 53, 54, 196, 112, 201, 39, 120, 62, 168, 113, 61, 115, 25, 162, 209, 10, 13, 58, 47, 193, 152, 89, 74, 190, 181, 99, 138, 117, 69, 21, 45, 20, 218, 132, 29, 170, 174, 79, 92, 214, 94, 17, 172, 64, 133, 87, 22, 36, 81, 211, 78, 163, 156, 213, 202, 34, 150, 59, 154, 142, 173, 76, 140, 71, 124, 222, 86, 102, 48, 151, 8, 129, 75, 161, 136, 110, 0, 224, 55, 93, 205, 28, 208, 130, 49, 26, 167, 153, 91, 14, 160, 180, 44, 207, 185, 216, 144, 30, 223, 191, 200, 85, 80, 90, 128, 33, 186, 126, 100, 145, 219, 175, 16, 137, 41, 164, 32, 50, 104, 157, 9, 198, 141, 149, 177, 118, 2, 188, 105, 40, 42, 131, 187, 206, 119, 165, 4, 83, 19, 215, 88, 147, 210]",51,19,20,5195.436,881,100,0.01,0.9,10
SimulatedAnnealing,T100_a0.9_i10,large_02.txt,15,200,10,2024,1130,"[1, 152, 5, 114, 51, 2, 56, 185, 220, 75, 71, 37, 148, 13, 9, 52, 164, 96, 6, 33, 223, 197, 143, 189, 34, 199, 140, 66, 116, 161, 45, 25, 117, 222, 221, 86, 212, 166, 77, 113, 192, 65, 50, 7, 60, 167, 97, 154, 155, 54, 162, 89, 129, 214, 142, 23, 121, 138, 92, 115, 193, 12, 102, 10, 70, 63, 88, 141, 144, 172, 178, 186, 26, 101, 150, 160, 128, 133, 76, 209, 39, 111, 159, 210, 59, 109, 42, 190, 72, 53, 206, 122, 84, 188, 15, 158, 136, 16, 104, 125, 44, 61, 27, 147, 67, 184, 182, 151, 73, 20, 19, 205, 175, 41, 17, 47, 14, 79, 4, 198, 48, 174, 46, 163, 204, 22, 217, 31, 203, 90, 165, 224, 135, 119, 36, 170, 108, 156, 157, 216, 168, 87, 173, 82, 126, 35, 85, 32, 57, 93, 179, 180, 195, 213, 30, 0, 131, 202, 38, 103, 94, 81, 145, 91, 98, 196, 191, 127, 169, 28, 211, 40, 43, 74, 139, 120, 153, 18, 130, 200, 58, 207, 132, 181, 29, 194, 215, 105, 219, 149, 80, 68, 110, 107, 124, 49, 95, 176, 99, 3]",42,27,22,5039.442,881,100,0.01,0.9,10
SimulatedAnnealing,T100_a0.9_i15,large_02.txt,15,200,1,42,990,"[147, 38, 2, 198, 162, 11, 221, 3, 10, 131, 13, 122, 35, 32, 0, 92, 111, 195, 77, 8, 109, 113, 174, 100, 133, 191, 69, 97, 96, 23, 17, 219, 127, 30, 59, 205, 101, 40, 47, 105, 128, 199, 94, 168, 169, 45, 178, 31, 189, 152, 86, 50, 41, 95, 76, 12, 83, 217, 89, 114, 212, 120, 51, 216, 56, 150, 207, 14, 24, 37, 52, 170, 153, 165, 43, 176, 78, 20, 33, 106, 177, 187, 180, 61, 44, 222, 188, 143, 18, 93, 185, 82, 203, 79, 134, 190, 208, 220, 156, 159, 145, 155, 67, 1, 132, 39, 46, 48, 125, 6, 54, 115, 158, 139, 49, 80, 74, 75, 21, 88, 5, 117, 175, 85, 197, 104, 73, 7, 173, 71, 201, 15, 211, 184, 9, 22, 186, 119, 146, 148, 28, 141, 179, 123, 142, 136, 144, 154, 160, 224, 140, 84, 223, 166, 200, 64, 29, 55, 214, 213, 182, 129, 196, 34, 26, 112, 72, 68, 126, 181, 63, 66, 209, 4, 107, 171, 58, 98, 91, 25, 42, 167, 108, 87, 81, 53, 102, 157, 57, 164, 62, 149, 27, 192, 16, 206, 218, 36, 194, 204]",39,24,18,7529.919,1321,100,0.01,0.9,15
SimulatedAnnealing,T100_a0.9_i15,large_02.txt,15,200,2,7,950,"[36, 194, 14, 38, 5, 11, 126, 102, 4, 1, 37, 10, 108, 115, 218, 2, 137, 3, 22, 9, 117, 132, 69, 26, 152, 153, 208, 67, 24, 171, 140, 196, 184, 33, 45, 215, 133, 207, 170, 201, 28, 105, 88, 130, 56, 77, 87, 73, 44, 198, 89, 75, 217, 50, 70, 209, 95, 176, 174, 122, 43, 163, 76, 85, 63, 216, 90, 8, 114, 18, 193, 83, 221, 62, 53, 39, 180, 150, 7, 190, 199, 93, 128, 96, 71, 48, 27, 68, 72, 161, 162, 109, 166, 103, 169, 210, 173, 119, 175, 120, 123, 52, 19, 168, 172, 32, 158, 99, 129, 64, 125, 142, 23, 156, 94, 139, 12, 74, 220, 204, 121, 79, 219, 31, 186, 146, 46, 224, 189, 25, 47, 157, 181, 6, 145, 61, 165, 143, 51, 100, 202, 57, 101, 147, 182, 82, 78, 55, 13, 111, 155, 214, 223, 15, 160, 80, 29, 91, 151, 159, 16, 211, 118, 179, 187, 59, 40, 136, 49, 34, 213, 66, 197, 206, 54, 20, 30, 149, 113, 195, 203, 127, 178, 154, 185, 107, 104, 97, 188, 192, 84, 212, 167, 116, 131, 200, 41, 0, 86, 222]",39,20,18,7467.138,1321,100,0.01,0.9,15
SimulatedAnnealing,T100_a0.9_i15,large_02.txt,15,200,3,13,1000,"[4, 163, 173, 186, 14, 69, 2, 32, 113, 103, 59, 3, 76, 179, 121, 117, 49, 180, 215, 12, 159, 98, 187, 115, 224, 165, 205, 139, 29, 211, 178, 22, 203, 140, 73, 106, 25, 40, 15, 114, 52, 1, 94, 194, 124, 219, 155, 20, 133, 92, 45, 217, 153, 64, 90, 7, 172, 166, 195, 181, 74, 148, 21, 189, 128, 50, 81, 10, 85, 33, 138, 201, 72, 46, 191, 55, 53, 143, 62, 198, 54, 93, 193, 30, 192, 77, 99, 111, 185, 8, 154, 137, 105, 125, 216, 223, 214, 60, 75, 13, 168, 129, 176, 0, 5, 43, 177, 47, 27, 118, 31, 151, 78, 209, 213, 161, 87, 164, 197, 6, 100, 9, 35, 41, 169, 149, 88, 39, 199, 57, 28, 63, 89, 157, 26, 210, 222, 212, 204, 162, 107, 196, 183, 175, 206, 221, 61, 79, 66, 95, 96, 127, 188, 109, 108, 24, 102, 150, 120, 97, 38, 116, 122, 19, 141, 171, 58, 130, 56, 170, 42, 123, 200, 34, 51, 207, 146, 152, 131, 67, 84, 184, 68, 145, 110, 71, 190, 135, 132, 134, 82, 147, 158, 17, 144, 23, 104, 91, 83, 36]",50,12,19,7510.718,1321,100,0.01,0.9,15
SimulatedAnnealing,T100_a0.9_i15,large_02.txt,15,200,4,99,1040,"[89, 28, 37, 16, 64, 95, 11, 12, 8, 183, 7, 126, 203, 25, 179, 149, 39, 90, 38, 4, 26, 144, 180, 158, 220, 54, 163, 198, 116, 219, 53, 14, 62, 205, 129, 184, 222, 175, 188, 208, 164, 200, 91, 181, 61, 202, 83, 29, 18, 13, 119, 122, 94, 161, 121, 5, 139, 104, 109, 169, 45, 59, 177, 0, 113, 55, 93, 103, 22, 69, 147, 112, 125, 134, 211, 73, 47, 192, 57, 167, 34, 35, 32, 146, 65, 176, 209, 143, 80, 10, 166, 136, 92, 165, 63, 186, 50, 207, 68, 156, 108, 173, 214, 3, 9, 31, 123, 17, 142, 185, 88, 218, 107, 111, 154, 210, 194, 99, 127, 42, 133, 132, 100, 1, 48, 40, 20, 216, 170, 27, 52, 151, 174, 118, 66, 140, 189, 44, 217, 213, 21, 150, 101, 72, 79, 199, 128, 87, 159, 191, 215, 138, 196, 78, 77, 105, 98, 221, 152, 172, 178, 190, 58, 60, 33, 102, 212, 15, 201, 24, 157, 223, 51, 81, 162, 76, 43, 204, 120, 160, 49, 86, 114, 130, 117, 19, 195, 56, 224, 115, 74, 197, 84, 153, 71, 148, 135, 67, 85, 124]",45,19,20,7465.116,1321,100,0.01,0.9,15
SimulatedAnnealing,T100_a0.9_i15,large_02.txt,15,200,5,1234,960,"[7, 131, 8, 148, 50, 115, 100, 1, 0, 2, 76, 104, 212, 10, 118, 198, 93, 6, 3, 153, 29, 146, 220, 167, 193, 37, 83, 217, 22, 66, 90, 64, 186, 187, 140, 196, 222, 24, 60, 203, 172, 74, 51, 114, 221, 184, 163, 179, 12, 71, 215, 135, 119, 192, 191, 94, 116, 158, 35, 69, 18, 189, 150, 216, 113, 211, 95, 106, 164, 25, 86, 57, 201, 41, 62, 156, 133, 128, 75, 36, 183, 27, 45, 65, 200, 9, 208, 177, 171, 13, 166, 11, 145, 99, 137, 126, 81, 224, 17, 85, 199, 59, 109, 195, 15, 165, 169, 67, 48, 20, 123, 138, 82, 147, 4, 16, 149, 204, 151, 46, 214, 5, 44, 210, 175, 181, 56, 213, 77, 154, 205, 194, 130, 188, 117, 92, 42, 58, 28, 30, 96, 40, 162, 120, 79, 108, 219, 63, 190, 168, 91, 124, 107, 80, 26, 54, 160, 102, 61, 206, 159, 170, 185, 72, 134, 136, 155, 38, 39, 182, 141, 43, 121, 88, 144, 197, 33, 52, 173, 207, 161, 19, 105, 112, 73, 97, 53, 14, 34, 152, 174, 32, 101, 110, 223, 142, 122, 218, 132, 202]",36,22,19,7742.932,1321,100,0.01,0.9,15
SimulatedAnnealing,T100_a0.9_i15,large_02.txt,15,200,6,555,1070,"[164, 190, 72, 36, 2, 6, 77, 92, 8, 13, 215, 7, 102, 12, 94, 105, 43, 58, 48, 31, 78, 183, 182, 69, 136, 149, 194, 200, 134, 216, 80, 167, 187, 179, 196, 87, 107, 222, 128, 91, 162, 93, 124, 110, 153, 17, 115, 132, 151, 96, 38, 169, 30, 184, 55, 4, 192, 221, 181, 224, 214, 90, 95, 52, 73, 120, 180, 152, 159, 213, 53, 106, 108, 101, 61, 207, 135, 33, 34, 86, 83, 5, 63, 208, 177, 0, 60, 66, 74, 68, 206, 56, 88, 49, 173, 98, 161, 170, 114, 64, 141, 11, 127, 125, 22, 178, 116, 144, 117, 129, 27, 35, 121, 40, 126, 165, 75, 201, 138, 158, 156, 166, 143, 44, 168, 21, 99, 39, 18, 16, 81, 42, 45, 148, 154, 54, 197, 19, 131, 198, 46, 155, 10, 26, 157, 217, 209, 212, 112, 195, 85, 65, 119, 137, 15, 203, 28, 25, 50, 123, 204, 82, 59, 51, 103, 186, 32, 150, 188, 84, 175, 23, 9, 189, 122, 104, 20, 89, 118, 160, 142, 47, 193, 218, 174, 139, 3, 14, 146, 219, 1, 211, 140, 70, 79, 172, 176, 191, 205, 223]",45,22,20,7448.136,1321,100,0.01,0.9,15
SimulatedAnnealing,T100_a0.9_i15,large_02.txt,15,200,7,321,970,"[12, 6, 9, 114, 178, 14, 188, 216, 115, 194, 63, 4, 58, 10, 215, 82, 68, 210, 1, 66, 69, 61, 37, 28, 25, 24, 213, 170, 135, 42, 81, 136, 60, 214, 185, 200, 111, 26, 116, 152, 86, 105, 209, 74, 85, 5, 64, 121, 54, 41, 180, 46, 29, 205, 131, 13, 71, 159, 40, 77, 33, 169, 133, 51, 110, 224, 173, 8, 15, 186, 50, 192, 177, 176, 102, 181, 34, 193, 98, 149, 76, 83, 165, 75, 32, 220, 43, 109, 164, 2, 52, 206, 139, 212, 122, 125, 70, 27, 187, 219, 18, 53, 119, 166, 45, 97, 141, 203, 199, 150, 207, 118, 171, 113, 138, 79, 140, 222, 47, 107, 103, 73, 96, 148, 127, 39, 195, 142, 92, 184, 108, 57, 20, 99, 19, 198, 3, 196, 94, 172, 137, 156, 80, 35, 204, 158, 87, 11, 126, 91, 84, 168, 161, 145, 167, 23, 48, 129, 21, 95, 147, 182, 144, 134, 22, 174, 106, 132, 120, 217, 218, 56, 0, 162, 101, 67, 201, 208, 49, 31, 59, 100, 90, 93, 221, 146, 17, 88, 62, 179, 36, 143, 202, 153, 155, 123, 44, 30, 65, 104]",39,22,18,7424.976,1321,100,0.01,0.9,15
SimulatedAnnealing,T100_a0.9_i15,large_02.txt,15,200,8,808,1070,"[128, 201, 115, 62, 190, 140, 69, 95, 7, 122, 11, 83, 0, 50, 61, 71, 107, 206, 2, 87, 12, 187, 149, 151, 202, 106, 179, 207, 14, 198, 208, 211, 213, 223, 99, 104, 199, 129, 53, 159, 138, 200, 221, 134, 23, 150, 142, 113, 120, 117, 27, 58, 48, 35, 77, 188, 171, 111, 38, 152, 180, 28, 160, 197, 16, 194, 212, 172, 41, 109, 68, 101, 63, 130, 216, 144, 154, 183, 56, 42, 18, 218, 175, 168, 161, 75, 121, 186, 73, 5, 148, 1, 195, 174, 185, 26, 162, 96, 191, 15, 170, 136, 32, 192, 132, 31, 70, 166, 156, 17, 124, 147, 43, 92, 90, 55, 196, 72, 21, 24, 93, 85, 169, 119, 80, 33, 54, 45, 118, 137, 86, 10, 65, 9, 116, 81, 100, 89, 34, 59, 125, 164, 29, 78, 103, 204, 66, 105, 8, 102, 182, 143, 209, 133, 30, 210, 139, 39, 157, 131, 135, 145, 146, 37, 155, 97, 114, 176, 64, 88, 127, 220, 181, 74, 52, 112, 184, 3, 141, 49, 94, 79, 205, 224, 4, 51, 13, 44, 6, 19, 98, 91, 108, 222, 20, 158, 177, 47, 215, 67]",36,27,22,7482.988,1321,100,0.01,0.9,15
SimulatedAnnealing,T100_a0.9_i15,large_02.txt,15,200,9,777,1060,"[70, 76, 33, 20, 5, 30, 8, 4, 78, 19, 7, 13, 190, 136, 91, 138, 171, 221, 166, 102, 84, 177, 158, 75, 44, 204, 172, 173, 35, 93, 168, 187, 219, 79, 23, 72, 101, 99, 148, 88, 63, 107, 34, 124, 195, 0, 92, 80, 71, 17, 159, 3, 199, 178, 127, 162, 145, 58, 218, 60, 198, 135, 154, 1, 224, 139, 11, 12, 184, 10, 46, 126, 9, 47, 54, 174, 216, 40, 161, 68, 31, 67, 115, 98, 167, 50, 90, 116, 157, 51, 52, 186, 133, 212, 111, 176, 214, 188, 18, 56, 77, 28, 55, 117, 165, 42, 151, 160, 200, 112, 25, 137, 113, 108, 131, 114, 194, 59, 96, 86, 43, 26, 153, 24, 215, 48, 146, 120, 109, 192, 122, 222, 182, 82, 183, 89, 155, 128, 170, 150, 152, 140, 206, 21, 22, 180, 105, 164, 53, 37, 125, 123, 57, 95, 197, 202, 203, 211, 213, 110, 191, 103, 27, 156, 208, 134, 141, 94, 193, 64, 181, 14, 129, 81, 118, 142, 220, 179, 144, 45, 130, 169, 121, 196, 143, 210, 16, 61, 209, 205, 106, 73, 223, 6, 41, 119, 217, 87, 66, 189]",43,21,21,7434.69,1321,100,0.01,0.9,15
SimulatedAnnealing,T100_a0.9_i15,large_02.txt,15,200,10,2024,1030,"[39, 6, 21, 11, 169, 2, 14, 125, 51, 37, 23, 218, 128, 8, 124, 4, 41, 3, 89, 25, 160, 219, 56, 83, 199, 75, 188, 38, 212, 94, 109, 100, 192, 145, 61, 68, 202, 175, 186, 57, 50, 105, 54, 101, 150, 106, 99, 111, 43, 91, 177, 59, 115, 190, 195, 7, 166, 26, 20, 113, 139, 55, 129, 87, 81, 79, 121, 176, 131, 18, 179, 80, 133, 213, 49, 119, 0, 69, 73, 222, 40, 135, 214, 96, 64, 149, 15, 167, 203, 53, 46, 137, 84, 44, 216, 28, 48, 220, 110, 180, 104, 107, 76, 183, 70, 148, 193, 215, 1, 10, 17, 5, 16, 134, 13, 67, 82, 165, 209, 162, 95, 185, 187, 45, 140, 204, 198, 170, 138, 221, 92, 157, 224, 210, 126, 66, 118, 205, 19, 60, 34, 182, 158, 211, 9, 144, 22, 164, 63, 72, 201, 151, 168, 32, 171, 178, 42, 77, 189, 85, 152, 127, 130, 117, 31, 196, 30, 174, 143, 146, 102, 74, 208, 200, 156, 217, 90, 120, 114, 141, 103, 155, 163, 159, 191, 194, 24, 153, 35, 123, 197, 172, 33, 181, 65, 58, 223, 12, 97, 93]",47,16,20,7532.843,1321,100,0.01,0.9,15
SimulatedAnnealing,T100_a0.9_i25,large_02.txt,15,200,1,42,860,"[164, 161, 139, 4, 205, 8, 125, 129, 9, 43, 216, 168, 94, 175, 31, 2, 173, 1, 24, 10, 73, 50, 142, 64, 26, 183, 132, 52, 141, 152, 214, 206, 116, 192, 56, 53, 60, 48, 70, 223, 160, 212, 193, 155, 169, 133, 65, 208, 201, 120, 211, 174, 38, 127, 218, 12, 145, 198, 41, 59, 39, 215, 171, 153, 209, 87, 185, 7, 93, 146, 78, 202, 37, 45, 217, 86, 33, 150, 44, 79, 80, 186, 151, 21, 47, 49, 46, 119, 147, 144, 85, 172, 77, 114, 13, 57, 107, 3, 66, 137, 109, 210, 71, 220, 18, 84, 138, 54, 35, 68, 74, 136, 36, 184, 118, 176, 23, 63, 124, 191, 165, 148, 187, 113, 62, 103, 104, 178, 22, 100, 163, 97, 25, 29, 112, 11, 98, 207, 177, 89, 110, 149, 204, 28, 55, 130, 203, 156, 17, 224, 128, 15, 0, 162, 16, 213, 91, 190, 58, 180, 6, 221, 159, 19, 76, 117, 20, 67, 88, 158, 111, 14, 170, 188, 134, 182, 222, 115, 108, 200, 106, 95, 167, 51, 189, 90, 181, 194, 40, 196, 157, 219, 154, 5, 61, 166, 92, 42, 123, 81]",39,11,18,12578.424,2201,100,0.01,0.9,25
SimulatedAnnealing,T100_a0.9_i25,large_02.txt,15,200,2,7,860,"[12, 133, 120, 13, 185, 1, 5, 10, 0, 134, 191, 122, 54, 115, 111, 95, 139, 14, 2, 101, 180, 49, 72, 207, 118, 172, 164, 125, 152, 20, 201, 58, 198, 61, 67, 149, 116, 77, 21, 55, 60, 80, 156, 44, 109, 146, 151, 182, 107, 3, 129, 15, 46, 127, 208, 9, 27, 102, 68, 19, 196, 128, 142, 135, 181, 212, 93, 28, 169, 74, 43, 136, 222, 37, 144, 173, 205, 88, 112, 53, 6, 57, 186, 217, 175, 203, 30, 82, 153, 4, 99, 148, 221, 187, 52, 25, 32, 132, 177, 34, 110, 70, 73, 48, 40, 215, 121, 162, 224, 138, 56, 94, 165, 157, 50, 218, 154, 194, 145, 7, 197, 168, 147, 23, 90, 104, 200, 106, 202, 100, 150, 59, 192, 69, 26, 219, 22, 189, 188, 209, 17, 39, 42, 124, 166, 178, 18, 108, 223, 114, 47, 143, 119, 76, 160, 96, 190, 8, 131, 141, 137, 64, 220, 41, 75, 130, 29, 113, 214, 86, 85, 199, 206, 184, 97, 84, 174, 171, 155, 45, 211, 210, 38, 62, 79, 105, 117, 161, 140, 65, 123, 92, 204, 83, 179, 78, 31, 35, 159, 51]",35,15,18,12623.803,2201,100,0.01,0.9,25
SimulatedAnnealing,T100_a0.9_i25,large_02.txt,15,200,3,13,920,"[0, 184, 18, 129, 44, 136, 167, 131, 9, 13, 120, 41, 6, 112, 105, 69, 4, 3, 122, 157, 135, 125, 123, 40, 95, 188, 214, 119, 25, 177, 98, 30, 215, 51, 216, 53, 64, 201, 147, 92, 121, 153, 206, 66, 179, 140, 186, 199, 161, 221, 97, 54, 8, 156, 62, 5, 29, 31, 78, 132, 38, 75, 81, 142, 193, 116, 58, 10, 205, 60, 209, 79, 127, 162, 176, 196, 185, 70, 149, 194, 146, 144, 35, 181, 106, 91, 137, 104, 163, 218, 83, 164, 23, 173, 21, 47, 52, 20, 24, 84, 86, 151, 65, 212, 152, 100, 103, 109, 170, 219, 26, 74, 113, 192, 195, 208, 190, 50, 220, 134, 12, 197, 2, 82, 160, 17, 124, 114, 133, 189, 171, 169, 7, 96, 46, 126, 45, 224, 200, 15, 36, 27, 16, 148, 55, 128, 42, 57, 175, 139, 59, 210, 130, 93, 67, 71, 102, 172, 80, 68, 211, 61, 166, 48, 87, 89, 138, 73, 154, 43, 158, 14, 22, 159, 182, 180, 150, 118, 37, 1, 155, 178, 198, 111, 33, 202, 88, 222, 107, 77, 168, 165, 99, 11, 213, 183, 191, 145, 34, 207]",39,15,19,12198.349,2201,100,0.01,0.9,25
SimulatedAnnealing,T100_a0.9_i25,large_02.txt,15,200,4,99,850,"[156, 51, 5, 109, 8, 0, 11, 4, 1, 135, 7, 61, 35, 6, 113, 178, 96, 25, 89, 2, 105, 176, 106, 138, 153, 146, 29, 58, 47, 110, 86, 30, 31, 62, 77, 114, 49, 101, 81, 203, 211, 170, 124, 221, 217, 50, 166, 145, 150, 189, 10, 191, 223, 218, 174, 9, 152, 94, 32, 66, 204, 54, 48, 45, 197, 149, 185, 27, 122, 95, 23, 115, 42, 55, 71, 169, 224, 36, 88, 99, 126, 163, 173, 194, 181, 59, 139, 179, 187, 65, 190, 91, 209, 165, 40, 214, 198, 133, 78, 83, 210, 177, 117, 128, 219, 132, 171, 200, 220, 97, 74, 158, 60, 79, 18, 19, 151, 90, 120, 161, 93, 69, 104, 207, 205, 63, 222, 17, 85, 141, 208, 75, 180, 188, 44, 119, 20, 111, 148, 212, 183, 147, 84, 127, 155, 202, 160, 52, 67, 92, 70, 159, 199, 33, 140, 193, 184, 24, 192, 3, 136, 125, 37, 116, 182, 130, 80, 108, 168, 123, 87, 38, 196, 22, 46, 102, 129, 21, 137, 172, 195, 15, 64, 43, 72, 13, 14, 144, 121, 41, 76, 57, 56, 103, 16, 216, 167, 186, 73, 175]",36,15,17,12302.823,2201,100,0.01,0.9,25
SimulatedAnnealing,T100_a0.9_i25,large_02.txt,15,200,5,1234,870,"[3, 223, 13, 58, 206, 8, 94, 221, 222, 14, 106, 212, 129, 187, 10, 7, 4, 144, 2, 6, 89, 68, 131, 36, 59, 104, 184, 15, 135, 77, 44, 217, 90, 112, 173, 162, 188, 175, 51, 167, 163, 23, 140, 57, 66, 65, 136, 31, 82, 47, 12, 159, 108, 170, 180, 179, 32, 149, 125, 113, 19, 137, 80, 115, 196, 79, 118, 194, 81, 208, 161, 214, 38, 122, 85, 110, 192, 103, 24, 200, 60, 33, 29, 117, 27, 21, 69, 142, 207, 165, 209, 74, 30, 25, 166, 127, 96, 146, 205, 151, 84, 202, 46, 0, 20, 39, 64, 37, 28, 35, 164, 198, 50, 55, 54, 133, 139, 219, 130, 63, 154, 53, 158, 218, 168, 176, 114, 120, 185, 5, 215, 75, 124, 160, 70, 141, 72, 182, 211, 45, 98, 22, 201, 73, 40, 41, 102, 216, 157, 220, 93, 76, 48, 119, 213, 16, 153, 17, 121, 61, 138, 78, 95, 224, 178, 111, 128, 210, 132, 181, 193, 11, 147, 92, 100, 67, 174, 195, 97, 99, 177, 152, 26, 87, 191, 156, 1, 155, 9, 190, 150, 49, 189, 101, 52, 71, 172, 186, 83, 204]",34,21,16,12288.369,2201,100,0.01,0.9,25
SimulatedAnnealing,T100_a0.9_i25,large_02.txt,15,200,6,555,860,"[12, 172, 52, 212, 10, 217, 5, 15, 121, 8, 146, 40, 11, 166, 200, 193, 3, 30, 0, 7, 68, 156, 16, 82, 148, 97, 60, 144, 62, 41, 210, 93, 167, 126, 34, 74, 67, 31, 143, 21, 136, 173, 170, 94, 77, 176, 96, 112, 174, 127, 54, 111, 192, 22, 58, 164, 51, 84, 153, 145, 135, 46, 131, 36, 33, 38, 1, 2, 43, 205, 196, 105, 55, 9, 123, 98, 180, 47, 209, 116, 81, 219, 198, 183, 44, 18, 208, 213, 104, 141, 163, 114, 165, 42, 25, 128, 29, 118, 91, 80, 14, 189, 223, 178, 186, 103, 218, 66, 161, 194, 101, 159, 214, 48, 61, 4, 199, 125, 75, 100, 184, 73, 49, 132, 202, 224, 71, 191, 177, 64, 57, 72, 221, 197, 204, 76, 69, 45, 63, 154, 207, 32, 23, 187, 222, 39, 59, 6, 215, 83, 140, 50, 182, 26, 99, 130, 151, 13, 129, 181, 53, 56, 113, 157, 201, 92, 117, 155, 211, 108, 24, 20, 150, 89, 206, 90, 152, 86, 185, 137, 102, 138, 88, 124, 109, 203, 158, 78, 171, 134, 133, 195, 110, 169, 28, 70, 216, 119, 122, 175]",37,13,18,12369.998,2201,100,0.01,0.9,25
SimulatedAnnealing,T100_a0.9_i25,large_02.txt,15,200,7,321,820,"[5, 142, 7, 166, 125, 12, 87, 144, 122, 83, 3, 10, 13, 106, 200, 20, 74, 205, 0, 190, 219, 186, 56, 126, 31, 62, 22, 29, 59, 96, 4, 104, 189, 209, 79, 48, 54, 198, 133, 2, 123, 175, 164, 143, 121, 51, 24, 15, 84, 45, 108, 77, 151, 93, 67, 9, 72, 167, 184, 107, 137, 147, 116, 6, 55, 213, 43, 8, 171, 44, 223, 183, 30, 163, 170, 179, 100, 169, 69, 177, 112, 173, 11, 111, 41, 71, 26, 17, 82, 1, 42, 210, 185, 52, 176, 61, 155, 149, 64, 97, 201, 187, 85, 19, 214, 159, 60, 95, 215, 191, 196, 218, 28, 36, 39, 217, 153, 135, 98, 65, 101, 49, 92, 109, 114, 131, 216, 103, 16, 105, 174, 161, 211, 35, 180, 57, 78, 86, 25, 165, 141, 203, 160, 119, 90, 221, 140, 197, 156, 14, 202, 68, 124, 33, 212, 89, 27, 145, 76, 139, 53, 40, 37, 193, 127, 224, 168, 222, 129, 47, 102, 113, 130, 91, 206, 120, 115, 81, 152, 207, 148, 99, 88, 75, 182, 73, 32, 63, 136, 117, 80, 70, 110, 38, 23, 181, 138, 195, 157, 199]",25,21,18,12375.576,2201,100,0.01,0.9,25
SimulatedAnnealing,T100_a0.9_i25,large_02.txt,15,200,8,808,920,"[152, 48, 12, 85, 5, 14, 100, 7, 50, 67, 65, 186, 46, 97, 224, 132, 62, 158, 149, 2, 56, 223, 79, 80, 116, 78, 33, 96, 172, 60, 38, 214, 153, 53, 215, 76, 0, 69, 147, 39, 35, 183, 188, 10, 125, 109, 44, 185, 83, 131, 9, 26, 29, 45, 196, 199, 171, 47, 64, 124, 42, 6, 143, 145, 202, 166, 4, 1, 114, 82, 20, 123, 101, 105, 70, 75, 205, 11, 176, 135, 180, 121, 222, 103, 133, 87, 219, 150, 127, 8, 23, 140, 58, 95, 13, 210, 28, 155, 212, 165, 187, 179, 115, 52, 31, 3, 118, 91, 209, 193, 122, 175, 218, 112, 86, 107, 134, 181, 17, 51, 120, 203, 162, 24, 111, 195, 178, 89, 154, 117, 66, 144, 19, 136, 146, 77, 151, 213, 25, 40, 169, 15, 99, 142, 104, 174, 168, 221, 206, 197, 94, 177, 184, 201, 170, 98, 217, 189, 129, 119, 113, 54, 106, 63, 208, 139, 27, 73, 148, 49, 130, 30, 43, 71, 108, 161, 90, 81, 61, 207, 220, 191, 164, 21, 137, 84, 18, 128, 126, 163, 167, 22, 36, 211, 198, 68, 59, 156, 93, 182]",41,11,20,12451.611,2201,100,0.01,0.9,25
SimulatedAnnealing,T100_a0.9_i25,large_02.txt,15,200,9,777,910,"[179, 140, 185, 12, 51, 8, 68, 1, 112, 2, 105, 11, 118, 205, 7, 168, 144, 5, 70, 79, 163, 97, 133, 224, 129, 31, 200, 207, 77, 100, 78, 66, 202, 76, 62, 110, 48, 45, 75, 121, 123, 183, 134, 210, 90, 64, 186, 143, 216, 35, 23, 21, 84, 80, 42, 145, 164, 155, 182, 157, 25, 213, 10, 82, 219, 65, 196, 14, 117, 215, 22, 192, 180, 61, 106, 160, 86, 223, 50, 18, 81, 190, 92, 218, 122, 209, 137, 208, 178, 3, 201, 16, 176, 212, 4, 57, 87, 139, 30, 193, 166, 32, 152, 9, 135, 174, 102, 0, 94, 93, 39, 46, 33, 71, 162, 147, 127, 220, 194, 141, 154, 24, 116, 59, 96, 44, 63, 19, 37, 89, 128, 34, 171, 188, 6, 120, 113, 159, 184, 38, 181, 125, 74, 153, 189, 206, 17, 101, 165, 197, 214, 149, 56, 198, 58, 222, 111, 195, 15, 13, 211, 115, 47, 169, 136, 98, 199, 109, 151, 43, 114, 54, 85, 73, 29, 99, 53, 67, 161, 119, 150, 187, 124, 167, 72, 91, 20, 60, 95, 131, 132, 173, 191, 217, 146, 41, 204, 27, 107, 103]",41,16,17,12307.937,2201,100,0.01,0.9,25
SimulatedAnnealing,T100_a0.9_i25,large_02.txt,15,200,10,2024,910,"[35, 173, 150, 13, 8, 10, 120, 60, 57, 205, 64, 154, 7, 99, 9, 176, 54, 6, 1, 4, 94, 82, 152, 187, 108, 27, 76, 223, 183, 103, 107, 165, 31, 126, 144, 101, 213, 143, 222, 66, 184, 69, 30, 21, 34, 91, 216, 191, 77, 84, 48, 211, 44, 85, 70, 128, 179, 17, 32, 102, 174, 41, 123, 210, 111, 149, 115, 14, 189, 55, 185, 104, 68, 33, 208, 83, 65, 133, 167, 105, 153, 96, 24, 200, 56, 39, 130, 155, 87, 12, 201, 214, 49, 114, 125, 138, 42, 160, 212, 204, 202, 182, 157, 162, 109, 181, 97, 119, 58, 110, 220, 67, 163, 194, 135, 51, 74, 88, 22, 112, 127, 140, 190, 186, 207, 158, 106, 37, 29, 221, 90, 164, 217, 100, 159, 195, 156, 124, 43, 177, 63, 86, 95, 23, 117, 166, 161, 45, 136, 142, 132, 172, 46, 175, 137, 168, 71, 180, 50, 116, 215, 118, 141, 75, 59, 5, 89, 3, 18, 178, 169, 147, 219, 61, 146, 53, 38, 19, 131, 73, 209, 78, 62, 122, 113, 188, 52, 0, 72, 80, 192, 170, 129, 197, 139, 25, 218, 47, 15, 28]",37,18,18,12373.911,2201,100,0.01,0.9,25
SimulatedAnnealing,T200_a0.5_i10,large_02.txt,15,200,1,42,1500,"[14, 103, 2, 165, 45, 97, 149, 180, 59, 100, 96, 73, 42, 211, 176, 150, 161, 187, 152, 29, 119, 111, 104, 168, 188, 123, 217, 221, 194, 214, 218, 85, 163, 189, 125, 5, 36, 178, 53, 216, 82, 1, 87, 77, 109, 197, 135, 146, 76, 84, 101, 10, 138, 196, 118, 12, 38, 61, 79, 145, 98, 124, 78, 115, 153, 64, 21, 0, 8, 192, 182, 37, 89, 199, 34, 106, 190, 215, 220, 32, 105, 174, 181, 26, 175, 131, 222, 90, 185, 155, 130, 19, 133, 201, 93, 171, 65, 55, 223, 129, 184, 39, 54, 156, 137, 47, 121, 210, 50, 169, 4, 33, 200, 56, 114, 108, 142, 162, 134, 128, 66, 113, 139, 62, 120, 191, 27, 16, 144, 102, 17, 208, 157, 122, 83, 143, 69, 88, 9, 148, 23, 86, 43, 18, 68, 70, 154, 212, 41, 224, 116, 51, 140, 25, 204, 167, 74, 58, 186, 159, 49, 147, 80, 158, 160, 75, 141, 60, 177, 31, 127, 117, 20, 67, 202, 164, 44, 24, 30, 206, 213, 173, 92, 203, 63, 110, 95, 151, 81, 40, 71, 170, 166, 209, 107, 94, 179, 91, 183, 28]",67,35,24,874.375,151,200,0.01,0.5,10
SimulatedAnnealing,T200_a0.5_i10,large_02.txt,15,200,2,7,1550,"[116, 221, 208, 121, 87, 21, 102, 220, 91, 155, 128, 67, 5, 165, 172, 219, 68, 23, 187, 186, 167, 73, 185, 140, 77, 132, 166, 37, 86, 71, 99, 104, 211, 162, 13, 197, 56, 189, 110, 57, 6, 64, 50, 112, 25, 168, 90, 69, 70, 47, 43, 39, 129, 32, 81, 118, 40, 182, 115, 66, 122, 175, 218, 153, 28, 149, 124, 12, 75, 79, 108, 131, 63, 160, 195, 29, 158, 191, 53, 83, 84, 55, 206, 35, 33, 51, 196, 100, 133, 97, 7, 152, 125, 106, 202, 27, 117, 89, 213, 179, 22, 45, 190, 2, 44, 164, 49, 41, 184, 198, 200, 130, 222, 224, 3, 123, 215, 46, 173, 85, 143, 92, 82, 120, 188, 157, 135, 156, 14, 0, 139, 60, 141, 10, 4, 217, 183, 145, 223, 212, 18, 98, 169, 9, 114, 72, 8, 134, 154, 138, 20, 137, 176, 209, 93, 159, 177, 192, 181, 1, 109, 65, 61, 52, 216, 194, 105, 74, 107, 171, 95, 48, 163, 180, 148, 26, 54, 174, 204, 142, 34, 30, 193, 136, 76, 201, 146, 78, 15, 59, 11, 150, 19, 147, 24, 214, 88, 161, 203, 31]",70,35,25,848.758,151,200,0.01,0.5,10
SimulatedAnnealing,T200_a0.5_i10,large_02.txt,15,200,3,13,1550,"[177, 47, 148, 120, 98, 123, 203, 33, 52, 88, 3, 208, 109, 30, 165, 41, 134, 62, 206, 68, 20, 119, 110, 191, 50, 59, 10, 178, 12, 95, 224, 197, 86, 55, 43, 53, 35, 22, 32, 218, 18, 5, 200, 107, 147, 34, 85, 26, 181, 201, 96, 2, 126, 142, 202, 128, 192, 182, 144, 143, 40, 127, 31, 116, 42, 130, 57, 83, 214, 121, 146, 9, 160, 38, 145, 15, 39, 16, 138, 199, 207, 139, 56, 104, 69, 135, 184, 82, 6, 8, 157, 149, 14, 45, 75, 195, 24, 188, 23, 166, 72, 151, 81, 161, 163, 179, 189, 74, 48, 220, 215, 190, 108, 187, 152, 77, 150, 193, 21, 223, 159, 37, 210, 131, 183, 204, 25, 90, 168, 105, 100, 158, 219, 60, 205, 213, 170, 17, 0, 196, 118, 180, 106, 174, 7, 49, 198, 221, 212, 185, 125, 153, 79, 101, 211, 172, 117, 65, 19, 76, 154, 155, 51, 44, 54, 137, 29, 112, 169, 156, 141, 114, 66, 162, 73, 173, 113, 167, 80, 4, 13, 93, 171, 64, 61, 27, 124, 216, 91, 164, 129, 111, 175, 115, 97, 36, 46, 70, 63, 222]",68,35,26,841.195,151,200,0.01,0.5,10
SimulatedAnnealing,T200_a0.5_i10,large_02.txt,15,200,4,99,1530,"[91, 143, 151, 156, 51, 1, 186, 17, 84, 67, 2, 73, 42, 162, 129, 57, 208, 3, 0, 154, 125, 8, 7, 87, 29, 107, 76, 19, 60, 173, 25, 79, 177, 144, 97, 37, 187, 215, 86, 106, 218, 197, 103, 158, 100, 61, 113, 41, 69, 77, 217, 83, 167, 22, 40, 53, 178, 30, 101, 63, 62, 135, 15, 115, 6, 223, 45, 130, 70, 180, 150, 122, 170, 44, 198, 222, 166, 146, 196, 39, 110, 56, 71, 88, 116, 50, 11, 152, 16, 95, 185, 93, 96, 139, 159, 27, 200, 54, 74, 190, 147, 176, 201, 189, 23, 46, 105, 169, 141, 149, 117, 102, 205, 212, 66, 4, 112, 137, 123, 210, 131, 132, 14, 18, 48, 12, 221, 104, 28, 204, 165, 160, 90, 183, 121, 65, 134, 195, 175, 164, 181, 133, 192, 194, 209, 161, 140, 36, 202, 214, 224, 203, 26, 43, 34, 13, 9, 206, 128, 191, 78, 24, 119, 35, 33, 89, 153, 171, 109, 211, 148, 193, 20, 136, 92, 52, 108, 145, 142, 99, 81, 172, 80, 120, 207, 216, 94, 5, 21, 31, 32, 220, 124, 118, 38, 111, 174, 213, 72, 55]",68,37,24,851.404,151,200,0.01,0.5,10
SimulatedAnnealing,T200_a0.5_i10,large_02.txt,15,200,5,1234,1410,"[7, 224, 14, 79, 201, 124, 47, 145, 31, 95, 214, 15, 192, 215, 164, 73, 123, 3, 43, 91, 143, 111, 2, 147, 163, 127, 196, 0, 122, 33, 154, 151, 66, 81, 89, 179, 136, 114, 30, 140, 186, 160, 204, 1, 21, 168, 101, 71, 199, 26, 173, 83, 183, 103, 220, 52, 109, 184, 159, 96, 112, 213, 197, 80, 12, 137, 142, 92, 189, 217, 206, 133, 40, 48, 110, 166, 149, 144, 181, 27, 60, 11, 9, 176, 55, 152, 34, 117, 177, 157, 44, 178, 82, 32, 172, 180, 69, 90, 67, 105, 99, 37, 77, 198, 185, 76, 35, 155, 113, 193, 93, 57, 63, 4, 6, 223, 134, 115, 72, 174, 104, 150, 188, 210, 59, 156, 74, 87, 84, 128, 107, 29, 50, 20, 25, 39, 175, 45, 141, 190, 106, 10, 28, 78, 195, 125, 146, 126, 53, 161, 132, 24, 165, 216, 49, 8, 19, 13, 42, 120, 194, 162, 85, 221, 18, 130, 153, 135, 100, 51, 167, 191, 68, 209, 202, 171, 86, 108, 54, 62, 212, 148, 207, 22, 218, 158, 58, 119, 138, 187, 16, 203, 64, 41, 97, 222, 182, 5, 169, 131]",56,35,25,868.895,151,200,0.01,0.5,10
SimulatedAnnealing,T200_a0.5_i10,large_02.txt,15,200,6,555,1550,"[203, 19, 188, 30, 46, 39, 6, 4, 219, 128, 197, 192, 178, 23, 171, 221, 166, 31, 193, 117, 21, 223, 78, 16, 224, 105, 34, 27, 64, 187, 182, 2, 99, 211, 146, 25, 48, 119, 139, 217, 95, 79, 213, 159, 170, 89, 38, 196, 97, 160, 43, 215, 134, 184, 206, 42, 121, 24, 161, 101, 190, 5, 214, 3, 174, 175, 150, 59, 108, 88, 109, 124, 133, 61, 131, 44, 141, 218, 120, 154, 32, 35, 76, 205, 201, 67, 208, 93, 202, 9, 176, 112, 191, 222, 156, 132, 173, 152, 60, 22, 87, 130, 86, 49, 195, 29, 36, 103, 164, 163, 153, 123, 116, 96, 126, 129, 92, 26, 18, 0, 111, 113, 62, 40, 90, 33, 7, 118, 70, 115, 210, 138, 200, 13, 165, 55, 47, 110, 127, 85, 57, 106, 149, 179, 157, 12, 147, 135, 148, 104, 107, 56, 77, 28, 41, 71, 53, 136, 204, 69, 177, 185, 207, 51, 15, 172, 74, 189, 1, 20, 100, 168, 54, 158, 14, 81, 73, 162, 91, 167, 142, 68, 169, 180, 137, 212, 52, 198, 37, 82, 216, 194, 66, 75, 11, 17, 83, 140, 199, 155]",57,48,25,839.349,151,200,0.01,0.5,10
SimulatedAnnealing,T200_a0.5_i10,large_02.txt,15,200,7,321,1510,"[104, 155, 9, 108, 183, 222, 196, 105, 13, 175, 83, 194, 82, 5, 52, 148, 45, 103, 66, 65, 6, 19, 146, 178, 22, 153, 113, 215, 141, 102, 154, 50, 98, 90, 36, 59, 11, 12, 111, 1, 27, 43, 126, 100, 18, 169, 0, 124, 99, 180, 188, 209, 163, 145, 168, 15, 201, 119, 23, 31, 95, 190, 97, 60, 123, 139, 174, 149, 69, 112, 17, 205, 41, 35, 157, 10, 29, 129, 51, 133, 181, 49, 144, 75, 68, 185, 164, 177, 86, 159, 72, 131, 206, 147, 37, 122, 70, 172, 220, 127, 136, 166, 158, 2, 152, 101, 107, 40, 213, 81, 56, 34, 77, 115, 24, 143, 67, 38, 176, 93, 114, 54, 184, 179, 161, 217, 125, 8, 202, 33, 130, 132, 44, 171, 55, 200, 79, 214, 165, 186, 137, 57, 53, 106, 211, 46, 170, 80, 42, 120, 21, 192, 198, 4, 7, 140, 160, 78, 87, 89, 210, 14, 199, 39, 128, 16, 26, 74, 121, 91, 203, 216, 32, 135, 71, 62, 189, 182, 30, 195, 61, 223, 142, 48, 173, 92, 219, 204, 20, 218, 117, 167, 212, 64, 94, 118, 85, 187, 221, 116]",67,36,24,876.941,151,200,0.01,0.5,10
SimulatedAnnealing,T200_a0.5_i10,large_02.txt,15,200,8,808,1470,"[11, 91, 134, 14, 201, 126, 80, 184, 107, 106, 149, 114, 146, 128, 127, 95, 6, 198, 66, 170, 207, 177, 215, 99, 165, 173, 71, 8, 175, 21, 72, 26, 199, 186, 13, 116, 89, 180, 27, 38, 54, 166, 188, 77, 171, 179, 25, 192, 121, 219, 194, 92, 37, 223, 76, 196, 41, 203, 216, 217, 69, 30, 222, 20, 197, 28, 168, 84, 172, 104, 120, 158, 58, 211, 190, 181, 65, 45, 3, 110, 40, 67, 57, 209, 213, 31, 64, 22, 191, 18, 205, 49, 183, 73, 206, 29, 90, 70, 24, 157, 16, 63, 214, 44, 159, 34, 81, 7, 185, 0, 109, 187, 102, 189, 147, 176, 15, 136, 202, 118, 163, 100, 52, 94, 178, 221, 103, 23, 33, 122, 82, 59, 218, 101, 88, 96, 50, 195, 137, 156, 115, 62, 97, 161, 93, 135, 193, 140, 111, 60, 1, 4, 87, 117, 182, 113, 83, 108, 142, 138, 119, 47, 61, 162, 105, 74, 12, 98, 220, 169, 130, 204, 56, 39, 125, 32, 212, 75, 35, 129, 152, 210, 79, 42, 48, 9, 131, 2, 150, 167, 19, 124, 144, 51, 133, 53, 145, 5, 148, 10]",51,46,25,852.517,151,200,0.01,0.5,10
SimulatedAnnealing,T200_a0.5_i10,large_02.txt,15,200,9,777,1510,"[88, 83, 165, 154, 197, 158, 136, 221, 199, 179, 155, 76, 46, 171, 222, 215, 212, 106, 51, 140, 132, 153, 127, 39, 175, 160, 86, 178, 191, 18, 139, 125, 68, 126, 48, 189, 181, 200, 166, 80, 144, 4, 142, 109, 130, 45, 177, 195, 5, 146, 188, 6, 201, 101, 150, 3, 30, 82, 164, 107, 23, 124, 69, 58, 213, 20, 194, 152, 170, 64, 184, 219, 116, 33, 207, 180, 22, 47, 70, 14, 49, 12, 190, 183, 59, 57, 169, 72, 129, 75, 19, 209, 74, 38, 34, 97, 214, 98, 104, 89, 61, 208, 37, 211, 73, 35, 151, 161, 163, 11, 62, 84, 218, 42, 99, 54, 145, 182, 91, 119, 185, 204, 117, 108, 157, 105, 131, 187, 13, 205, 87, 113, 92, 36, 56, 138, 202, 203, 110, 206, 168, 167, 26, 114, 120, 1, 9, 141, 31, 44, 52, 173, 60, 192, 193, 217, 216, 111, 122, 224, 96, 28, 7, 174, 55, 65, 112, 128, 43, 115, 210, 24, 41, 25, 21, 148, 156, 162, 134, 78, 223, 93, 29, 8, 176, 17, 32, 2, 79, 81, 133, 94, 27, 118, 149, 16, 172, 220, 85, 0]",62,35,27,866.524,151,200,0.01,0.5,10
SimulatedAnnealing,T200_a0.5_i10,large_02.txt,15,200,10,2024,1520,"[189, 56, 71, 1, 194, 2, 126, 171, 3, 165, 43, 31, 130, 32, 18, 184, 164, 202, 125, 166, 65, 111, 116, 135, 169, 102, 186, 132, 88, 188, 117, 161, 76, 209, 77, 35, 137, 42, 6, 93, 178, 176, 75, 213, 217, 47, 214, 147, 25, 99, 50, 201, 206, 173, 92, 70, 167, 103, 154, 199, 139, 196, 177, 73, 4, 68, 30, 150, 195, 212, 58, 211, 181, 101, 64, 11, 26, 10, 159, 7, 198, 151, 108, 146, 48, 85, 106, 74, 220, 45, 224, 192, 79, 144, 49, 110, 27, 63, 87, 115, 24, 149, 114, 72, 197, 78, 120, 163, 9, 155, 82, 80, 191, 39, 17, 182, 61, 221, 5, 162, 95, 121, 22, 107, 133, 53, 158, 143, 183, 112, 38, 119, 55, 223, 16, 218, 153, 51, 180, 179, 203, 0, 175, 98, 36, 113, 94, 172, 34, 90, 118, 60, 41, 174, 129, 59, 104, 168, 222, 66, 193, 57, 204, 29, 157, 123, 67, 84, 81, 156, 109, 215, 219, 185, 62, 12, 83, 210, 96, 190, 205, 14, 89, 160, 105, 44, 100, 37, 91, 21, 8, 140, 134, 52, 187, 86, 33, 145, 13, 19]",60,42,25,875.638,151,200,0.01,0.5,10
SimulatedAnnealing,T200_a0.5_i15,large_02.txt,15,200,1,42,1400,"[122, 66, 2, 90, 45, 129, 55, 180, 34, 100, 96, 11, 42, 61, 176, 193, 161, 187, 152, 216, 119, 160, 91, 134, 188, 123, 217, 191, 194, 139, 218, 73, 132, 189, 125, 3, 36, 172, 95, 163, 114, 32, 110, 77, 58, 213, 135, 146, 76, 84, 101, 115, 138, 196, 93, 12, 204, 141, 197, 145, 98, 124, 37, 10, 153, 64, 69, 7, 20, 192, 87, 104, 89, 215, 59, 106, 190, 200, 220, 1, 105, 174, 181, 57, 175, 79, 22, 165, 185, 155, 130, 19, 167, 201, 13, 171, 65, 166, 94, 72, 51, 39, 221, 23, 46, 47, 150, 210, 50, 169, 4, 0, 85, 56, 82, 113, 43, 173, 26, 159, 53, 108, 203, 183, 120, 54, 27, 16, 144, 63, 127, 208, 157, 14, 107, 136, 111, 88, 9, 148, 97, 86, 41, 18, 184, 70, 154, 212, 178, 224, 49, 68, 156, 6, 38, 170, 74, 109, 17, 15, 128, 198, 80, 182, 149, 75, 8, 60, 177, 31, 121, 117, 207, 67, 202, 162, 35, 33, 222, 206, 112, 103, 205, 214, 102, 158, 209, 151, 81, 40, 137, 164, 78, 223, 83, 126, 179, 44, 62, 92]",62,32,23,1291.946,226,200,0.01,0.5,15
SimulatedAnnealing,T200_a0.5_i15,large_02.txt,15,200,2,7,1420,"[123, 216, 208, 193, 178, 211, 102, 149, 65, 155, 128, 160, 5, 165, 53, 119, 68, 107, 72, 126, 215, 159, 61, 98, 77, 132, 115, 73, 224, 71, 99, 91, 191, 93, 13, 197, 25, 94, 110, 57, 6, 105, 50, 112, 190, 168, 90, 69, 70, 43, 221, 39, 129, 32, 81, 56, 23, 182, 166, 156, 122, 175, 157, 111, 60, 15, 167, 14, 75, 79, 108, 170, 48, 88, 30, 174, 158, 22, 172, 83, 62, 55, 18, 35, 4, 164, 196, 100, 133, 97, 7, 152, 125, 95, 202, 27, 89, 16, 213, 47, 45, 188, 136, 2, 44, 198, 106, 41, 184, 51, 64, 130, 222, 86, 113, 220, 20, 214, 173, 85, 143, 3, 186, 120, 21, 144, 37, 195, 127, 59, 139, 92, 141, 200, 82, 210, 42, 187, 223, 212, 58, 206, 169, 9, 114, 10, 8, 134, 154, 138, 28, 137, 176, 63, 162, 124, 177, 192, 181, 1, 109, 118, 185, 52, 49, 194, 104, 74, 140, 171, 101, 209, 163, 180, 148, 26, 38, 29, 204, 142, 34, 219, 121, 131, 205, 201, 146, 78, 11, 217, 145, 150, 19, 147, 24, 135, 67, 161, 203, 54]",59,33,25,1279.139,226,200,0.01,0.5,15
SimulatedAnnealing,T200_a0.5_i15,large_02.txt,15,200,3,13,1400,"[84, 47, 148, 40, 58, 123, 171, 223, 52, 145, 63, 106, 120, 172, 216, 111, 98, 158, 206, 95, 6, 119, 150, 186, 97, 75, 19, 36, 29, 22, 1, 197, 140, 105, 73, 31, 69, 170, 130, 209, 44, 5, 200, 107, 191, 65, 85, 83, 62, 169, 152, 2, 215, 79, 92, 7, 132, 182, 211, 143, 220, 109, 53, 160, 42, 32, 166, 10, 214, 121, 146, 35, 168, 212, 173, 96, 39, 16, 138, 199, 207, 139, 56, 88, 129, 135, 76, 82, 11, 8, 157, 28, 108, 12, 48, 195, 24, 196, 23, 134, 81, 151, 64, 161, 4, 153, 122, 33, 14, 179, 9, 27, 13, 187, 176, 162, 217, 193, 21, 25, 159, 87, 68, 131, 183, 190, 177, 89, 61, 55, 155, 149, 174, 222, 94, 213, 20, 30, 0, 221, 118, 180, 86, 126, 103, 201, 128, 184, 60, 185, 125, 147, 110, 192, 67, 17, 117, 163, 72, 90, 133, 38, 51, 204, 45, 137, 78, 112, 34, 156, 141, 114, 66, 77, 189, 104, 101, 57, 224, 203, 71, 93, 218, 194, 144, 208, 124, 127, 70, 41, 219, 49, 165, 115, 99, 178, 46, 210, 3, 100]",63,27,25,1288.933,226,200,0.01,0.5,15
SimulatedAnnealing,T200_a0.5_i15,large_02.txt,15,200,4,99,1450,"[91, 117, 141, 156, 51, 1, 174, 26, 217, 109, 208, 73, 57, 162, 129, 144, 186, 3, 0, 154, 125, 82, 4, 87, 194, 108, 79, 19, 60, 173, 25, 40, 106, 16, 221, 37, 187, 216, 188, 58, 218, 90, 103, 158, 100, 81, 113, 70, 7, 77, 222, 83, 167, 63, 42, 211, 119, 30, 155, 185, 62, 135, 191, 115, 66, 223, 64, 146, 178, 180, 23, 122, 137, 49, 96, 84, 166, 104, 168, 47, 110, 56, 69, 88, 209, 50, 11, 151, 17, 53, 55, 93, 198, 139, 159, 27, 200, 164, 35, 190, 138, 176, 202, 189, 150, 175, 105, 124, 152, 149, 114, 102, 205, 212, 6, 71, 112, 170, 123, 210, 131, 132, 9, 43, 48, 12, 98, 134, 76, 204, 165, 160, 29, 183, 95, 45, 199, 195, 14, 54, 181, 142, 127, 10, 85, 161, 130, 36, 201, 214, 224, 75, 32, 18, 179, 15, 192, 116, 128, 22, 78, 24, 41, 38, 33, 89, 140, 171, 157, 215, 197, 8, 20, 136, 92, 52, 107, 145, 133, 44, 61, 172, 80, 120, 207, 59, 94, 5, 21, 31, 182, 220, 169, 118, 34, 111, 65, 99, 148, 2]",61,36,24,1294.961,226,200,0.01,0.5,15
SimulatedAnnealing,T200_a0.5_i15,large_02.txt,15,200,5,1234,1380,"[7, 224, 14, 79, 1, 124, 47, 177, 160, 128, 214, 132, 81, 215, 164, 88, 156, 3, 18, 91, 205, 111, 2, 147, 94, 223, 199, 167, 122, 33, 154, 151, 0, 202, 146, 179, 136, 114, 30, 145, 186, 31, 204, 194, 17, 162, 101, 71, 45, 141, 173, 83, 183, 103, 220, 52, 109, 184, 159, 120, 108, 213, 197, 80, 12, 137, 142, 92, 189, 196, 153, 84, 99, 180, 110, 166, 149, 144, 49, 27, 38, 11, 9, 176, 168, 125, 34, 187, 61, 157, 105, 178, 82, 32, 172, 48, 69, 185, 67, 44, 60, 127, 77, 198, 200, 15, 35, 10, 113, 193, 116, 64, 93, 21, 55, 78, 134, 115, 72, 174, 133, 22, 104, 210, 59, 23, 74, 87, 206, 95, 28, 188, 219, 20, 4, 76, 175, 73, 26, 190, 106, 201, 25, 58, 195, 152, 123, 56, 53, 161, 207, 90, 65, 216, 118, 8, 19, 158, 42, 96, 129, 217, 85, 221, 43, 130, 6, 135, 100, 51, 155, 191, 68, 40, 139, 171, 86, 112, 54, 62, 126, 148, 170, 150, 218, 13, 211, 119, 138, 117, 16, 203, 57, 89, 97, 222, 182, 29, 169, 212]",55,35,24,1284.132,226,200,0.01,0.5,15
SimulatedAnnealing,T200_a0.5_i15,large_02.txt,15,200,6,555,1430,"[7, 90, 44, 53, 75, 39, 6, 4, 219, 11, 173, 192, 145, 142, 171, 221, 98, 31, 193, 117, 23, 223, 78, 176, 76, 94, 34, 8, 64, 187, 182, 2, 99, 144, 146, 128, 48, 119, 96, 191, 95, 79, 201, 196, 170, 20, 38, 26, 97, 160, 41, 215, 105, 184, 206, 42, 121, 88, 161, 138, 190, 5, 103, 3, 174, 25, 150, 59, 108, 102, 109, 116, 133, 61, 166, 17, 141, 218, 43, 50, 27, 35, 156, 152, 195, 67, 208, 177, 202, 9, 153, 211, 85, 222, 22, 132, 123, 18, 60, 58, 87, 157, 33, 84, 83, 29, 36, 189, 164, 163, 203, 175, 124, 139, 126, 129, 92, 45, 12, 0, 40, 115, 62, 32, 199, 143, 16, 118, 70, 113, 210, 101, 154, 71, 165, 197, 47, 217, 127, 14, 135, 172, 30, 179, 55, 168, 147, 57, 81, 89, 107, 56, 112, 28, 158, 65, 159, 136, 204, 69, 151, 185, 207, 194, 15, 54, 74, 224, 1, 104, 100, 205, 106, 180, 13, 37, 73, 162, 91, 86, 140, 68, 169, 46, 66, 213, 52, 198, 148, 82, 216, 51, 122, 186, 10, 188, 125, 21, 134, 155]",58,39,23,1298.1,226,200,0.01,0.5,15
SimulatedAnnealing,T200_a0.5_i15,large_02.txt,15,200,7,321,1360,"[104, 144, 9, 75, 89, 56, 18, 105, 13, 211, 83, 194, 82, 5, 145, 27, 131, 103, 66, 25, 42, 39, 76, 178, 22, 171, 61, 215, 141, 102, 197, 50, 124, 67, 32, 72, 11, 119, 130, 34, 80, 43, 115, 24, 65, 169, 68, 220, 212, 180, 188, 209, 14, 64, 3, 175, 47, 54, 23, 127, 95, 190, 216, 60, 123, 139, 174, 149, 69, 157, 17, 205, 121, 35, 110, 10, 29, 59, 63, 154, 181, 147, 96, 206, 150, 117, 164, 100, 20, 159, 129, 134, 189, 182, 37, 177, 70, 112, 98, 51, 136, 192, 158, 2, 152, 108, 107, 52, 122, 81, 88, 201, 77, 90, 109, 143, 0, 38, 176, 93, 114, 224, 153, 179, 161, 217, 41, 8, 202, 33, 111, 132, 58, 184, 55, 200, 57, 214, 73, 186, 137, 97, 162, 106, 15, 46, 165, 170, 135, 120, 168, 166, 198, 4, 7, 140, 213, 78, 87, 99, 210, 163, 199, 148, 128, 16, 101, 74, 44, 91, 84, 53, 146, 208, 71, 62, 193, 6, 30, 195, 138, 223, 26, 48, 36, 92, 219, 204, 86, 218, 156, 167, 142, 40, 94, 118, 85, 187, 221, 116]",63,25,24,1340.766,226,200,0.01,0.5,15
SimulatedAnnealing,T200_a0.5_i15,large_02.txt,15,200,8,808,1420,"[162, 51, 134, 14, 200, 126, 172, 190, 107, 160, 26, 114, 94, 128, 79, 88, 6, 198, 66, 97, 207, 177, 224, 99, 165, 151, 71, 11, 175, 119, 104, 81, 199, 29, 13, 116, 89, 180, 181, 38, 112, 85, 113, 77, 201, 179, 25, 192, 58, 219, 54, 48, 35, 223, 76, 196, 43, 98, 143, 8, 87, 30, 159, 158, 166, 28, 188, 0, 80, 217, 120, 56, 61, 211, 78, 20, 91, 45, 3, 27, 41, 40, 67, 209, 213, 31, 64, 22, 191, 18, 214, 105, 183, 73, 49, 153, 93, 70, 24, 4, 16, 63, 115, 205, 146, 34, 102, 7, 185, 110, 19, 216, 37, 189, 147, 176, 15, 131, 123, 187, 163, 100, 52, 101, 178, 221, 103, 109, 33, 122, 168, 59, 218, 82, 106, 96, 57, 164, 137, 156, 111, 149, 121, 154, 108, 203, 222, 140, 135, 136, 1, 90, 69, 145, 84, 50, 68, 17, 125, 75, 46, 47, 133, 142, 155, 74, 12, 44, 220, 169, 130, 138, 193, 39, 83, 32, 212, 118, 72, 129, 150, 210, 127, 36, 194, 9, 206, 2, 152, 173, 23, 124, 144, 167, 197, 53, 170, 5, 148, 10]",52,40,25,1305.028,226,200,0.01,0.5,15
SimulatedAnnealing,T200_a0.5_i15,large_02.txt,15,200,9,777,1490,"[88, 83, 165, 32, 5, 57, 173, 15, 77, 179, 150, 76, 46, 193, 222, 215, 69, 153, 20, 171, 132, 186, 41, 42, 6, 160, 86, 178, 191, 159, 14, 125, 68, 126, 48, 66, 74, 107, 166, 63, 10, 23, 142, 218, 11, 224, 177, 195, 172, 4, 188, 95, 120, 101, 123, 3, 121, 82, 164, 39, 146, 124, 94, 192, 190, 18, 194, 223, 16, 60, 97, 219, 116, 33, 111, 180, 135, 47, 70, 199, 49, 12, 213, 183, 51, 129, 169, 72, 56, 175, 26, 209, 106, 38, 34, 59, 214, 98, 17, 89, 212, 208, 198, 211, 110, 35, 93, 161, 163, 73, 62, 84, 152, 200, 99, 54, 162, 182, 91, 119, 185, 140, 174, 108, 90, 105, 131, 187, 13, 143, 87, 113, 31, 36, 103, 189, 104, 137, 64, 206, 168, 167, 40, 139, 201, 1, 9, 141, 102, 44, 109, 158, 207, 138, 203, 217, 216, 78, 122, 45, 202, 28, 148, 170, 55, 65, 112, 128, 43, 115, 210, 52, 127, 25, 21, 22, 24, 145, 61, 197, 92, 136, 29, 8, 176, 156, 154, 196, 151, 81, 117, 134, 27, 118, 149, 133, 147, 220, 85, 0]",60,37,26,1293.193,226,200,0.01,0.5,15
SimulatedAnnealing,T200_a0.5_i15,large_02.txt,15,200,10,2024,1450,"[189, 23, 71, 81, 63, 2, 130, 171, 3, 165, 97, 52, 163, 128, 18, 102, 131, 146, 125, 193, 66, 153, 116, 5, 169, 59, 186, 124, 224, 154, 202, 149, 15, 86, 77, 35, 91, 177, 135, 25, 34, 134, 75, 213, 168, 47, 199, 194, 98, 221, 147, 216, 58, 148, 92, 219, 4, 138, 200, 170, 139, 104, 137, 94, 208, 79, 121, 179, 40, 100, 157, 211, 46, 101, 64, 11, 126, 10, 215, 7, 127, 151, 108, 20, 48, 85, 26, 53, 220, 45, 217, 191, 190, 144, 182, 110, 56, 73, 178, 115, 32, 152, 114, 72, 185, 78, 111, 106, 195, 142, 82, 197, 196, 201, 218, 123, 9, 99, 120, 162, 132, 54, 22, 42, 93, 74, 50, 49, 150, 164, 38, 119, 55, 87, 16, 61, 69, 129, 51, 29, 203, 210, 118, 24, 36, 113, 143, 172, 214, 90, 175, 60, 223, 174, 95, 136, 96, 133, 39, 103, 222, 188, 204, 183, 140, 65, 67, 145, 17, 156, 109, 180, 68, 158, 27, 12, 83, 207, 31, 1, 205, 14, 89, 160, 0, 117, 57, 37, 167, 21, 155, 206, 176, 107, 70, 209, 33, 84, 13, 43]",61,32,26,1303.07,226,200,0.01,0.5,15
SimulatedAnnealing,T200_a0.5_i25,large_02.txt,15,200,1,42,1350,"[122, 105, 2, 132, 26, 157, 91, 172, 59, 31, 141, 8, 167, 35, 176, 23, 161, 61, 124, 32, 181, 66, 152, 168, 188, 85, 217, 38, 194, 83, 68, 111, 30, 52, 125, 78, 36, 25, 82, 175, 142, 93, 110, 77, 27, 216, 42, 6, 76, 210, 92, 115, 138, 40, 187, 12, 204, 55, 170, 184, 98, 154, 149, 10, 192, 195, 21, 7, 207, 96, 159, 165, 123, 88, 34, 126, 190, 199, 220, 86, 95, 174, 49, 48, 103, 69, 119, 150, 156, 155, 130, 19, 133, 4, 9, 171, 148, 106, 94, 72, 51, 65, 46, 208, 71, 47, 166, 131, 202, 28, 201, 0, 5, 224, 139, 37, 104, 64, 158, 215, 57, 219, 214, 79, 120, 44, 97, 16, 144, 63, 118, 178, 203, 14, 22, 143, 185, 183, 189, 39, 163, 177, 53, 18, 218, 70, 114, 90, 193, 129, 136, 108, 140, 13, 102, 135, 74, 109, 128, 213, 180, 169, 107, 182, 160, 205, 54, 60, 179, 145, 99, 117, 211, 101, 3, 50, 146, 24, 113, 134, 67, 173, 75, 162, 33, 87, 209, 151, 81, 127, 212, 84, 191, 15, 186, 20, 196, 221, 17, 164]",54,35,23,2117.89,376,200,0.01,0.5,25
SimulatedAnnealing,T200_a0.5_i25,large_02.txt,15,200,2,7,1310,"[78, 119, 208, 14, 1, 172, 102, 125, 218, 56, 123, 189, 146, 5, 181, 116, 40, 150, 54, 63, 50, 58, 170, 87, 77, 101, 109, 192, 133, 71, 99, 163, 22, 24, 74, 167, 38, 67, 110, 137, 6, 182, 83, 112, 190, 20, 183, 178, 176, 12, 76, 0, 129, 89, 165, 115, 174, 64, 34, 49, 157, 68, 151, 66, 121, 33, 180, 36, 39, 168, 55, 175, 48, 72, 30, 82, 158, 29, 75, 103, 59, 111, 185, 224, 210, 219, 198, 100, 2, 60, 135, 152, 131, 217, 171, 122, 128, 18, 213, 61, 196, 45, 91, 4, 44, 201, 193, 47, 90, 220, 156, 10, 35, 86, 216, 164, 215, 79, 173, 25, 143, 94, 8, 120, 107, 84, 57, 199, 197, 136, 139, 27, 184, 204, 21, 117, 42, 145, 118, 9, 140, 166, 169, 212, 114, 28, 92, 134, 154, 179, 214, 141, 211, 3, 105, 159, 147, 11, 132, 80, 222, 188, 65, 52, 16, 194, 144, 13, 88, 106, 53, 104, 187, 73, 138, 7, 46, 191, 130, 142, 124, 221, 98, 70, 223, 207, 113, 81, 108, 186, 162, 31, 62, 177, 205, 23, 148, 161, 15, 41]",54,29,24,2149.514,376,200,0.01,0.5,25
SimulatedAnnealing,T200_a0.5_i25,large_02.txt,15,200,3,13,1370,"[142, 47, 188, 64, 106, 123, 171, 33, 52, 20, 3, 153, 60, 143, 216, 111, 186, 148, 176, 42, 180, 198, 217, 74, 137, 125, 0, 44, 12, 96, 1, 197, 18, 55, 73, 191, 63, 103, 94, 48, 51, 5, 200, 107, 53, 102, 126, 212, 87, 169, 178, 223, 165, 221, 92, 43, 28, 93, 50, 6, 220, 86, 100, 36, 45, 32, 72, 10, 13, 75, 162, 209, 57, 210, 201, 190, 91, 16, 37, 199, 97, 139, 56, 88, 130, 116, 166, 196, 54, 8, 157, 159, 135, 29, 115, 195, 214, 179, 23, 134, 25, 151, 31, 161, 224, 207, 82, 67, 81, 128, 174, 27, 24, 121, 21, 175, 150, 193, 138, 68, 4, 110, 160, 131, 80, 70, 177, 2, 61, 105, 58, 84, 218, 71, 149, 213, 78, 30, 69, 22, 118, 206, 65, 215, 26, 49, 183, 184, 59, 185, 62, 39, 156, 101, 170, 19, 79, 83, 119, 132, 17, 38, 205, 194, 145, 77, 136, 120, 34, 35, 141, 114, 98, 211, 172, 104, 117, 167, 164, 163, 129, 182, 122, 204, 189, 127, 146, 192, 144, 41, 158, 155, 108, 187, 113, 140, 46, 89, 9, 112]",54,33,25,2117.219,376,200,0.01,0.5,25
SimulatedAnnealing,T200_a0.5_i25,large_02.txt,15,200,4,99,1440,"[60, 143, 141, 144, 74, 42, 211, 162, 34, 138, 165, 86, 223, 148, 4, 181, 186, 3, 91, 75, 190, 82, 7, 33, 163, 107, 61, 19, 213, 200, 224, 21, 120, 49, 97, 175, 15, 18, 188, 210, 79, 209, 103, 140, 218, 160, 113, 219, 110, 77, 37, 83, 167, 22, 196, 55, 169, 30, 172, 129, 62, 35, 54, 115, 109, 26, 45, 125, 178, 180, 199, 122, 179, 108, 127, 217, 166, 130, 168, 39, 98, 94, 32, 88, 177, 50, 53, 1, 102, 119, 2, 93, 96, 139, 9, 44, 57, 10, 161, 184, 117, 8, 185, 189, 23, 46, 153, 124, 80, 149, 29, 156, 205, 212, 6, 71, 112, 104, 123, 170, 131, 183, 198, 101, 48, 41, 69, 195, 81, 24, 221, 13, 90, 31, 67, 65, 121, 14, 215, 164, 146, 133, 114, 176, 85, 147, 137, 27, 202, 214, 187, 203, 72, 43, 16, 73, 192, 136, 78, 40, 12, 5, 66, 132, 38, 89, 100, 171, 28, 194, 64, 87, 63, 206, 47, 52, 36, 216, 142, 173, 105, 158, 151, 201, 207, 222, 208, 17, 106, 0, 56, 84, 155, 118, 95, 111, 174, 99, 182, 135]",64,30,25,2169.865,376,200,0.01,0.5,25
SimulatedAnnealing,T200_a0.5_i25,large_02.txt,15,200,5,1234,1360,"[7, 93, 177, 152, 37, 23, 42, 186, 76, 54, 8, 10, 41, 215, 164, 163, 161, 5, 48, 101, 147, 134, 194, 110, 193, 34, 82, 104, 122, 33, 154, 151, 221, 20, 66, 179, 136, 68, 185, 140, 36, 131, 31, 1, 21, 129, 75, 206, 45, 137, 173, 159, 216, 103, 38, 0, 109, 176, 49, 71, 12, 19, 127, 165, 118, 61, 142, 128, 189, 2, 58, 133, 139, 195, 184, 166, 149, 27, 99, 153, 213, 212, 135, 141, 205, 191, 192, 44, 50, 32, 95, 203, 201, 157, 55, 111, 204, 59, 67, 219, 188, 155, 121, 198, 197, 106, 144, 208, 220, 187, 183, 84, 65, 120, 46, 16, 214, 115, 72, 217, 169, 35, 60, 26, 181, 207, 74, 87, 86, 124, 28, 29, 196, 174, 167, 158, 175, 146, 43, 64, 47, 126, 25, 3, 15, 14, 123, 22, 70, 160, 51, 24, 168, 89, 156, 150, 199, 80, 180, 96, 117, 92, 85, 210, 39, 30, 105, 78, 100, 102, 17, 125, 90, 11, 112, 171, 18, 108, 190, 6, 40, 119, 172, 143, 218, 56, 145, 83, 138, 162, 91, 73, 57, 53, 209, 222, 224, 4, 98, 94]",55,35,23,2174.572,376,200,0.01,0.5,25
SimulatedAnnealing,T200_a0.5_i25,large_02.txt,15,200,6,555,1310,"[34, 114, 0, 30, 46, 39, 6, 4, 219, 206, 57, 45, 145, 52, 171, 221, 166, 33, 10, 117, 23, 175, 78, 108, 82, 94, 125, 8, 182, 97, 84, 96, 26, 211, 132, 200, 48, 119, 129, 216, 95, 101, 59, 139, 220, 20, 38, 158, 136, 58, 32, 215, 42, 98, 143, 194, 168, 102, 161, 113, 190, 124, 115, 51, 5, 22, 64, 123, 223, 151, 109, 197, 205, 61, 142, 159, 141, 14, 70, 116, 19, 35, 89, 183, 195, 3, 208, 199, 107, 9, 105, 203, 88, 120, 137, 218, 68, 79, 110, 148, 87, 31, 80, 62, 83, 49, 63, 178, 196, 91, 17, 160, 174, 193, 126, 213, 75, 99, 56, 44, 50, 93, 191, 122, 90, 24, 60, 118, 36, 134, 210, 138, 154, 71, 170, 201, 47, 209, 127, 85, 172, 202, 214, 2, 128, 111, 13, 212, 222, 188, 144, 184, 92, 28, 224, 65, 53, 135, 41, 69, 177, 185, 207, 192, 153, 176, 74, 179, 1, 12, 100, 15, 55, 180, 187, 81, 173, 162, 155, 167, 131, 165, 25, 77, 147, 164, 198, 21, 37, 18, 133, 67, 72, 16, 152, 104, 156, 73, 146, 106]",64,21,23,2136.345,376,200,0.01,0.5,25
SimulatedAnnealing,T200_a0.5_i25,large_02.txt,15,200,7,321,1300,"[104, 101, 115, 75, 36, 222, 3, 105, 13, 211, 83, 93, 91, 5, 52, 134, 202, 9, 31, 121, 6, 73, 146, 178, 22, 133, 61, 215, 141, 102, 197, 50, 214, 103, 183, 129, 110, 131, 154, 119, 53, 35, 156, 100, 18, 19, 0, 56, 89, 180, 200, 209, 163, 57, 212, 15, 155, 201, 161, 127, 1, 190, 181, 60, 123, 187, 45, 149, 69, 49, 17, 12, 68, 14, 28, 106, 84, 172, 21, 10, 194, 182, 77, 58, 41, 179, 54, 219, 137, 159, 157, 138, 213, 150, 37, 122, 70, 59, 220, 25, 136, 166, 175, 2, 152, 65, 63, 177, 82, 81, 210, 88, 158, 90, 205, 143, 67, 23, 167, 168, 114, 125, 207, 185, 86, 188, 79, 4, 199, 33, 184, 132, 206, 145, 55, 217, 144, 96, 26, 186, 203, 147, 162, 113, 47, 46, 218, 80, 27, 120, 117, 192, 189, 8, 7, 140, 160, 78, 87, 130, 148, 76, 139, 39, 72, 16, 153, 74, 111, 38, 66, 109, 32, 135, 71, 62, 20, 112, 30, 195, 11, 223, 51, 48, 29, 92, 171, 204, 97, 107, 24, 176, 191, 64, 94, 118, 85, 193, 221, 116]",59,27,22,2148.727,376,200,0.01,0.5,25
SimulatedAnnealing,T200_a0.5_i25,large_02.txt,15,200,8,808,1240,"[11, 91, 134, 14, 47, 149, 80, 147, 107, 82, 26, 114, 168, 128, 79, 8, 6, 5, 113, 2, 215, 67, 209, 99, 3, 163, 61, 35, 175, 1, 222, 85, 106, 210, 13, 143, 135, 180, 205, 182, 194, 81, 122, 77, 184, 49, 25, 196, 58, 39, 54, 220, 110, 97, 76, 218, 46, 173, 203, 126, 87, 125, 186, 137, 101, 28, 154, 20, 65, 159, 78, 86, 37, 211, 185, 9, 92, 171, 199, 29, 105, 90, 51, 207, 213, 202, 64, 119, 191, 0, 27, 55, 153, 167, 71, 183, 93, 70, 131, 4, 16, 223, 214, 36, 45, 34, 48, 7, 165, 18, 219, 187, 123, 189, 43, 176, 42, 157, 19, 118, 112, 100, 52, 66, 178, 221, 103, 84, 33, 59, 95, 127, 144, 30, 73, 197, 57, 195, 132, 156, 192, 142, 161, 130, 108, 109, 145, 140, 88, 139, 120, 224, 69, 117, 68, 146, 98, 17, 24, 121, 208, 200, 89, 162, 155, 74, 12, 164, 174, 169, 198, 60, 193, 23, 177, 32, 212, 63, 72, 129, 152, 94, 102, 75, 179, 181, 10, 22, 50, 216, 62, 124, 204, 56, 96, 53, 104, 116, 148, 44]",55,29,20,2173.587,376,200,0.01,0.5,25
SimulatedAnnealing,T200_a0.5_i25,large_02.txt,15,200,9,777,1420,"[207, 53, 211, 105, 5, 93, 136, 21, 140, 179, 155, 76, 129, 13, 91, 221, 79, 123, 133, 126, 61, 62, 194, 42, 0, 160, 8, 149, 191, 159, 205, 125, 68, 85, 52, 37, 7, 188, 202, 94, 134, 57, 142, 109, 9, 146, 152, 161, 128, 84, 190, 95, 193, 153, 67, 222, 121, 82, 164, 107, 4, 198, 170, 181, 34, 215, 182, 177, 86, 70, 97, 219, 116, 33, 111, 180, 2, 14, 60, 157, 66, 162, 26, 183, 39, 59, 63, 72, 216, 175, 163, 185, 201, 165, 74, 36, 104, 171, 87, 89, 172, 127, 23, 38, 56, 35, 154, 98, 199, 22, 58, 196, 195, 6, 99, 144, 78, 139, 3, 187, 151, 12, 115, 48, 102, 145, 110, 209, 138, 47, 1, 189, 223, 213, 103, 64, 51, 54, 81, 206, 168, 10, 135, 114, 120, 197, 137, 141, 118, 44, 24, 80, 20, 130, 124, 217, 203, 88, 122, 224, 132, 28, 30, 117, 55, 31, 158, 131, 43, 19, 106, 45, 150, 25, 166, 173, 212, 204, 40, 17, 92, 148, 214, 96, 176, 156, 65, 167, 101, 73, 108, 143, 75, 90, 178, 16, 100, 50, 41, 119]",50,40,26,2155.414,376,200,0.01,0.5,25
SimulatedAnnealing,T200_a0.5_i25,large_02.txt,15,200,10,2024,1380,"[73, 23, 71, 14, 63, 74, 31, 193, 3, 165, 167, 96, 65, 159, 43, 87, 20, 146, 125, 141, 174, 30, 22, 81, 27, 59, 186, 92, 224, 89, 15, 161, 133, 108, 77, 143, 64, 163, 120, 25, 205, 57, 75, 98, 24, 47, 66, 68, 104, 36, 147, 39, 26, 148, 152, 136, 131, 124, 196, 134, 2, 5, 184, 138, 206, 217, 121, 17, 166, 100, 58, 211, 157, 101, 183, 191, 8, 10, 215, 7, 198, 109, 86, 117, 48, 85, 4, 185, 222, 197, 175, 154, 190, 160, 182, 110, 132, 40, 188, 115, 208, 192, 114, 72, 149, 168, 56, 122, 195, 79, 127, 80, 6, 201, 142, 97, 9, 221, 105, 162, 212, 54, 50, 88, 93, 53, 189, 199, 209, 164, 123, 119, 126, 194, 16, 61, 51, 202, 180, 29, 203, 210, 139, 213, 223, 113, 94, 172, 218, 90, 155, 60, 99, 1, 129, 45, 214, 70, 177, 103, 220, 106, 204, 44, 140, 178, 216, 145, 76, 156, 52, 130, 219, 84, 169, 12, 83, 207, 18, 49, 28, 170, 137, 176, 0, 82, 62, 37, 32, 35, 55, 181, 69, 107, 111, 150, 13, 158, 33, 19]",50,36,26,2112.901,376,200,0.01,0.5,25
SimulatedAnnealing,T200_a0.7_i10,large_02.txt,15,200,1,42,1330,"[122, 66, 2, 90, 45, 129, 55, 180, 34, 6, 96, 11, 42, 43, 176, 193, 161, 187, 152, 216, 119, 160, 91, 168, 188, 103, 217, 191, 194, 134, 218, 85, 132, 189, 125, 3, 36, 116, 8, 163, 114, 118, 110, 77, 58, 213, 135, 146, 76, 84, 61, 115, 138, 196, 143, 12, 204, 62, 195, 145, 98, 154, 53, 10, 38, 64, 93, 7, 20, 192, 158, 104, 89, 215, 59, 106, 190, 199, 220, 86, 105, 166, 46, 57, 175, 131, 22, 63, 185, 155, 130, 19, 28, 4, 13, 171, 148, 174, 94, 72, 51, 39, 107, 23, 21, 47, 150, 210, 50, 169, 201, 0, 40, 219, 82, 56, 142, 173, 26, 159, 37, 108, 203, 183, 221, 54, 79, 16, 144, 165, 127, 208, 178, 14, 197, 136, 111, 88, 9, 65, 97, 1, 41, 18, 184, 70, 83, 212, 95, 224, 49, 68, 170, 25, 30, 124, 74, 109, 100, 223, 133, 198, 80, 182, 149, 75, 101, 60, 177, 31, 121, 117, 207, 67, 202, 162, 35, 33, 222, 206, 112, 153, 205, 214, 102, 87, 209, 151, 81, 29, 71, 52, 78, 15, 120, 126, 179, 128, 141, 92]",69,20,22,1585.263,281,200,0.01,0.7,10
SimulatedAnnealing,T200_a0.7_i10,large_02.txt,15,200,2,7,1430,"[111, 94, 208, 162, 87, 172, 4, 218, 65, 115, 11, 67, 5, 81, 22, 219, 102, 23, 187, 119, 167, 193, 170, 118, 101, 105, 155, 198, 185, 71, 43, 24, 133, 121, 13, 103, 150, 189, 110, 19, 6, 64, 153, 143, 190, 168, 90, 58, 70, 179, 222, 39, 91, 16, 186, 74, 40, 182, 135, 92, 122, 175, 129, 109, 28, 221, 144, 3, 123, 51, 68, 31, 84, 160, 195, 117, 124, 29, 53, 83, 151, 55, 206, 35, 127, 210, 196, 100, 49, 97, 7, 152, 164, 106, 202, 33, 128, 107, 213, 47, 45, 188, 56, 191, 44, 205, 169, 41, 184, 220, 108, 130, 99, 86, 82, 75, 215, 214, 173, 136, 112, 37, 69, 120, 21, 157, 38, 224, 181, 165, 139, 60, 141, 10, 207, 61, 178, 145, 223, 212, 80, 98, 183, 9, 114, 2, 126, 134, 154, 138, 8, 137, 42, 0, 93, 159, 177, 192, 158, 72, 66, 199, 85, 52, 197, 194, 132, 59, 113, 171, 79, 209, 163, 180, 14, 26, 46, 89, 204, 76, 34, 104, 73, 131, 142, 201, 146, 78, 15, 217, 116, 25, 95, 147, 140, 17, 20, 161, 203, 54]",58,37,24,1579.168,281,200,0.01,0.7,10
SimulatedAnnealing,T200_a0.7_i10,large_02.txt,15,200,3,13,1360,"[174, 47, 58, 111, 56, 123, 171, 33, 52, 126, 63, 106, 170, 176, 216, 65, 133, 31, 206, 64, 117, 119, 150, 188, 101, 75, 19, 73, 29, 25, 209, 197, 55, 105, 189, 136, 69, 99, 130, 1, 36, 5, 200, 107, 191, 201, 85, 50, 95, 14, 48, 2, 215, 79, 92, 7, 202, 182, 211, 143, 74, 116, 53, 160, 42, 32, 57, 10, 24, 121, 54, 35, 168, 9, 210, 142, 39, 16, 138, 100, 207, 139, 148, 88, 94, 98, 196, 82, 20, 8, 167, 28, 108, 12, 132, 195, 214, 76, 23, 49, 109, 144, 81, 161, 4, 153, 205, 223, 62, 149, 164, 27, 6, 187, 113, 162, 217, 193, 21, 177, 26, 129, 222, 131, 78, 204, 11, 224, 61, 140, 40, 68, 219, 43, 192, 213, 173, 17, 0, 221, 118, 180, 86, 128, 15, 134, 84, 184, 60, 185, 125, 147, 145, 190, 178, 30, 37, 163, 97, 90, 157, 212, 51, 22, 45, 137, 103, 112, 34, 156, 141, 179, 66, 77, 89, 104, 172, 166, 80, 203, 218, 93, 67, 194, 151, 208, 124, 72, 91, 41, 38, 155, 122, 87, 59, 198, 46, 158, 3, 120]",64,24,24,1574.669,281,200,0.01,0.7,10
SimulatedAnnealing,T200_a0.7_i10,large_02.txt,15,200,4,99,1420,"[60, 65, 100, 29, 1, 0, 79, 144, 217, 109, 195, 73, 57, 162, 129, 51, 208, 3, 209, 154, 125, 82, 30, 87, 194, 44, 56, 19, 130, 215, 25, 76, 152, 163, 197, 37, 187, 216, 188, 224, 69, 218, 17, 158, 221, 160, 113, 70, 7, 77, 151, 83, 167, 22, 119, 120, 90, 4, 68, 97, 62, 135, 179, 115, 147, 166, 64, 91, 178, 63, 23, 122, 124, 148, 32, 84, 193, 104, 123, 39, 75, 153, 138, 161, 213, 50, 11, 34, 168, 53, 173, 93, 96, 139, 159, 36, 200, 164, 114, 190, 143, 176, 201, 106, 219, 46, 105, 169, 141, 149, 156, 13, 205, 212, 6, 71, 165, 170, 103, 21, 33, 132, 9, 43, 48, 12, 98, 146, 72, 204, 112, 61, 196, 183, 86, 45, 134, 40, 118, 54, 181, 133, 126, 10, 85, 88, 137, 27, 202, 214, 199, 117, 26, 18, 41, 15, 192, 206, 128, 16, 78, 24, 189, 223, 102, 89, 140, 171, 191, 174, 20, 8, 180, 136, 92, 52, 107, 145, 142, 49, 81, 172, 80, 116, 207, 59, 28, 5, 210, 31, 58, 220, 175, 14, 121, 111, 127, 99, 101, 2]",60,34,24,1606.827,281,200,0.01,0.7,10
SimulatedAnnealing,T200_a0.7_i10,large_02.txt,15,200,5,1234,1360,"[7, 81, 177, 176, 1, 124, 47, 148, 70, 95, 123, 140, 41, 215, 164, 102, 161, 38, 18, 91, 23, 111, 211, 147, 163, 169, 199, 0, 122, 33, 154, 151, 94, 28, 216, 179, 136, 3, 30, 157, 31, 132, 32, 197, 69, 160, 120, 71, 24, 117, 173, 83, 183, 103, 181, 52, 129, 137, 159, 184, 108, 213, 192, 80, 58, 101, 142, 14, 189, 196, 153, 168, 200, 180, 135, 166, 149, 29, 106, 20, 8, 11, 92, 50, 55, 125, 34, 141, 60, 174, 121, 63, 82, 150, 172, 48, 17, 185, 67, 105, 56, 127, 77, 217, 39, 15, 162, 10, 113, 193, 112, 64, 93, 66, 165, 223, 187, 115, 72, 68, 133, 45, 104, 210, 59, 205, 74, 87, 75, 128, 22, 188, 2, 27, 167, 152, 175, 73, 26, 190, 42, 201, 25, 12, 195, 170, 51, 78, 53, 156, 224, 90, 49, 146, 65, 61, 19, 158, 99, 96, 109, 36, 204, 98, 76, 130, 62, 110, 85, 214, 21, 191, 219, 209, 100, 171, 86, 144, 54, 6, 212, 9, 131, 107, 218, 13, 134, 119, 138, 43, 220, 203, 57, 89, 198, 222, 182, 4, 37, 221]",48,38,25,1590.143,281,200,0.01,0.7,10
SimulatedAnnealing,T200_a0.7_i10,large_02.txt,15,200,6,555,1440,"[7, 201, 0, 175, 199, 39, 6, 67, 219, 10, 129, 4, 180, 23, 171, 221, 166, 31, 80, 117, 142, 177, 78, 11, 87, 88, 102, 8, 64, 187, 182, 167, 99, 46, 146, 125, 110, 220, 178, 217, 95, 162, 116, 164, 203, 20, 38, 159, 97, 185, 83, 215, 115, 49, 206, 43, 121, 98, 113, 138, 190, 181, 211, 51, 174, 149, 150, 59, 176, 45, 22, 209, 90, 61, 131, 17, 18, 218, 52, 170, 41, 35, 63, 183, 195, 192, 208, 104, 172, 9, 153, 112, 85, 222, 109, 132, 161, 29, 60, 21, 130, 73, 86, 84, 34, 152, 27, 143, 196, 163, 53, 173, 124, 139, 126, 128, 92, 26, 12, 44, 155, 48, 62, 32, 105, 136, 16, 118, 70, 134, 210, 54, 154, 141, 91, 55, 47, 123, 127, 14, 3, 165, 189, 179, 157, 204, 50, 57, 81, 96, 107, 214, 184, 69, 40, 65, 24, 122, 168, 28, 151, 160, 5, 135, 15, 106, 74, 56, 1, 89, 200, 205, 101, 37, 13, 120, 158, 79, 191, 212, 140, 68, 169, 75, 137, 94, 42, 198, 148, 82, 216, 194, 66, 186, 144, 188, 108, 71, 76, 145]",59,41,22,1602.711,281,200,0.01,0.7,10
SimulatedAnnealing,T200_a0.7_i10,large_02.txt,15,200,7,321,1340,"[104, 84, 9, 222, 32, 56, 196, 23, 13, 14, 83, 44, 82, 5, 91, 134, 101, 150, 28, 65, 6, 158, 146, 178, 22, 171, 113, 215, 141, 102, 107, 50, 98, 63, 64, 72, 11, 119, 132, 41, 145, 180, 115, 24, 165, 118, 0, 220, 89, 69, 188, 209, 163, 157, 191, 15, 152, 54, 161, 127, 86, 190, 53, 67, 123, 139, 174, 149, 43, 112, 17, 205, 25, 35, 76, 153, 73, 172, 1, 133, 181, 147, 79, 206, 27, 177, 160, 109, 154, 159, 129, 110, 88, 182, 37, 8, 70, 59, 124, 51, 136, 166, 155, 2, 31, 183, 142, 103, 20, 81, 75, 202, 148, 90, 100, 143, 60, 38, 176, 93, 114, 224, 10, 179, 144, 217, 95, 97, 126, 33, 111, 192, 58, 184, 55, 4, 57, 214, 21, 223, 137, 138, 162, 106, 3, 46, 193, 80, 42, 120, 117, 130, 198, 200, 7, 140, 164, 78, 87, 99, 210, 36, 175, 19, 128, 16, 96, 74, 29, 156, 66, 216, 125, 173, 71, 62, 189, 49, 186, 195, 12, 30, 26, 48, 45, 92, 219, 204, 122, 218, 52, 212, 151, 40, 94, 169, 85, 187, 221, 116]",54,34,23,1553.894,281,200,0.01,0.7,10
SimulatedAnnealing,T200_a0.7_i10,large_02.txt,15,200,8,808,1390,"[162, 141, 199, 14, 200, 126, 80, 134, 107, 160, 26, 114, 46, 149, 127, 42, 214, 6, 66, 67, 207, 177, 143, 99, 172, 44, 136, 224, 175, 21, 104, 85, 216, 204, 13, 116, 148, 117, 118, 211, 112, 81, 89, 62, 139, 101, 25, 192, 58, 39, 54, 158, 113, 213, 76, 196, 188, 43, 115, 220, 87, 217, 159, 61, 95, 28, 129, 179, 182, 82, 120, 157, 110, 98, 190, 20, 65, 45, 35, 131, 15, 56, 128, 209, 193, 29, 64, 2, 191, 18, 154, 105, 153, 109, 206, 94, 93, 70, 24, 4, 16, 223, 49, 36, 222, 34, 102, 7, 185, 0, 202, 187, 72, 189, 198, 176, 170, 133, 195, 164, 163, 100, 174, 60, 178, 221, 103, 147, 33, 122, 123, 59, 165, 92, 37, 75, 146, 219, 41, 145, 135, 57, 121, 130, 108, 32, 215, 140, 111, 50, 48, 90, 125, 180, 71, 151, 68, 17, 55, 169, 186, 47, 97, 11, 155, 74, 12, 84, 184, 138, 8, 88, 63, 23, 83, 203, 69, 27, 167, 52, 150, 210, 79, 183, 194, 9, 106, 22, 152, 173, 86, 124, 181, 40, 197, 5, 156, 53, 77, 10]",53,34,26,1632.421,281,200,0.01,0.7,10
SimulatedAnnealing,T200_a0.7_i10,large_02.txt,15,200,9,777,1400,"[88, 83, 157, 32, 5, 7, 173, 213, 77, 179, 155, 76, 51, 193, 222, 215, 6, 153, 203, 2, 132, 186, 127, 42, 60, 160, 86, 178, 191, 159, 14, 126, 28, 199, 48, 53, 74, 107, 93, 63, 189, 23, 142, 58, 73, 45, 30, 195, 197, 84, 123, 171, 26, 101, 188, 3, 121, 82, 164, 39, 79, 124, 94, 138, 75, 165, 152, 177, 8, 146, 97, 219, 38, 33, 111, 180, 135, 47, 70, 134, 67, 140, 15, 183, 104, 129, 49, 72, 56, 175, 46, 69, 106, 116, 34, 36, 214, 98, 17, 22, 212, 182, 210, 211, 172, 35, 10, 198, 163, 192, 43, 4, 223, 200, 99, 96, 162, 108, 91, 119, 185, 12, 174, 208, 90, 105, 131, 187, 13, 143, 29, 113, 31, 59, 103, 95, 54, 148, 218, 206, 168, 167, 40, 205, 201, 1, 181, 141, 118, 44, 176, 158, 207, 130, 204, 9, 216, 78, 122, 224, 202, 68, 37, 170, 55, 65, 112, 128, 62, 115, 20, 52, 41, 25, 21, 89, 24, 18, 61, 64, 92, 136, 147, 16, 109, 156, 154, 194, 151, 81, 117, 125, 27, 102, 149, 133, 150, 169, 85, 0]",60,34,23,1613.567,281,200,0.01,0.7,10
SimulatedAnnealing,T200_a0.7_i10,large_02.txt,15,200,10,2024,1430,"[189, 42, 71, 170, 73, 2, 130, 171, 3, 165, 105, 96, 173, 81, 6, 184, 115, 146, 125, 212, 156, 153, 37, 5, 190, 59, 26, 65, 63, 149, 117, 46, 41, 108, 77, 35, 91, 112, 135, 25, 34, 57, 75, 97, 128, 47, 1, 23, 178, 22, 147, 39, 4, 218, 92, 166, 161, 50, 200, 122, 139, 80, 137, 132, 208, 79, 121, 29, 219, 100, 14, 20, 58, 101, 64, 11, 32, 10, 215, 7, 198, 151, 86, 206, 48, 85, 186, 74, 120, 45, 223, 154, 201, 144, 49, 110, 27, 224, 193, 133, 185, 152, 114, 72, 167, 102, 62, 106, 195, 31, 129, 182, 18, 169, 148, 143, 9, 221, 134, 162, 95, 99, 54, 177, 93, 53, 30, 104, 150, 164, 38, 119, 66, 15, 16, 61, 56, 82, 52, 179, 203, 210, 118, 213, 28, 113, 204, 172, 214, 90, 175, 60, 188, 174, 36, 142, 196, 168, 88, 103, 220, 43, 217, 183, 140, 163, 67, 145, 89, 55, 127, 199, 68, 84, 197, 12, 83, 207, 187, 124, 205, 24, 194, 176, 0, 44, 87, 138, 126, 21, 8, 181, 69, 107, 111, 209, 33, 158, 13, 19]",62,31,25,1602.454,281,200,0.01,0.7,10
SimulatedAnnealing,T200_a0.7_i15,large_02.txt,15,200,1,42,1330,"[177, 136, 2, 104, 21, 157, 93, 150, 6, 5, 96, 8, 42, 197, 176, 22, 178, 57, 193, 118, 119, 10, 159, 201, 188, 164, 217, 56, 194, 105, 162, 142, 126, 38, 125, 78, 207, 27, 139, 48, 108, 110, 71, 77, 100, 216, 135, 210, 76, 79, 31, 115, 138, 32, 214, 12, 130, 55, 101, 67, 37, 114, 13, 160, 218, 106, 107, 7, 28, 203, 49, 166, 175, 25, 34, 137, 190, 199, 220, 65, 95, 97, 44, 18, 163, 121, 131, 63, 147, 155, 117, 141, 133, 4, 11, 182, 61, 174, 94, 72, 51, 86, 83, 154, 17, 73, 140, 43, 186, 169, 187, 0, 3, 9, 82, 98, 90, 64, 47, 74, 45, 219, 29, 75, 191, 46, 35, 16, 144, 165, 84, 23, 148, 14, 180, 149, 185, 183, 189, 39, 128, 102, 222, 89, 202, 215, 208, 212, 41, 224, 26, 68, 172, 156, 113, 167, 70, 109, 19, 196, 168, 143, 40, 171, 91, 103, 192, 60, 111, 206, 99, 204, 36, 88, 30, 200, 59, 20, 132, 85, 69, 173, 205, 52, 179, 87, 209, 151, 81, 146, 184, 112, 53, 223, 120, 213, 15, 221, 123, 50]",58,33,21,2418.408,421,200,0.01,0.7,15
SimulatedAnnealing,T200_a0.7_i15,large_02.txt,15,200,2,7,1350,"[81, 109, 208, 14, 1, 50, 102, 213, 218, 115, 128, 131, 146, 3, 172, 33, 165, 150, 54, 214, 108, 151, 170, 221, 25, 110, 69, 56, 162, 71, 99, 167, 181, 155, 13, 91, 75, 67, 8, 137, 0, 52, 123, 18, 179, 20, 183, 188, 126, 224, 148, 41, 129, 89, 76, 192, 87, 166, 182, 31, 195, 68, 202, 7, 121, 17, 77, 27, 113, 168, 55, 175, 193, 88, 30, 26, 180, 191, 92, 138, 209, 111, 160, 12, 212, 164, 201, 187, 2, 64, 65, 152, 125, 94, 163, 80, 112, 95, 98, 70, 196, 10, 210, 4, 73, 38, 118, 47, 82, 24, 140, 207, 43, 86, 178, 219, 215, 105, 173, 5, 143, 6, 101, 120, 60, 22, 177, 49, 190, 136, 11, 36, 184, 83, 21, 72, 206, 145, 223, 9, 211, 156, 169, 222, 114, 28, 144, 134, 154, 133, 63, 141, 58, 205, 93, 189, 61, 139, 40, 39, 23, 29, 51, 159, 59, 194, 53, 74, 203, 106, 42, 117, 157, 44, 107, 198, 46, 104, 45, 142, 216, 119, 176, 62, 197, 48, 103, 78, 186, 158, 15, 122, 153, 147, 220, 185, 174, 161, 34, 84]",56,31,24,2414.507,421,200,0.01,0.7,15
SimulatedAnnealing,T200_a0.7_i15,large_02.txt,15,200,3,13,1260,"[115, 47, 188, 168, 167, 151, 120, 181, 52, 126, 62, 185, 9, 145, 216, 111, 51, 148, 206, 88, 180, 136, 217, 74, 153, 108, 223, 50, 198, 193, 1, 207, 140, 55, 73, 31, 69, 103, 96, 90, 12, 5, 200, 201, 191, 132, 85, 83, 110, 169, 156, 114, 165, 18, 172, 7, 80, 182, 159, 143, 220, 219, 77, 54, 66, 32, 102, 10, 24, 81, 147, 35, 122, 222, 208, 48, 57, 16, 177, 49, 91, 139, 173, 21, 94, 135, 218, 130, 82, 8, 112, 78, 64, 29, 59, 195, 214, 76, 23, 134, 71, 123, 93, 161, 63, 89, 99, 67, 199, 107, 95, 27, 6, 101, 166, 162, 150, 128, 129, 160, 4, 158, 186, 146, 164, 192, 13, 221, 61, 105, 65, 11, 60, 212, 175, 97, 205, 14, 0, 215, 118, 187, 106, 38, 28, 98, 183, 196, 210, 22, 125, 86, 154, 174, 75, 19, 109, 40, 119, 87, 133, 190, 202, 204, 45, 137, 36, 157, 34, 171, 141, 2, 56, 44, 142, 104, 37, 144, 117, 203, 121, 92, 116, 194, 170, 25, 124, 72, 100, 41, 179, 155, 17, 15, 84, 178, 46, 43, 3, 127]",47,33,23,2377.89,421,200,0.01,0.7,15
SimulatedAnnealing,T200_a0.7_i15,large_02.txt,15,200,4,99,1310,"[212, 106, 141, 13, 51, 128, 181, 131, 33, 85, 195, 12, 223, 7, 4, 54, 156, 3, 91, 143, 93, 82, 206, 173, 47, 126, 81, 19, 216, 200, 215, 185, 65, 29, 95, 190, 136, 130, 108, 75, 79, 197, 103, 172, 146, 160, 113, 119, 110, 28, 88, 83, 167, 42, 92, 109, 168, 18, 174, 77, 62, 35, 191, 115, 196, 84, 57, 125, 178, 102, 218, 122, 182, 44, 127, 217, 26, 155, 100, 219, 150, 56, 70, 39, 177, 165, 11, 183, 36, 53, 170, 90, 204, 86, 159, 9, 198, 10, 74, 37, 151, 8, 201, 189, 80, 46, 105, 169, 152, 149, 32, 188, 205, 43, 59, 71, 112, 72, 123, 21, 40, 147, 41, 5, 48, 153, 69, 208, 121, 24, 96, 73, 117, 94, 157, 163, 20, 186, 118, 58, 114, 133, 187, 211, 137, 140, 64, 104, 202, 214, 61, 66, 38, 67, 22, 1, 192, 55, 101, 15, 213, 135, 68, 120, 129, 89, 16, 171, 6, 194, 63, 0, 180, 138, 45, 52, 184, 99, 116, 49, 60, 158, 162, 175, 166, 222, 27, 161, 210, 31, 209, 97, 144, 14, 34, 179, 76, 145, 142, 139]",58,29,22,2382.579,421,200,0.01,0.7,15
SimulatedAnnealing,T200_a0.7_i15,large_02.txt,15,200,5,1234,1330,"[7, 63, 177, 147, 163, 53, 94, 79, 87, 44, 95, 10, 88, 213, 164, 30, 201, 73, 184, 91, 34, 111, 194, 41, 193, 75, 140, 83, 122, 200, 154, 217, 45, 9, 216, 179, 136, 158, 206, 170, 135, 78, 38, 1, 67, 12, 120, 182, 188, 84, 100, 33, 110, 103, 54, 0, 211, 60, 159, 18, 220, 215, 155, 112, 162, 101, 107, 124, 125, 2, 153, 98, 174, 173, 146, 166, 149, 190, 175, 23, 6, 212, 121, 39, 37, 65, 141, 189, 145, 32, 35, 36, 161, 157, 195, 82, 202, 59, 113, 51, 20, 224, 77, 198, 199, 15, 126, 208, 70, 119, 183, 64, 93, 165, 197, 90, 134, 115, 186, 27, 131, 8, 104, 210, 130, 214, 116, 196, 71, 128, 5, 29, 160, 127, 148, 49, 46, 106, 102, 68, 47, 76, 25, 58, 172, 187, 123, 143, 56, 99, 97, 72, 178, 89, 156, 150, 55, 180, 69, 96, 151, 114, 223, 138, 139, 185, 14, 204, 142, 176, 17, 191, 16, 168, 80, 171, 86, 108, 105, 62, 40, 92, 167, 22, 152, 13, 50, 57, 221, 132, 28, 203, 24, 219, 19, 222, 117, 144, 169, 26]",48,35,25,2404.33,421,200,0.01,0.7,15
SimulatedAnnealing,T200_a0.7_i15,large_02.txt,15,200,6,555,1360,"[7, 112, 17, 11, 20, 191, 6, 4, 146, 59, 142, 192, 132, 21, 94, 73, 166, 31, 208, 48, 23, 171, 214, 83, 71, 213, 85, 88, 37, 136, 182, 2, 115, 144, 217, 218, 211, 206, 5, 183, 95, 19, 221, 164, 155, 22, 93, 168, 175, 58, 190, 173, 145, 101, 98, 42, 128, 189, 161, 138, 63, 197, 102, 52, 122, 178, 149, 148, 176, 50, 74, 116, 114, 77, 131, 209, 141, 14, 43, 181, 120, 35, 12, 169, 195, 135, 215, 104, 57, 9, 130, 44, 224, 222, 196, 75, 137, 103, 69, 152, 87, 162, 86, 84, 193, 29, 39, 54, 198, 129, 25, 82, 76, 70, 126, 41, 62, 26, 180, 0, 158, 99, 199, 125, 159, 60, 16, 212, 53, 134, 174, 10, 154, 143, 188, 203, 47, 110, 127, 97, 202, 123, 177, 106, 55, 185, 34, 66, 223, 219, 107, 56, 92, 49, 15, 65, 201, 91, 96, 121, 165, 160, 108, 51, 40, 172, 81, 179, 1, 89, 194, 28, 72, 118, 187, 33, 111, 210, 200, 157, 32, 68, 64, 46, 139, 61, 3, 220, 205, 79, 216, 90, 109, 186, 133, 113, 207, 30, 151, 170]",60,32,22,2375.995,421,200,0.01,0.7,15
SimulatedAnnealing,T200_a0.7_i15,large_02.txt,15,200,7,321,1320,"[204, 101, 9, 75, 104, 159, 3, 105, 13, 203, 83, 116, 2, 5, 122, 134, 170, 141, 211, 65, 6, 120, 146, 21, 66, 100, 61, 215, 42, 30, 119, 81, 214, 115, 46, 129, 177, 131, 25, 174, 53, 14, 111, 59, 63, 118, 213, 50, 89, 205, 200, 209, 163, 150, 191, 15, 221, 201, 161, 127, 1, 190, 158, 60, 162, 19, 189, 149, 69, 130, 17, 157, 212, 199, 121, 138, 84, 102, 155, 210, 76, 182, 77, 108, 0, 216, 164, 106, 88, 144, 167, 95, 97, 103, 186, 188, 70, 183, 133, 175, 68, 166, 47, 49, 73, 156, 26, 154, 82, 56, 222, 193, 44, 43, 107, 143, 38, 27, 176, 74, 31, 125, 10, 179, 86, 8, 197, 185, 202, 33, 20, 132, 224, 54, 55, 217, 206, 96, 165, 124, 137, 151, 87, 11, 48, 36, 168, 80, 92, 220, 117, 192, 196, 4, 7, 140, 160, 78, 126, 99, 178, 90, 35, 198, 128, 16, 58, 93, 79, 23, 22, 109, 32, 173, 148, 62, 184, 40, 136, 195, 113, 223, 208, 45, 28, 147, 219, 29, 91, 218, 207, 180, 142, 64, 94, 52, 85, 187, 67, 72]",56,30,23,2403.433,421,200,0.01,0.7,15
SimulatedAnnealing,T200_a0.7_i15,large_02.txt,15,200,8,808,1330,"[11, 129, 213, 14, 18, 51, 217, 190, 165, 61, 68, 114, 52, 192, 209, 212, 29, 6, 53, 55, 116, 177, 207, 166, 107, 66, 178, 37, 175, 21, 224, 27, 185, 161, 12, 138, 35, 117, 20, 171, 194, 81, 72, 44, 96, 170, 67, 205, 206, 183, 54, 200, 90, 223, 76, 196, 188, 154, 115, 8, 87, 86, 3, 144, 215, 28, 197, 26, 97, 122, 120, 59, 132, 160, 78, 146, 112, 45, 125, 73, 211, 128, 56, 13, 193, 174, 69, 22, 191, 92, 189, 204, 102, 40, 222, 153, 93, 70, 184, 157, 16, 149, 62, 48, 137, 34, 143, 7, 64, 0, 202, 187, 158, 135, 147, 176, 15, 9, 60, 118, 163, 100, 172, 47, 71, 221, 103, 98, 33, 130, 105, 42, 95, 101, 119, 124, 65, 195, 41, 104, 50, 57, 43, 142, 80, 109, 25, 140, 123, 10, 1, 148, 108, 180, 199, 151, 84, 141, 131, 121, 186, 219, 136, 162, 155, 74, 150, 198, 58, 169, 208, 2, 4, 111, 83, 32, 31, 218, 167, 91, 168, 75, 216, 201, 99, 164, 152, 89, 36, 173, 49, 126, 182, 134, 139, 5, 156, 210, 77, 38]",57,28,24,2393.186,421,200,0.01,0.7,15
SimulatedAnnealing,T200_a0.7_i15,large_02.txt,15,200,9,777,1420,"[154, 83, 53, 97, 5, 93, 218, 21, 134, 179, 65, 76, 129, 146, 91, 131, 186, 123, 77, 69, 6, 80, 182, 181, 96, 160, 8, 149, 191, 79, 205, 166, 68, 101, 54, 156, 115, 124, 58, 94, 109, 111, 142, 39, 174, 216, 50, 98, 78, 84, 153, 14, 212, 211, 37, 222, 121, 82, 164, 107, 7, 24, 170, 125, 74, 18, 194, 100, 86, 70, 87, 219, 192, 33, 105, 180, 22, 46, 34, 145, 62, 27, 213, 183, 172, 189, 95, 72, 56, 66, 15, 173, 201, 116, 106, 36, 214, 171, 28, 223, 110, 127, 32, 165, 206, 35, 143, 175, 45, 19, 197, 196, 61, 198, 99, 144, 64, 139, 3, 104, 137, 44, 122, 48, 90, 47, 210, 193, 138, 159, 29, 169, 89, 207, 220, 57, 17, 130, 81, 157, 133, 132, 49, 114, 120, 141, 136, 1, 161, 12, 63, 59, 20, 38, 113, 102, 135, 224, 73, 2, 23, 177, 140, 117, 55, 147, 112, 128, 200, 60, 118, 4, 30, 25, 43, 10, 119, 204, 42, 71, 92, 148, 158, 209, 176, 75, 52, 203, 151, 168, 108, 0, 185, 215, 178, 16, 152, 155, 41, 199]",61,29,26,2367.84,421,200,0.01,0.7,15
SimulatedAnnealing,T200_a0.7_i15,large_02.txt,15,200,10,2024,1320,"[96, 67, 71, 178, 63, 2, 83, 171, 3, 135, 167, 22, 110, 128, 8, 184, 131, 146, 125, 4, 78, 17, 169, 157, 196, 139, 186, 102, 0, 76, 105, 163, 44, 108, 77, 21, 183, 91, 1, 25, 34, 57, 75, 153, 66, 47, 188, 41, 109, 132, 147, 39, 26, 148, 170, 133, 123, 103, 217, 149, 55, 5, 24, 117, 137, 223, 121, 23, 166, 219, 6, 165, 42, 101, 64, 180, 28, 10, 192, 7, 122, 95, 86, 143, 48, 69, 206, 53, 208, 45, 224, 68, 124, 136, 182, 112, 27, 18, 173, 115, 30, 187, 197, 72, 185, 14, 70, 160, 222, 155, 127, 142, 215, 116, 218, 177, 9, 54, 62, 162, 46, 99, 56, 138, 93, 74, 50, 81, 150, 164, 38, 119, 194, 61, 16, 174, 203, 193, 43, 179, 49, 210, 168, 212, 154, 113, 200, 172, 152, 90, 60, 213, 59, 214, 13, 216, 65, 144, 161, 15, 220, 106, 204, 80, 140, 199, 195, 145, 84, 156, 58, 129, 189, 85, 114, 12, 201, 207, 31, 190, 205, 126, 87, 176, 88, 82, 100, 37, 32, 35, 89, 181, 97, 107, 211, 209, 33, 158, 221, 51]",54,30,24,2422.579,421,200,0.01,0.7,15
SimulatedAnnealing,T200_a0.7_i25,large_02.txt,15,200,1,42,1240,"[122, 156, 2, 139, 45, 135, 110, 13, 178, 112, 82, 100, 95, 34, 40, 205, 161, 138, 163, 67, 164, 211, 85, 153, 102, 111, 11, 168, 194, 1, 74, 113, 152, 51, 15, 132, 96, 26, 14, 81, 143, 52, 206, 58, 198, 87, 56, 192, 94, 70, 30, 20, 65, 6, 162, 12, 75, 10, 144, 103, 217, 27, 17, 66, 193, 175, 21, 68, 24, 212, 146, 42, 60, 36, 38, 215, 46, 16, 50, 116, 182, 151, 213, 18, 160, 49, 176, 165, 204, 93, 154, 79, 133, 208, 9, 171, 121, 167, 123, 136, 91, 89, 64, 129, 179, 22, 107, 90, 119, 173, 180, 141, 97, 54, 5, 155, 8, 195, 117, 191, 43, 72, 188, 189, 106, 44, 125, 199, 218, 196, 101, 71, 76, 92, 53, 4, 185, 183, 69, 108, 61, 63, 77, 221, 7, 83, 59, 114, 210, 0, 78, 184, 39, 25, 214, 197, 134, 147, 80, 33, 142, 159, 166, 149, 222, 131, 145, 219, 84, 29, 128, 130, 47, 35, 57, 186, 55, 224, 120, 202, 105, 124, 28, 169, 62, 109, 158, 203, 148, 32, 137, 127, 86, 140, 118, 157, 181, 98, 177, 172]",49,27,24,3982.281,701,200,0.01,0.7,25
SimulatedAnnealing,T200_a0.7_i25,large_02.txt,15,200,2,7,1140,"[204, 10, 87, 8, 62, 71, 83, 86, 119, 6, 23, 136, 12, 82, 46, 153, 205, 150, 127, 74, 29, 77, 172, 138, 91, 75, 112, 93, 32, 207, 128, 59, 201, 221, 11, 191, 125, 131, 0, 173, 95, 36, 80, 88, 219, 139, 155, 117, 195, 144, 24, 217, 72, 215, 130, 14, 214, 64, 189, 137, 163, 70, 169, 16, 94, 55, 167, 7, 148, 206, 15, 174, 40, 61, 30, 106, 158, 156, 165, 210, 84, 42, 126, 198, 154, 51, 98, 180, 124, 222, 202, 152, 134, 20, 37, 79, 164, 28, 211, 212, 58, 39, 170, 4, 73, 109, 76, 115, 96, 44, 107, 193, 56, 166, 26, 41, 57, 129, 85, 213, 133, 135, 113, 146, 142, 65, 50, 22, 159, 209, 43, 13, 122, 102, 108, 19, 33, 220, 223, 9, 60, 5, 27, 132, 114, 111, 54, 2, 25, 162, 67, 160, 31, 69, 183, 185, 49, 192, 145, 184, 35, 89, 218, 52, 179, 196, 175, 182, 140, 18, 97, 53, 188, 104, 47, 199, 178, 81, 187, 48, 99, 190, 157, 203, 101, 105, 3, 208, 100, 78, 17, 90, 110, 168, 123, 224, 141, 176, 45, 66]",53,21,20,3968.487,701,200,0.01,0.7,25
SimulatedAnnealing,T200_a0.7_i25,large_02.txt,15,200,3,13,1130,"[0, 46, 167, 174, 14, 215, 22, 6, 9, 67, 63, 204, 121, 73, 102, 65, 162, 198, 78, 12, 194, 192, 206, 80, 55, 23, 57, 54, 181, 131, 13, 37, 120, 154, 114, 143, 83, 108, 203, 180, 64, 5, 200, 116, 193, 175, 85, 69, 91, 182, 24, 146, 32, 66, 172, 7, 56, 89, 87, 48, 86, 88, 82, 169, 216, 96, 19, 10, 16, 129, 145, 35, 161, 222, 191, 30, 110, 224, 209, 199, 20, 139, 26, 93, 62, 90, 53, 25, 207, 45, 124, 128, 126, 34, 70, 212, 166, 109, 44, 76, 72, 195, 184, 179, 117, 43, 168, 60, 84, 157, 101, 81, 21, 18, 42, 144, 106, 111, 163, 132, 202, 27, 68, 41, 164, 137, 149, 2, 190, 148, 51, 136, 165, 152, 40, 134, 61, 189, 113, 135, 118, 201, 197, 115, 213, 153, 183, 196, 210, 220, 31, 36, 147, 104, 33, 160, 95, 52, 105, 11, 119, 38, 170, 142, 79, 177, 58, 219, 214, 208, 221, 59, 185, 217, 77, 187, 1, 205, 176, 171, 4, 71, 122, 39, 74, 29, 186, 123, 8, 98, 15, 155, 158, 107, 127, 178, 47, 173, 100, 112]",47,24,21,3936.253,701,200,0.01,0.7,25
SimulatedAnnealing,T200_a0.7_i25,large_02.txt,15,200,4,99,1230,"[83, 192, 177, 183, 180, 1, 89, 41, 127, 148, 69, 14, 153, 5, 0, 120, 212, 3, 34, 4, 195, 164, 140, 50, 149, 56, 38, 122, 152, 136, 161, 24, 138, 51, 17, 37, 211, 181, 188, 186, 8, 115, 109, 137, 217, 223, 184, 110, 204, 99, 114, 221, 105, 11, 175, 27, 87, 13, 116, 30, 33, 82, 191, 104, 90, 193, 156, 135, 65, 124, 23, 123, 77, 142, 154, 130, 166, 94, 196, 172, 143, 189, 2, 88, 49, 205, 81, 31, 47, 129, 167, 93, 96, 139, 40, 76, 60, 43, 68, 163, 57, 218, 185, 36, 67, 198, 63, 158, 151, 71, 160, 121, 141, 174, 176, 159, 207, 25, 39, 62, 112, 155, 46, 98, 48, 59, 42, 113, 16, 22, 209, 214, 95, 29, 58, 91, 28, 20, 178, 6, 70, 53, 79, 101, 85, 162, 157, 52, 202, 73, 187, 133, 173, 9, 208, 182, 66, 146, 74, 97, 44, 18, 144, 75, 126, 134, 45, 171, 15, 194, 100, 200, 102, 170, 92, 165, 19, 145, 203, 132, 64, 80, 220, 216, 128, 179, 10, 224, 111, 78, 197, 107, 222, 118, 7, 219, 125, 213, 201, 55]",57,24,21,3963.17,701,200,0.01,0.7,25
SimulatedAnnealing,T200_a0.7_i25,large_02.txt,15,200,5,1234,1260,"[7, 160, 135, 69, 64, 66, 5, 76, 0, 95, 186, 31, 63, 14, 164, 92, 139, 208, 205, 170, 182, 61, 44, 72, 140, 179, 52, 117, 199, 189, 216, 212, 143, 81, 219, 151, 142, 30, 4, 42, 198, 77, 16, 112, 34, 73, 106, 33, 162, 70, 1, 204, 101, 110, 39, 100, 12, 19, 197, 29, 214, 181, 193, 150, 109, 8, 191, 180, 51, 40, 167, 98, 137, 177, 91, 128, 146, 173, 200, 84, 53, 74, 59, 176, 171, 9, 82, 48, 195, 125, 60, 26, 201, 155, 62, 122, 124, 38, 58, 114, 215, 159, 203, 28, 207, 132, 133, 166, 202, 2, 183, 104, 93, 15, 41, 27, 187, 54, 153, 221, 129, 141, 20, 210, 130, 21, 105, 152, 158, 175, 25, 194, 47, 174, 94, 22, 126, 169, 3, 196, 50, 120, 217, 168, 71, 190, 188, 218, 206, 87, 113, 192, 107, 185, 156, 80, 149, 18, 119, 96, 85, 111, 154, 78, 36, 161, 88, 138, 145, 49, 223, 118, 90, 6, 144, 24, 37, 108, 116, 35, 79, 102, 86, 57, 134, 13, 55, 136, 157, 10, 148, 68, 121, 224, 220, 222, 75, 56, 178, 45]",56,22,24,4025.009,701,200,0.01,0.7,25
SimulatedAnnealing,T200_a0.7_i25,large_02.txt,15,200,6,555,1170,"[203, 62, 0, 103, 115, 210, 155, 152, 18, 69, 4, 181, 120, 13, 22, 106, 70, 31, 224, 74, 119, 158, 78, 137, 208, 204, 63, 66, 139, 160, 85, 86, 177, 174, 88, 49, 180, 29, 25, 54, 95, 165, 144, 151, 27, 11, 99, 56, 111, 87, 117, 36, 223, 167, 12, 42, 150, 189, 76, 143, 157, 116, 133, 118, 7, 175, 2, 127, 206, 40, 24, 55, 147, 138, 217, 209, 184, 14, 172, 102, 153, 107, 59, 58, 195, 182, 220, 215, 185, 9, 92, 1, 97, 148, 98, 168, 161, 212, 199, 173, 45, 91, 128, 122, 149, 79, 75, 193, 196, 190, 43, 123, 17, 34, 126, 20, 16, 67, 64, 77, 154, 50, 57, 109, 163, 71, 183, 89, 101, 171, 169, 60, 52, 187, 8, 105, 164, 110, 194, 159, 222, 90, 82, 135, 38, 28, 205, 200, 3, 44, 130, 121, 125, 213, 142, 65, 51, 201, 186, 61, 10, 132, 124, 170, 113, 179, 41, 6, 33, 53, 140, 93, 81, 141, 108, 47, 156, 48, 134, 211, 96, 219, 84, 39, 35, 214, 176, 198, 37, 146, 197, 192, 202, 73, 80, 32, 112, 83, 129, 23]",50,19,24,4056.912,701,200,0.01,0.7,25
SimulatedAnnealing,T200_a0.7_i25,large_02.txt,15,200,7,321,1200,"[204, 123, 9, 47, 163, 222, 3, 38, 13, 76, 156, 221, 82, 200, 192, 216, 7, 56, 20, 124, 6, 223, 116, 219, 214, 98, 113, 215, 152, 86, 62, 169, 175, 100, 42, 119, 162, 145, 25, 27, 85, 43, 24, 79, 210, 88, 138, 72, 181, 179, 50, 134, 84, 89, 191, 16, 64, 184, 49, 11, 41, 106, 186, 81, 71, 141, 205, 149, 69, 154, 150, 2, 160, 66, 151, 130, 22, 30, 105, 180, 18, 182, 15, 65, 26, 36, 157, 95, 40, 159, 188, 12, 99, 102, 208, 217, 70, 97, 87, 118, 136, 190, 67, 1, 103, 45, 28, 166, 14, 90, 107, 8, 44, 0, 60, 187, 53, 170, 176, 93, 114, 224, 78, 101, 54, 58, 112, 206, 61, 33, 74, 132, 155, 115, 55, 193, 142, 52, 31, 198, 137, 220, 165, 177, 63, 46, 167, 29, 207, 201, 117, 19, 121, 144, 194, 108, 122, 34, 126, 39, 37, 195, 213, 174, 172, 203, 161, 197, 131, 127, 4, 168, 68, 209, 189, 129, 171, 32, 59, 139, 35, 146, 21, 48, 212, 92, 158, 173, 120, 218, 51, 111, 133, 83, 148, 185, 211, 143, 140, 125]",45,29,23,3888.624,701,200,0.01,0.7,25
SimulatedAnnealing,T200_a0.7_i25,large_02.txt,15,200,8,808,1250,"[30, 203, 134, 6, 11, 223, 217, 161, 144, 27, 152, 114, 91, 166, 80, 147, 194, 1, 209, 10, 86, 89, 22, 93, 108, 143, 20, 212, 122, 44, 128, 58, 222, 199, 118, 195, 29, 198, 18, 103, 125, 76, 133, 104, 211, 213, 94, 196, 207, 112, 169, 37, 98, 188, 175, 53, 171, 19, 119, 177, 83, 224, 154, 77, 159, 151, 96, 69, 79, 13, 172, 35, 136, 102, 208, 9, 65, 170, 141, 202, 51, 100, 124, 137, 158, 21, 81, 52, 16, 174, 56, 14, 184, 43, 0, 190, 187, 111, 157, 179, 97, 139, 87, 45, 50, 28, 8, 206, 66, 214, 109, 138, 123, 59, 42, 176, 15, 74, 145, 201, 140, 92, 131, 57, 3, 200, 39, 219, 163, 41, 78, 116, 95, 142, 49, 168, 12, 55, 191, 17, 46, 132, 189, 160, 4, 165, 60, 130, 135, 215, 204, 210, 24, 180, 67, 34, 120, 148, 64, 121, 115, 127, 164, 62, 155, 205, 36, 48, 31, 7, 186, 73, 183, 23, 192, 32, 33, 182, 193, 156, 146, 110, 126, 220, 38, 25, 2, 162, 150, 173, 117, 63, 61, 218, 40, 106, 72, 5, 153, 54]",58,23,22,3900.382,701,200,0.01,0.7,25
SimulatedAnnealing,T200_a0.7_i25,large_02.txt,15,200,9,777,1220,"[64, 1, 110, 28, 5, 187, 93, 159, 201, 21, 146, 132, 26, 104, 10, 210, 198, 3, 160, 82, 124, 176, 136, 87, 203, 97, 195, 54, 205, 129, 168, 77, 181, 143, 81, 194, 189, 38, 184, 169, 89, 22, 23, 13, 107, 6, 45, 179, 46, 133, 145, 109, 175, 69, 113, 222, 32, 150, 44, 37, 60, 216, 52, 84, 68, 27, 125, 223, 215, 164, 83, 191, 196, 7, 76, 88, 105, 47, 86, 102, 51, 154, 182, 41, 162, 149, 14, 62, 141, 114, 92, 39, 106, 167, 34, 120, 66, 127, 174, 209, 165, 55, 166, 171, 221, 17, 16, 140, 4, 207, 49, 170, 12, 173, 138, 219, 190, 35, 70, 119, 206, 193, 20, 11, 90, 43, 123, 126, 212, 78, 139, 177, 67, 53, 188, 79, 117, 0, 148, 57, 131, 186, 9, 144, 180, 197, 121, 95, 202, 158, 30, 48, 224, 142, 80, 122, 161, 59, 100, 130, 96, 213, 204, 211, 19, 200, 112, 71, 220, 29, 156, 74, 75, 2, 63, 73, 152, 24, 116, 98, 217, 15, 40, 8, 56, 31, 192, 99, 163, 218, 108, 118, 172, 153, 18, 50, 91, 137, 155, 85]",45,31,23,3853.452,701,200,0.01,0.7,25
SimulatedAnnealing,T200_a0.7_i25,large_02.txt,15,200,10,2024,1240,"[97, 30, 83, 190, 63, 11, 143, 211, 3, 38, 112, 51, 0, 144, 119, 201, 35, 146, 178, 60, 188, 192, 106, 189, 172, 22, 99, 206, 142, 88, 197, 47, 220, 116, 77, 109, 28, 108, 50, 120, 81, 31, 82, 159, 100, 175, 113, 200, 124, 221, 122, 56, 6, 24, 91, 44, 147, 1, 87, 131, 71, 224, 114, 194, 78, 135, 136, 185, 162, 37, 20, 170, 141, 127, 128, 45, 2, 10, 16, 13, 73, 139, 86, 183, 48, 70, 94, 74, 166, 40, 25, 191, 61, 176, 102, 110, 129, 105, 41, 123, 167, 75, 29, 72, 198, 134, 76, 126, 65, 151, 58, 195, 173, 174, 218, 169, 168, 54, 219, 57, 39, 68, 171, 148, 93, 79, 161, 80, 150, 132, 9, 18, 111, 26, 216, 115, 49, 140, 149, 12, 32, 67, 118, 15, 199, 8, 209, 84, 152, 90, 130, 101, 125, 212, 133, 19, 153, 202, 203, 21, 196, 164, 53, 156, 177, 205, 62, 145, 213, 42, 157, 14, 4, 85, 27, 160, 184, 207, 5, 137, 34, 104, 23, 217, 223, 210, 89, 165, 103, 208, 117, 181, 36, 107, 66, 214, 7, 158, 33, 204]",46,30,24,3924.141,701,200,0.01,0.7,25
SimulatedAnnealing,T200_a0.9_i10,large_02.txt,15,200,1,42,1090,"[122, 91, 2, 145, 176, 157, 28, 1, 58, 114, 66, 14, 110, 201, 10, 205, 161, 222, 81, 113, 221, 133, 104, 207, 87, 191, 143, 197, 194, 184, 192, 88, 138, 17, 203, 53, 166, 57, 54, 172, 164, 182, 92, 74, 67, 216, 179, 4, 218, 168, 101, 154, 129, 196, 119, 12, 147, 22, 213, 137, 52, 210, 48, 219, 39, 173, 21, 6, 149, 141, 32, 165, 121, 212, 177, 146, 55, 18, 130, 25, 3, 34, 189, 35, 163, 118, 59, 37, 142, 31, 116, 75, 178, 190, 9, 171, 158, 224, 15, 24, 51, 27, 97, 95, 64, 47, 139, 77, 105, 115, 153, 206, 223, 90, 152, 7, 106, 208, 11, 79, 76, 187, 195, 180, 108, 220, 128, 16, 13, 209, 65, 199, 159, 0, 117, 98, 36, 56, 181, 85, 156, 50, 135, 33, 211, 136, 5, 127, 162, 160, 155, 120, 193, 140, 183, 86, 111, 30, 107, 100, 73, 170, 84, 131, 125, 150, 60, 45, 44, 61, 99, 8, 202, 72, 49, 214, 188, 38, 109, 134, 43, 124, 204, 82, 62, 20, 200, 185, 148, 29, 80, 68, 40, 102, 217, 132, 93, 198, 174, 63]",46,23,20,5287.77,941,200,0.01,0.9,10
SimulatedAnnealing,T200_a0.9_i10,large_02.txt,15,200,2,7,1060,"[129, 56, 18, 134, 7, 0, 216, 13, 154, 80, 11, 127, 81, 174, 87, 12, 203, 221, 200, 107, 142, 165, 9, 62, 172, 24, 191, 65, 82, 105, 21, 122, 28, 223, 188, 157, 60, 130, 207, 76, 139, 39, 63, 47, 54, 37, 168, 119, 95, 211, 194, 162, 32, 91, 49, 6, 167, 99, 135, 123, 125, 112, 190, 148, 195, 111, 75, 27, 117, 136, 121, 77, 46, 189, 132, 59, 183, 177, 93, 180, 138, 68, 109, 150, 55, 67, 153, 197, 40, 217, 88, 202, 1, 110, 100, 218, 96, 219, 8, 199, 131, 41, 72, 5, 126, 48, 198, 115, 170, 182, 86, 186, 208, 166, 104, 78, 215, 66, 206, 213, 164, 158, 128, 29, 61, 204, 36, 89, 147, 209, 15, 35, 85, 14, 79, 64, 192, 120, 173, 4, 169, 2, 31, 175, 222, 179, 140, 210, 34, 205, 159, 141, 45, 50, 145, 161, 70, 152, 114, 23, 201, 25, 187, 149, 69, 57, 185, 184, 22, 98, 10, 163, 155, 94, 113, 73, 146, 103, 30, 156, 16, 102, 124, 71, 84, 224, 3, 51, 53, 220, 118, 108, 44, 193, 214, 144, 160, 90, 171, 43]",45,21,20,5417.879,941,200,0.01,0.9,10
SimulatedAnnealing,T200_a0.9_i10,large_02.txt,15,200,3,13,1180,"[11, 97, 148, 25, 211, 140, 188, 67, 52, 126, 115, 185, 2, 220, 153, 163, 197, 128, 90, 12, 137, 133, 30, 64, 131, 114, 167, 172, 13, 189, 142, 18, 66, 55, 159, 149, 6, 181, 0, 113, 194, 202, 105, 82, 127, 121, 38, 99, 62, 143, 48, 15, 88, 217, 19, 7, 83, 45, 154, 72, 59, 36, 37, 134, 16, 32, 147, 10, 49, 157, 4, 40, 124, 151, 101, 112, 139, 86, 216, 218, 122, 92, 61, 54, 206, 29, 222, 173, 166, 160, 81, 31, 95, 79, 5, 196, 179, 76, 213, 8, 223, 174, 119, 221, 198, 33, 144, 109, 135, 42, 155, 63, 51, 106, 116, 9, 150, 182, 21, 219, 110, 104, 186, 176, 164, 78, 205, 165, 57, 215, 23, 27, 70, 178, 191, 212, 58, 195, 158, 129, 118, 180, 26, 201, 85, 224, 204, 199, 156, 207, 28, 1, 103, 123, 94, 132, 74, 22, 203, 190, 17, 34, 73, 14, 168, 84, 102, 208, 80, 46, 117, 60, 56, 162, 108, 187, 100, 146, 171, 65, 169, 170, 107, 50, 200, 43, 75, 125, 138, 96, 136, 192, 161, 20, 145, 68, 183, 98, 3, 24]",52,22,22,5417.845,941,200,0.01,0.9,10
SimulatedAnnealing,T200_a0.9_i10,large_02.txt,15,200,4,99,1170,"[130, 155, 127, 131, 20, 58, 147, 87, 31, 150, 113, 221, 162, 5, 0, 42, 81, 3, 82, 153, 190, 137, 206, 211, 92, 65, 149, 133, 125, 124, 129, 205, 1, 207, 134, 79, 115, 107, 80, 52, 8, 141, 191, 180, 193, 39, 209, 158, 93, 50, 59, 152, 77, 68, 101, 84, 164, 210, 217, 169, 62, 90, 178, 188, 223, 202, 123, 4, 108, 182, 27, 88, 111, 177, 9, 36, 208, 187, 114, 197, 14, 41, 22, 216, 86, 15, 72, 78, 105, 136, 85, 53, 57, 146, 83, 212, 60, 154, 203, 171, 10, 157, 100, 165, 51, 70, 76, 196, 98, 43, 47, 69, 142, 37, 21, 214, 25, 102, 194, 28, 7, 132, 175, 200, 122, 12, 54, 156, 56, 118, 166, 179, 45, 74, 67, 104, 160, 6, 224, 26, 96, 32, 73, 170, 33, 204, 46, 199, 116, 64, 35, 222, 186, 112, 30, 91, 61, 161, 128, 17, 145, 24, 40, 38, 143, 139, 215, 192, 11, 218, 198, 13, 99, 120, 126, 66, 29, 163, 75, 167, 159, 109, 148, 34, 18, 219, 2, 185, 174, 48, 63, 220, 95, 106, 23, 44, 94, 176, 138, 55]",55,18,22,5263.392,941,200,0.01,0.9,10
SimulatedAnnealing,T200_a0.9_i10,large_02.txt,15,200,5,1234,1190,"[5, 126, 218, 107, 201, 200, 79, 10, 2, 183, 170, 115, 136, 152, 164, 33, 6, 83, 208, 212, 12, 185, 20, 121, 14, 3, 34, 42, 160, 61, 195, 111, 87, 30, 135, 110, 142, 182, 46, 203, 69, 144, 118, 23, 21, 162, 29, 1, 133, 213, 161, 9, 84, 45, 22, 0, 186, 103, 40, 169, 210, 32, 25, 181, 129, 120, 19, 90, 214, 194, 94, 151, 116, 128, 206, 17, 216, 8, 62, 63, 168, 51, 24, 156, 199, 64, 167, 154, 49, 89, 108, 57, 50, 39, 88, 18, 149, 153, 141, 197, 204, 119, 7, 37, 188, 155, 193, 80, 158, 81, 171, 125, 205, 224, 11, 112, 76, 109, 143, 174, 16, 223, 75, 98, 130, 172, 191, 85, 127, 106, 27, 217, 131, 48, 157, 55, 207, 67, 145, 132, 53, 123, 219, 73, 86, 95, 31, 93, 38, 43, 140, 4, 166, 101, 52, 59, 35, 96, 117, 71, 54, 165, 175, 15, 41, 211, 196, 102, 179, 176, 91, 122, 134, 77, 173, 187, 44, 137, 192, 215, 148, 138, 56, 220, 150, 47, 124, 60, 26, 28, 113, 222, 97, 66, 99, 104, 189, 178, 190, 114]",44,29,23,5290.127,941,200,0.01,0.9,10
SimulatedAnnealing,T200_a0.9_i10,large_02.txt,15,200,6,555,1060,"[202, 63, 0, 22, 10, 142, 220, 73, 156, 101, 157, 27, 160, 5, 48, 8, 120, 12, 2, 46, 23, 35, 111, 103, 6, 41, 89, 84, 180, 194, 54, 21, 68, 49, 47, 79, 45, 24, 115, 90, 70, 43, 163, 224, 191, 67, 93, 177, 185, 83, 52, 26, 215, 167, 178, 136, 110, 62, 131, 183, 108, 166, 96, 50, 214, 92, 91, 88, 206, 81, 112, 138, 161, 11, 211, 152, 58, 134, 135, 132, 219, 15, 203, 74, 33, 1, 18, 64, 139, 9, 66, 175, 127, 148, 4, 42, 3, 124, 221, 154, 216, 158, 123, 7, 117, 173, 32, 189, 17, 61, 165, 102, 76, 36, 126, 30, 200, 182, 144, 164, 133, 145, 69, 95, 223, 149, 28, 14, 53, 209, 39, 170, 199, 143, 141, 99, 188, 77, 60, 65, 105, 40, 86, 29, 174, 75, 212, 78, 19, 37, 187, 20, 114, 213, 147, 125, 51, 116, 204, 72, 109, 186, 198, 129, 113, 179, 55, 193, 130, 217, 13, 140, 106, 44, 201, 118, 218, 176, 34, 59, 197, 172, 94, 195, 38, 168, 100, 146, 205, 122, 119, 150, 181, 162, 137, 97, 207, 56, 85, 104]",53,17,18,5334.638,941,200,0.01,0.9,10
SimulatedAnnealing,T200_a0.9_i10,large_02.txt,15,200,7,321,1230,"[204, 128, 9, 126, 36, 73, 113, 28, 13, 115, 11, 194, 134, 44, 95, 42, 53, 92, 22, 64, 25, 67, 200, 168, 54, 118, 145, 215, 210, 179, 158, 151, 214, 142, 62, 193, 7, 24, 82, 58, 85, 174, 48, 166, 18, 88, 17, 171, 106, 185, 175, 72, 153, 8, 206, 59, 199, 43, 155, 220, 109, 19, 124, 60, 112, 187, 12, 149, 101, 205, 111, 172, 105, 197, 57, 184, 152, 148, 51, 180, 91, 63, 47, 65, 146, 139, 70, 192, 50, 32, 84, 75, 212, 177, 37, 217, 55, 46, 167, 198, 56, 107, 182, 1, 21, 79, 165, 159, 108, 89, 34, 78, 176, 30, 130, 143, 127, 4, 74, 181, 45, 195, 94, 29, 110, 76, 38, 23, 97, 33, 156, 27, 96, 211, 183, 133, 117, 41, 169, 178, 137, 6, 208, 218, 35, 170, 77, 188, 154, 129, 31, 132, 173, 135, 190, 125, 81, 15, 186, 131, 122, 140, 5, 160, 20, 49, 100, 216, 10, 90, 0, 14, 68, 141, 189, 52, 138, 39, 3, 221, 123, 223, 26, 191, 164, 162, 93, 103, 222, 119, 213, 121, 104, 120, 136, 99, 69, 150, 86, 66]",55,22,23,5246.009,941,200,0.01,0.9,10
SimulatedAnnealing,T200_a0.9_i10,large_02.txt,15,200,8,808,1070,"[123, 90, 91, 149, 11, 148, 69, 14, 5, 74, 175, 23, 0, 172, 127, 129, 140, 13, 1, 83, 177, 108, 152, 70, 89, 223, 25, 198, 207, 212, 27, 88, 61, 86, 80, 215, 181, 196, 220, 165, 194, 102, 163, 17, 217, 67, 122, 103, 221, 180, 32, 114, 121, 79, 143, 12, 202, 166, 95, 128, 153, 53, 57, 29, 76, 188, 120, 222, 130, 26, 24, 19, 62, 214, 138, 15, 136, 135, 38, 183, 46, 93, 118, 8, 131, 31, 98, 187, 16, 134, 145, 142, 9, 55, 10, 3, 160, 84, 21, 48, 154, 158, 184, 100, 92, 208, 156, 73, 117, 174, 203, 85, 193, 96, 157, 195, 137, 144, 104, 22, 124, 45, 54, 119, 116, 64, 60, 147, 111, 167, 182, 77, 56, 132, 58, 75, 94, 106, 176, 36, 161, 201, 133, 59, 159, 109, 52, 171, 41, 191, 186, 224, 34, 35, 50, 189, 71, 206, 18, 211, 126, 178, 139, 199, 155, 47, 33, 213, 115, 204, 37, 2, 97, 39, 65, 51, 4, 141, 170, 146, 197, 169, 110, 63, 190, 185, 82, 150, 6, 105, 20, 125, 81, 43, 173, 218, 72, 216, 112, 164]",47,22,19,5213.578,941,200,0.01,0.9,10
SimulatedAnnealing,T200_a0.9_i10,large_02.txt,15,200,9,777,1080,"[10, 11, 214, 126, 217, 41, 2, 83, 151, 4, 146, 44, 9, 53, 91, 169, 7, 208, 6, 1, 160, 72, 98, 108, 79, 58, 8, 95, 205, 116, 63, 148, 43, 92, 178, 171, 184, 74, 29, 42, 129, 17, 121, 212, 100, 219, 147, 145, 209, 33, 181, 115, 122, 195, 32, 222, 25, 174, 50, 37, 144, 198, 162, 137, 154, 31, 118, 179, 211, 82, 186, 93, 56, 120, 201, 135, 38, 111, 110, 125, 128, 189, 124, 138, 18, 65, 57, 68, 159, 141, 164, 86, 106, 47, 97, 203, 192, 81, 136, 143, 161, 206, 105, 112, 223, 139, 140, 104, 40, 49, 39, 157, 191, 77, 213, 127, 55, 176, 204, 109, 207, 84, 142, 133, 5, 52, 114, 80, 88, 113, 64, 163, 224, 13, 70, 90, 190, 96, 48, 101, 168, 87, 20, 30, 156, 173, 220, 61, 54, 155, 158, 71, 185, 103, 78, 119, 19, 59, 23, 172, 51, 182, 15, 14, 24, 194, 175, 45, 210, 73, 16, 165, 153, 0, 66, 12, 188, 180, 36, 107, 21, 167, 216, 150, 166, 75, 123, 131, 152, 117, 34, 170, 99, 215, 85, 221, 27, 89, 149, 187]",48,20,20,5286.043,941,200,0.01,0.9,10
SimulatedAnnealing,T200_a0.9_i10,large_02.txt,15,200,10,2024,1020,"[210, 196, 5, 178, 63, 33, 103, 17, 3, 85, 10, 7, 8, 58, 194, 156, 94, 0, 190, 31, 128, 52, 114, 42, 105, 20, 199, 100, 15, 152, 185, 122, 195, 168, 35, 92, 30, 157, 93, 25, 205, 65, 161, 11, 182, 153, 221, 209, 81, 219, 172, 124, 23, 148, 206, 12, 61, 1, 174, 140, 55, 77, 200, 119, 41, 32, 155, 165, 175, 73, 108, 49, 21, 74, 64, 71, 2, 121, 125, 146, 198, 91, 130, 13, 193, 133, 4, 138, 191, 6, 16, 115, 220, 215, 160, 223, 217, 109, 177, 169, 218, 112, 102, 123, 118, 142, 116, 104, 44, 145, 166, 57, 144, 162, 106, 47, 43, 126, 48, 173, 18, 181, 184, 101, 82, 87, 208, 60, 202, 167, 80, 159, 197, 141, 86, 201, 97, 183, 62, 213, 203, 143, 163, 26, 129, 171, 186, 37, 22, 96, 66, 117, 214, 164, 127, 111, 59, 75, 54, 131, 120, 88, 211, 51, 79, 95, 147, 19, 224, 14, 180, 98, 212, 27, 150, 69, 134, 53, 176, 189, 29, 204, 89, 46, 70, 135, 136, 9, 207, 187, 78, 99, 40, 107, 83, 154, 179, 67, 192, 39]",42,20,20,5422.614,941,200,0.01,0.9,10
SimulatedAnnealing,T200_a0.9_i15,large_02.txt,15,200,1,42,1100,"[30, 199, 9, 76, 151, 223, 13, 116, 8, 1, 16, 130, 66, 102, 11, 186, 105, 107, 86, 6, 20, 91, 57, 180, 5, 70, 61, 200, 179, 222, 83, 206, 27, 127, 48, 82, 29, 35, 211, 140, 143, 193, 126, 77, 182, 203, 31, 146, 145, 141, 122, 39, 84, 36, 154, 12, 23, 201, 56, 195, 69, 50, 74, 97, 33, 45, 210, 7, 100, 67, 15, 159, 120, 144, 17, 60, 92, 190, 142, 73, 96, 59, 52, 168, 213, 224, 106, 194, 169, 41, 63, 171, 128, 218, 2, 4, 123, 117, 49, 220, 183, 187, 104, 10, 216, 24, 58, 156, 129, 184, 80, 157, 196, 165, 19, 205, 118, 22, 178, 37, 124, 215, 174, 0, 113, 163, 162, 152, 192, 87, 21, 43, 137, 207, 110, 99, 209, 191, 149, 95, 139, 185, 158, 204, 78, 90, 72, 101, 103, 79, 189, 62, 112, 115, 108, 197, 71, 3, 88, 161, 46, 65, 212, 181, 125, 14, 38, 135, 75, 219, 198, 34, 138, 177, 166, 111, 131, 217, 214, 119, 173, 32, 167, 155, 47, 89, 54, 94, 55, 134, 40, 133, 26, 53, 150, 147, 18, 109, 121, 81]",46,28,18,8109.875,1411,200,0.01,0.9,15
SimulatedAnnealing,T200_a0.9_i15,large_02.txt,15,200,2,7,1120,"[208, 73, 19, 129, 14, 47, 222, 10, 23, 37, 157, 143, 138, 65, 35, 7, 191, 150, 162, 172, 69, 34, 42, 97, 133, 202, 123, 72, 78, 179, 125, 91, 159, 36, 0, 161, 199, 28, 126, 195, 132, 215, 207, 96, 181, 119, 17, 168, 163, 111, 60, 182, 50, 22, 49, 3, 21, 192, 165, 136, 92, 212, 84, 11, 211, 79, 197, 13, 146, 61, 30, 219, 175, 128, 116, 4, 101, 82, 193, 44, 134, 95, 66, 217, 16, 166, 51, 203, 216, 12, 221, 45, 48, 105, 204, 178, 31, 40, 171, 184, 93, 122, 38, 9, 200, 135, 59, 56, 131, 176, 130, 173, 18, 39, 81, 223, 100, 148, 104, 170, 103, 88, 214, 20, 77, 156, 46, 142, 118, 114, 83, 194, 1, 90, 137, 186, 86, 152, 115, 180, 187, 206, 108, 68, 124, 70, 62, 140, 53, 80, 144, 201, 218, 67, 2, 210, 164, 75, 145, 74, 149, 89, 55, 6, 220, 139, 27, 196, 94, 98, 121, 213, 107, 64, 167, 112, 224, 29, 58, 188, 205, 117, 185, 109, 174, 106, 154, 33, 189, 190, 110, 160, 155, 71, 141, 25, 32, 87, 198, 153]",48,22,21,7865.533,1411,200,0.01,0.9,15
SimulatedAnnealing,T200_a0.9_i15,large_02.txt,15,200,3,13,980,"[199, 177, 63, 62, 58, 158, 46, 26, 11, 70, 2, 185, 122, 0, 153, 34, 50, 222, 110, 106, 192, 168, 116, 73, 5, 147, 100, 71, 150, 151, 208, 78, 3, 167, 219, 87, 53, 159, 119, 197, 97, 72, 94, 194, 191, 74, 133, 160, 103, 107, 163, 162, 112, 42, 131, 8, 207, 124, 221, 154, 81, 23, 141, 83, 20, 171, 120, 144, 111, 69, 45, 149, 143, 28, 188, 140, 91, 148, 186, 51, 40, 128, 54, 164, 187, 77, 30, 17, 117, 4, 85, 105, 12, 203, 43, 190, 44, 21, 22, 67, 15, 130, 60, 33, 174, 25, 108, 102, 173, 37, 68, 214, 66, 196, 205, 49, 217, 132, 189, 135, 76, 211, 125, 212, 157, 146, 101, 178, 59, 19, 38, 14, 79, 7, 31, 98, 218, 182, 204, 93, 206, 104, 200, 55, 145, 65, 209, 47, 86, 109, 32, 166, 80, 198, 90, 215, 96, 9, 210, 13, 36, 156, 170, 137, 39, 75, 89, 176, 129, 61, 52, 10, 95, 180, 27, 88, 161, 195, 118, 138, 172, 126, 181, 35, 6, 41, 184, 201, 142, 213, 18, 136, 165, 84, 115, 220, 114, 1, 152, 169]",38,16,22,7893.835,1411,200,0.01,0.9,15
SimulatedAnnealing,T200_a0.9_i15,large_02.txt,15,200,4,99,1110,"[221, 205, 178, 209, 216, 45, 114, 131, 38, 118, 19, 219, 12, 1, 171, 9, 7, 72, 34, 60, 74, 159, 174, 193, 69, 51, 162, 113, 61, 71, 122, 20, 166, 28, 54, 173, 218, 55, 0, 92, 29, 140, 223, 88, 191, 132, 172, 66, 165, 206, 27, 16, 155, 126, 154, 109, 73, 87, 207, 187, 105, 160, 120, 158, 86, 10, 85, 8, 214, 201, 63, 180, 83, 102, 35, 110, 37, 213, 95, 56, 136, 176, 197, 79, 91, 26, 156, 78, 41, 148, 36, 31, 6, 195, 117, 128, 90, 144, 210, 44, 107, 64, 94, 182, 53, 204, 143, 190, 52, 14, 89, 134, 145, 58, 50, 138, 112, 192, 217, 23, 100, 42, 121, 47, 21, 151, 200, 70, 43, 99, 186, 101, 212, 146, 133, 203, 22, 135, 141, 208, 106, 40, 183, 48, 175, 32, 81, 179, 5, 68, 215, 153, 149, 139, 111, 164, 96, 129, 189, 184, 25, 84, 57, 30, 97, 104, 119, 116, 137, 13, 220, 123, 152, 2, 65, 11, 202, 77, 75, 222, 170, 3, 169, 224, 62, 194, 168, 185, 142, 93, 199, 82, 167, 188, 124, 24, 18, 80, 4, 211]",49,16,23,7873.011,1411,200,0.01,0.9,15
SimulatedAnnealing,T200_a0.9_i15,large_02.txt,15,200,5,1234,940,"[7, 154, 169, 8, 147, 4, 43, 79, 141, 41, 115, 3, 138, 35, 51, 6, 48, 14, 20, 13, 187, 188, 57, 46, 207, 24, 191, 202, 83, 58, 145, 197, 29, 167, 184, 62, 153, 10, 23, 124, 189, 217, 74, 210, 224, 211, 90, 205, 118, 61, 190, 56, 96, 150, 183, 2, 84, 177, 86, 165, 49, 215, 92, 219, 181, 67, 213, 117, 34, 135, 15, 155, 206, 11, 91, 80, 158, 36, 186, 161, 176, 66, 44, 39, 105, 45, 19, 1, 40, 113, 156, 163, 214, 125, 174, 221, 134, 179, 60, 99, 89, 223, 88, 0, 208, 97, 126, 64, 27, 47, 100, 203, 162, 32, 12, 31, 114, 185, 140, 166, 42, 112, 200, 152, 130, 110, 82, 68, 146, 201, 199, 175, 136, 212, 69, 149, 196, 103, 102, 159, 123, 9, 204, 54, 77, 193, 104, 94, 121, 198, 132, 171, 53, 173, 76, 16, 50, 25, 119, 195, 178, 78, 170, 182, 107, 131, 127, 180, 85, 71, 65, 5, 108, 59, 220, 216, 37, 101, 151, 142, 106, 75, 111, 73, 109, 70, 63, 209, 157, 87, 95, 38, 128, 139, 93, 18, 122, 30, 133, 144]",40,20,17,8082.776,1411,200,0.01,0.9,15
SimulatedAnnealing,T200_a0.9_i15,large_02.txt,15,200,6,555,970,"[14, 172, 54, 184, 194, 178, 107, 5, 15, 159, 3, 169, 8, 10, 2, 69, 143, 58, 96, 130, 38, 90, 77, 18, 164, 161, 129, 176, 173, 49, 87, 152, 33, 126, 191, 46, 224, 211, 42, 219, 95, 202, 84, 36, 60, 31, 187, 102, 163, 25, 32, 4, 193, 121, 149, 162, 223, 91, 35, 19, 204, 141, 48, 137, 221, 61, 117, 1, 82, 165, 66, 111, 29, 217, 186, 192, 171, 144, 122, 22, 222, 125, 216, 105, 212, 116, 183, 93, 147, 9, 67, 119, 75, 127, 43, 113, 145, 109, 64, 215, 207, 26, 39, 70, 160, 182, 199, 146, 30, 40, 21, 118, 179, 86, 103, 74, 47, 148, 76, 17, 133, 11, 131, 123, 97, 151, 62, 175, 23, 6, 34, 115, 134, 210, 98, 195, 140, 65, 209, 52, 205, 155, 158, 150, 50, 153, 92, 56, 208, 214, 100, 135, 174, 68, 71, 85, 189, 104, 78, 72, 181, 44, 200, 180, 81, 167, 203, 51, 168, 99, 106, 0, 80, 142, 120, 45, 114, 24, 188, 206, 198, 13, 170, 196, 154, 20, 157, 139, 220, 132, 177, 63, 112, 79, 89, 185, 28, 7, 213, 201]",36,23,19,8000.865,1411,200,0.01,0.9,15
SimulatedAnnealing,T200_a0.9_i15,large_02.txt,15,200,7,321,1040,"[160, 131, 106, 68, 85, 210, 3, 29, 8, 176, 202, 197, 184, 4, 82, 88, 39, 2, 11, 9, 219, 47, 115, 221, 7, 42, 5, 181, 213, 45, 146, 130, 101, 111, 136, 200, 173, 114, 32, 128, 182, 57, 156, 79, 189, 71, 183, 144, 179, 14, 20, 48, 169, 150, 81, 157, 175, 194, 50, 155, 89, 161, 118, 6, 123, 73, 15, 208, 55, 113, 33, 141, 151, 35, 139, 43, 124, 132, 94, 96, 17, 69, 80, 65, 13, 220, 168, 211, 126, 60, 91, 30, 167, 196, 83, 174, 53, 51, 191, 61, 170, 206, 27, 1, 105, 90, 116, 0, 108, 46, 207, 67, 109, 199, 217, 204, 41, 78, 52, 216, 36, 127, 84, 76, 125, 133, 214, 180, 177, 37, 103, 112, 185, 129, 137, 149, 64, 143, 16, 163, 187, 49, 164, 95, 154, 10, 100, 215, 171, 110, 121, 190, 66, 70, 140, 209, 152, 147, 198, 92, 153, 138, 72, 24, 120, 99, 18, 223, 224, 19, 201, 21, 188, 87, 117, 59, 165, 98, 186, 62, 38, 119, 26, 166, 142, 102, 34, 178, 12, 28, 44, 148, 134, 218, 158, 222, 104, 192, 40, 122]",47,15,21,7884.486,1411,200,0.01,0.9,15
SimulatedAnnealing,T200_a0.9_i15,large_02.txt,15,200,8,808,990,"[17, 8, 179, 69, 133, 144, 1, 75, 142, 2, 214, 177, 13, 11, 26, 206, 197, 7, 204, 158, 47, 109, 0, 176, 30, 72, 52, 117, 99, 199, 134, 110, 216, 211, 188, 145, 14, 178, 137, 174, 200, 36, 209, 112, 97, 76, 129, 54, 106, 104, 19, 212, 190, 81, 83, 125, 146, 107, 67, 121, 20, 93, 55, 207, 90, 50, 213, 10, 130, 193, 16, 87, 71, 168, 205, 63, 28, 202, 108, 89, 103, 151, 15, 195, 184, 182, 154, 34, 18, 82, 96, 95, 56, 198, 43, 3, 170, 70, 166, 105, 185, 58, 39, 98, 115, 9, 101, 73, 218, 165, 131, 147, 51, 100, 31, 135, 175, 24, 27, 46, 138, 60, 74, 111, 127, 38, 35, 223, 25, 113, 141, 196, 128, 4, 192, 68, 181, 172, 29, 191, 42, 94, 33, 79, 148, 44, 173, 77, 186, 66, 59, 167, 222, 116, 169, 189, 140, 64, 187, 48, 208, 149, 88, 118, 155, 22, 114, 102, 120, 221, 150, 139, 6, 91, 152, 32, 153, 210, 57, 159, 163, 143, 61, 224, 171, 123, 122, 86, 41, 45, 85, 12, 203, 84, 180, 132, 156, 40, 219, 161]",46,11,21,7821.356,1411,200,0.01,0.9,15
SimulatedAnnealing,T200_a0.9_i15,large_02.txt,15,200,9,777,1050,"[182, 197, 133, 84, 5, 9, 112, 97, 175, 73, 85, 19, 10, 6, 91, 62, 221, 211, 190, 1, 67, 93, 119, 138, 168, 207, 89, 155, 202, 104, 87, 107, 83, 165, 214, 70, 126, 94, 184, 120, 189, 64, 46, 161, 210, 29, 45, 150, 132, 224, 144, 109, 196, 139, 52, 222, 54, 219, 148, 99, 32, 71, 185, 198, 223, 26, 42, 81, 194, 11, 141, 8, 171, 105, 78, 57, 192, 215, 199, 121, 200, 48, 106, 220, 76, 172, 31, 59, 160, 162, 13, 103, 195, 15, 204, 38, 142, 122, 58, 95, 191, 41, 134, 2, 96, 208, 47, 111, 193, 164, 40, 51, 205, 43, 116, 130, 158, 216, 16, 69, 44, 146, 36, 35, 61, 4, 30, 137, 90, 7, 25, 128, 206, 212, 79, 218, 18, 145, 153, 101, 28, 173, 131, 21, 169, 129, 110, 203, 17, 154, 113, 124, 127, 53, 217, 186, 143, 170, 157, 135, 63, 98, 68, 37, 77, 136, 125, 177, 22, 24, 118, 3, 156, 0, 188, 149, 187, 163, 181, 166, 34, 180, 114, 39, 178, 115, 12, 152, 33, 55, 108, 147, 179, 117, 74, 159, 60, 140, 75, 27]",49,16,20,7861.92,1411,200,0.01,0.9,15
SimulatedAnnealing,T200_a0.9_i15,large_02.txt,15,200,10,2024,960,"[27, 16, 14, 1, 101, 6, 214, 188, 205, 104, 224, 2, 0, 4, 117, 109, 119, 189, 133, 10, 107, 169, 33, 37, 17, 160, 158, 130, 178, 100, 200, 137, 145, 164, 156, 45, 90, 144, 60, 40, 147, 5, 146, 151, 106, 209, 221, 152, 153, 202, 177, 161, 148, 52, 194, 11, 150, 131, 43, 15, 138, 110, 92, 159, 190, 85, 111, 142, 223, 215, 105, 140, 167, 216, 91, 80, 207, 89, 196, 81, 72, 163, 185, 28, 180, 186, 38, 170, 127, 191, 68, 175, 39, 13, 206, 30, 166, 31, 34, 65, 199, 197, 125, 3, 171, 49, 143, 87, 165, 135, 66, 98, 48, 112, 75, 129, 208, 124, 201, 97, 184, 41, 76, 36, 154, 210, 79, 192, 173, 22, 176, 67, 134, 57, 96, 25, 102, 8, 195, 94, 168, 50, 157, 77, 78, 218, 26, 71, 59, 69, 220, 93, 74, 183, 141, 99, 149, 47, 198, 63, 120, 179, 88, 19, 222, 128, 193, 126, 162, 108, 212, 44, 211, 136, 155, 174, 21, 83, 121, 58, 132, 122, 118, 20, 64, 203, 7, 115, 181, 172, 204, 9, 86, 213, 12, 61, 54, 219, 73, 103]",43,17,18,7860.504,1411,200,0.01,0.9,15
SimulatedAnnealing,T200_a0.9_i25,large_02.txt,15,200,1,42,900,"[78, 137, 5, 8, 104, 83, 72, 147, 64, 139, 97, 94, 17, 13, 52, 20, 202, 132, 113, 7, 141, 62, 190, 119, 42, 189, 136, 73, 58, 27, 142, 211, 116, 101, 194, 124, 185, 197, 125, 213, 38, 108, 87, 182, 199, 66, 105, 221, 81, 171, 93, 165, 179, 6, 223, 14, 186, 9, 51, 25, 45, 168, 177, 212, 34, 76, 68, 150, 67, 100, 48, 130, 145, 208, 214, 33, 84, 218, 40, 80, 169, 196, 140, 144, 106, 180, 47, 176, 133, 192, 107, 148, 49, 205, 0, 158, 114, 122, 206, 184, 75, 102, 65, 1, 209, 118, 69, 44, 74, 174, 46, 164, 193, 162, 159, 126, 60, 112, 191, 188, 71, 219, 207, 224, 61, 19, 29, 217, 201, 28, 121, 15, 50, 26, 127, 138, 30, 31, 111, 86, 90, 155, 220, 172, 11, 160, 18, 10, 146, 110, 175, 187, 154, 134, 4, 92, 59, 210, 99, 200, 109, 166, 173, 88, 89, 204, 149, 55, 153, 70, 157, 2, 36, 178, 123, 12, 43, 56, 39, 35, 98, 82, 161, 152, 163, 195, 3, 120, 22, 198, 215, 53, 129, 131, 181, 128, 37, 41, 23, 216]",35,17,19,13180.126,2351,200,0.01,0.9,25
SimulatedAnnealing,T200_a0.9_i25,large_02.txt,15,200,2,7,810,"[147, 2, 102, 10, 1, 118, 58, 13, 42, 135, 7, 12, 35, 187, 8, 117, 60, 160, 11, 16, 208, 55, 38, 59, 128, 207, 41, 43, 134, 120, 194, 71, 114, 209, 82, 201, 66, 64, 17, 170, 169, 79, 150, 19, 166, 202, 218, 193, 125, 89, 113, 191, 212, 84, 136, 5, 22, 32, 18, 179, 181, 156, 76, 144, 184, 167, 124, 200, 142, 139, 141, 100, 94, 52, 104, 96, 44, 172, 87, 34, 20, 107, 199, 132, 90, 177, 210, 151, 143, 91, 192, 121, 197, 165, 6, 220, 24, 137, 108, 46, 196, 206, 92, 77, 51, 171, 213, 15, 182, 74, 129, 61, 176, 70, 83, 222, 98, 188, 78, 36, 67, 63, 106, 72, 105, 45, 205, 216, 27, 68, 162, 80, 186, 153, 152, 155, 221, 65, 62, 54, 28, 224, 81, 86, 131, 56, 31, 214, 119, 145, 164, 109, 195, 47, 168, 123, 14, 40, 99, 33, 122, 3, 133, 93, 183, 112, 154, 88, 215, 126, 26, 50, 158, 140, 189, 149, 48, 21, 190, 9, 110, 198, 175, 161, 23, 116, 4, 204, 29, 174, 173, 49, 217, 130, 223, 163, 75, 0, 211, 180]",37,10,17,13312.325,2351,200,0.01,0.9,25
SimulatedAnnealing,T200_a0.9_i25,large_02.txt,15,200,3,13,880,"[10, 146, 1, 209, 79, 160, 60, 205, 27, 42, 144, 3, 4, 7, 155, 21, 142, 168, 5, 34, 116, 121, 217, 66, 141, 132, 210, 71, 58, 151, 203, 32, 67, 181, 40, 197, 123, 153, 63, 101, 128, 36, 175, 65, 93, 13, 85, 152, 167, 15, 223, 148, 20, 109, 195, 0, 77, 61, 110, 56, 33, 95, 186, 118, 43, 104, 198, 69, 114, 76, 221, 215, 55, 176, 112, 171, 139, 108, 68, 208, 177, 138, 39, 22, 170, 26, 86, 220, 107, 206, 140, 78, 159, 164, 2, 147, 97, 74, 211, 199, 127, 119, 99, 184, 165, 162, 25, 35, 145, 92, 207, 31, 18, 81, 12, 194, 130, 216, 219, 201, 96, 190, 44, 70, 131, 180, 179, 62, 158, 117, 84, 204, 6, 178, 57, 212, 183, 196, 115, 19, 100, 49, 135, 143, 133, 213, 161, 8, 90, 166, 37, 14, 174, 72, 50, 224, 105, 122, 172, 102, 137, 51, 214, 59, 98, 24, 28, 45, 188, 218, 169, 53, 111, 38, 200, 47, 193, 173, 154, 157, 150, 75, 156, 136, 16, 125, 9, 134, 106, 222, 163, 88, 185, 192, 82, 182, 17, 187, 129, 29]",38,12,19,13200.1,2351,200,0.01,0.9,25
SimulatedAnnealing,T200_a0.9_i25,large_02.txt,15,200,4,99,990,"[56, 4, 3, 47, 36, 69, 200, 126, 16, 2, 207, 13, 102, 8, 7, 114, 43, 133, 165, 177, 68, 35, 9, 209, 111, 51, 30, 128, 205, 220, 176, 17, 173, 154, 23, 92, 27, 202, 65, 159, 168, 199, 14, 115, 116, 62, 224, 125, 121, 213, 188, 109, 196, 107, 100, 10, 73, 203, 131, 34, 151, 148, 147, 143, 60, 117, 190, 38, 197, 127, 82, 187, 204, 44, 164, 169, 6, 95, 167, 105, 96, 194, 172, 119, 138, 185, 145, 20, 175, 106, 158, 191, 146, 63, 22, 219, 52, 103, 218, 11, 180, 153, 64, 101, 104, 25, 195, 58, 149, 87, 184, 79, 1, 162, 15, 217, 193, 97, 71, 174, 18, 40, 161, 157, 212, 74, 46, 75, 134, 72, 90, 155, 137, 45, 192, 129, 183, 139, 120, 123, 208, 86, 152, 19, 76, 215, 221, 61, 181, 93, 136, 135, 53, 91, 85, 216, 222, 98, 37, 132, 166, 81, 66, 178, 210, 84, 24, 33, 124, 77, 112, 5, 54, 140, 21, 201, 206, 113, 70, 223, 198, 211, 144, 189, 163, 41, 12, 89, 160, 0, 78, 50, 49, 32, 55, 171, 150, 99, 182, 141]",46,15,19,13237.078,2351,200,0.01,0.9,25
SimulatedAnnealing,T200_a0.9_i25,large_02.txt,15,200,5,1234,820,"[7, 38, 2, 4, 9, 211, 170, 102, 10, 76, 218, 62, 68, 46, 3, 77, 75, 87, 5, 6, 60, 72, 220, 135, 55, 43, 210, 171, 21, 104, 96, 142, 106, 132, 73, 161, 133, 193, 224, 190, 182, 108, 82, 159, 127, 65, 199, 103, 191, 175, 207, 208, 128, 117, 16, 71, 160, 15, 203, 49, 115, 169, 177, 178, 150, 41, 140, 1, 213, 31, 141, 67, 26, 176, 42, 139, 200, 138, 151, 35, 209, 47, 107, 173, 198, 30, 156, 17, 125, 44, 124, 85, 212, 61, 154, 81, 181, 13, 54, 147, 165, 162, 48, 33, 204, 45, 121, 205, 214, 172, 70, 206, 20, 112, 185, 120, 167, 188, 130, 129, 66, 78, 84, 11, 25, 14, 195, 53, 153, 119, 97, 222, 57, 39, 114, 59, 80, 143, 40, 123, 27, 23, 32, 69, 34, 79, 91, 186, 180, 192, 116, 202, 37, 136, 223, 110, 219, 92, 29, 94, 24, 99, 155, 19, 157, 56, 105, 126, 18, 89, 134, 0, 166, 149, 36, 131, 179, 101, 196, 145, 183, 113, 52, 152, 95, 189, 12, 164, 168, 51, 74, 194, 111, 83, 144, 216, 215, 90, 28, 122]",33,15,17,13110.491,2351,200,0.01,0.9,25
SimulatedAnnealing,T200_a0.9_i25,large_02.txt,15,200,6,555,910,"[159, 13, 154, 194, 10, 208, 128, 68, 203, 156, 207, 2, 45, 178, 0, 72, 12, 75, 4, 26, 3, 174, 25, 155, 23, 204, 43, 100, 89, 86, 164, 218, 120, 21, 59, 88, 183, 195, 71, 147, 217, 65, 176, 145, 85, 181, 197, 219, 40, 129, 157, 98, 137, 60, 151, 105, 125, 189, 66, 115, 51, 6, 22, 136, 5, 134, 177, 168, 109, 143, 144, 91, 104, 11, 124, 87, 216, 172, 15, 170, 150, 62, 220, 8, 200, 119, 173, 57, 33, 7, 160, 83, 214, 39, 9, 165, 192, 96, 141, 48, 188, 186, 132, 14, 187, 126, 95, 77, 202, 37, 61, 18, 209, 112, 149, 161, 107, 41, 169, 101, 185, 30, 24, 138, 215, 210, 55, 27, 90, 166, 58, 49, 212, 70, 146, 199, 108, 114, 113, 20, 213, 133, 80, 28, 31, 67, 198, 179, 206, 69, 171, 175, 50, 131, 92, 53, 223, 148, 84, 224, 153, 140, 184, 46, 32, 93, 167, 16, 42, 142, 56, 94, 110, 162, 190, 205, 116, 79, 103, 193, 191, 201, 82, 135, 196, 152, 19, 34, 122, 182, 139, 63, 38, 81, 180, 117, 221, 73, 123, 35]",41,14,18,13061.682,2351,200,0.01,0.9,25
SimulatedAnnealing,T200_a0.9_i25,large_02.txt,15,200,7,321,860,"[75, 9, 74, 152, 189, 201, 21, 36, 44, 207, 6, 145, 14, 5, 163, 2, 10, 171, 13, 22, 168, 174, 67, 164, 209, 60, 213, 71, 214, 146, 51, 27, 123, 59, 91, 167, 86, 206, 94, 78, 203, 53, 68, 134, 190, 31, 81, 15, 38, 0, 117, 129, 112, 115, 116, 184, 73, 104, 48, 135, 121, 69, 119, 72, 56, 102, 87, 12, 139, 28, 40, 198, 90, 109, 222, 205, 63, 131, 224, 200, 204, 99, 160, 132, 219, 37, 191, 64, 106, 3, 18, 88, 25, 157, 172, 137, 111, 127, 185, 175, 216, 42, 82, 1, 66, 166, 113, 85, 107, 49, 195, 79, 52, 39, 89, 143, 215, 221, 151, 61, 155, 211, 192, 33, 96, 17, 158, 149, 16, 57, 8, 179, 217, 41, 34, 118, 197, 30, 20, 180, 7, 193, 124, 210, 84, 83, 133, 159, 97, 170, 92, 223, 54, 182, 208, 147, 154, 65, 169, 125, 50, 101, 76, 114, 150, 105, 45, 29, 165, 23, 108, 11, 218, 173, 186, 47, 120, 177, 187, 95, 24, 202, 80, 58, 188, 156, 4, 55, 196, 194, 70, 161, 122, 141, 103, 77, 93, 35, 136, 19]",34,20,16,13285.122,2351,200,0.01,0.9,25
SimulatedAnnealing,T200_a0.9_i25,large_02.txt,15,200,8,808,890,"[207, 1, 2, 194, 11, 118, 14, 70, 188, 191, 156, 67, 32, 28, 187, 134, 26, 5, 100, 197, 0, 80, 123, 82, 50, 60, 89, 127, 55, 132, 120, 103, 35, 62, 41, 94, 214, 128, 163, 46, 116, 205, 196, 61, 56, 198, 170, 216, 96, 168, 8, 147, 114, 125, 192, 71, 189, 47, 162, 113, 76, 215, 206, 81, 117, 145, 15, 95, 69, 39, 122, 65, 36, 165, 171, 63, 133, 79, 146, 143, 52, 73, 200, 91, 155, 139, 218, 104, 148, 10, 64, 21, 84, 149, 212, 23, 142, 129, 34, 75, 184, 106, 164, 7, 140, 45, 144, 112, 185, 105, 74, 109, 160, 180, 110, 16, 219, 6, 20, 182, 54, 161, 97, 19, 202, 152, 217, 30, 213, 209, 42, 25, 85, 31, 141, 87, 90, 222, 17, 177, 53, 179, 150, 49, 208, 159, 72, 3, 86, 136, 153, 166, 158, 154, 157, 193, 173, 195, 92, 37, 167, 29, 88, 211, 119, 131, 102, 13, 130, 27, 124, 93, 172, 43, 78, 221, 77, 33, 201, 186, 203, 115, 199, 4, 48, 175, 12, 59, 98, 57, 111, 138, 135, 107, 178, 223, 101, 51, 99, 9]",36,13,20,13015.958,2351,200,0.01,0.9,25
SimulatedAnnealing,T200_a0.9_i25,large_02.txt,15,200,9,777,850,"[14, 15, 186, 3, 7, 29, 5, 177, 4, 59, 41, 113, 119, 166, 168, 173, 124, 0, 161, 141, 180, 90, 109, 56, 71, 38, 32, 31, 67, 92, 219, 204, 165, 20, 132, 80, 115, 40, 97, 138, 120, 65, 98, 133, 193, 116, 153, 21, 47, 123, 17, 167, 156, 174, 45, 197, 28, 202, 190, 213, 176, 214, 125, 91, 112, 93, 70, 12, 160, 131, 11, 154, 76, 75, 221, 51, 148, 27, 215, 105, 185, 158, 108, 18, 207, 74, 178, 16, 159, 144, 157, 60, 26, 184, 1, 81, 163, 203, 152, 46, 210, 118, 199, 10, 198, 150, 73, 24, 222, 195, 63, 101, 103, 211, 187, 194, 134, 48, 36, 55, 42, 104, 171, 151, 127, 30, 79, 95, 66, 170, 146, 43, 188, 37, 106, 72, 182, 102, 135, 129, 149, 181, 196, 137, 34, 140, 130, 2, 164, 217, 218, 110, 82, 172, 96, 205, 69, 145, 6, 62, 84, 39, 122, 107, 179, 57, 169, 53, 64, 192, 52, 8, 162, 13, 128, 99, 23, 183, 121, 189, 208, 19, 147, 139, 111, 224, 9, 49, 126, 200, 212, 216, 201, 77, 220, 35, 85, 83, 142, 88]",34,17,17,13338.109,2351,200,0.01,0.9,25
SimulatedAnnealing,T200_a0.9_i25,large_02.txt,15,200,10,2024,1000,"[0, 33, 83, 218, 106, 11, 170, 192, 5, 84, 6, 220, 68, 42, 75, 85, 26, 219, 7, 1, 133, 108, 203, 187, 47, 17, 99, 134, 142, 62, 90, 135, 148, 12, 217, 185, 184, 88, 201, 139, 76, 48, 96, 23, 49, 126, 9, 193, 105, 51, 58, 210, 124, 214, 102, 172, 175, 79, 199, 152, 36, 40, 72, 87, 24, 41, 107, 8, 205, 136, 153, 20, 181, 13, 128, 198, 77, 182, 213, 59, 151, 67, 56, 50, 116, 28, 125, 97, 91, 73, 197, 109, 113, 45, 204, 120, 189, 154, 32, 18, 130, 221, 53, 14, 171, 149, 169, 177, 215, 146, 111, 223, 66, 224, 183, 163, 61, 15, 208, 200, 46, 166, 112, 55, 138, 212, 63, 156, 29, 168, 70, 2, 31, 158, 206, 160, 194, 71, 211, 93, 174, 69, 222, 81, 100, 118, 52, 196, 25, 89, 137, 173, 98, 195, 39, 119, 188, 78, 190, 4, 19, 147, 127, 54, 123, 101, 167, 207, 35, 95, 145, 38, 37, 34, 30, 150, 60, 117, 180, 186, 114, 10, 141, 27, 143, 140, 216, 122, 115, 65, 64, 191, 155, 103, 131, 209, 57, 44, 92, 179]",37,25,19,13291.229,2351,200,0.01,0.9,25
